"Loan ID","Member ID","Member Name","Loan Date","Original Loan","Monthly Rate","Term (Months)","Jan Opening","Jan EMI","Jan Interest","Jan Principal","Jan Closing","Feb Opening","Feb EMI","Feb Interest","Feb Principal","Feb Closing","Mar Opening","Mar EMI","Mar Interest","Mar Principal","Mar Closing","Apr Opening","Apr EMI","Apr Interest","Apr Principal","Apr Closing","May Opening","May EMI","May Interest","May Principal","May Closing","Jun Opening","Jun EMI","Jun Interest","Jun Principal","Jun Closing","Jul Opening","Jul EMI","Jul Interest","Jul Principal","Jul Closing","Aug Opening","Aug EMI","Aug Interest","Aug Principal","Aug Closing","Sep Opening","Sep EMI","Sep Interest","Sep Principal","Sep Closing","Oct Opening","Oct EMI","Oct Interest","Oct Principal","Oct Closing","Nov Opening","Nov EMI","Nov Interest","Nov Principal","Nov Closing","Dec Opening","Dec EMI","Dec Interest","Dec Principal","Dec Closing"
"=IF(B2="""","""",""LN""&TEXT(ROW()-1,""000""))","","=IFERROR(VLOOKUP(B2,Members!$B$2:$C$31,2,FALSE),"""")","","","=Settings!$B$10","","=IF(E2="""","""",E2)","=IF(OR(H2="""",G2<=0),"""",IFERROR(-PMT(F2,G2,E2),0))","=IF(H2="""","""",H2*F2)","=IF(I2="""","""",MIN(H2,MAX(I2-J2,0)))","=IF(H2="""","""",MAX(H2-K2,0))","=IF(L2="""","""",L2)","=IF(OR(M2="""",G2<=0),"""",IFERROR(-PMT(F2,G2,E2),0))","=IF(M2="""","""",M2*F2)","=IF(N2="""","""",MIN(M2,MAX(N2-O2,0)))","=IF(M2="""","""",MAX(M2-P2,0))","=IF(Q2="""","""",Q2)","=IF(OR(R2="""",G2<=0),"""",IFERROR(-PMT(F2,G2,E2),0))","=IF(R2="""","""",R2*F2)","=IF(S2="""","""",MIN(R2,MAX(S2-T2,0)))","=IF(R2="""","""",MAX(R2-U2,0))","=IF(V2="""","""",V2)","=IF(OR(W2="""",G2<=0),"""",IFERROR(-PMT(F2,G2,E2),0))","=IF(W2="""","""",W2*F2)","=IF(X2="""","""",MIN(W2,MAX(X2-Y2,0)))","=IF(W2="""","""",MAX(W2-Z2,0))","=IF(AA2="""","""",AA2)","=IF(OR(AB2="""",G2<=0),"""",IFERROR(-PMT(F2,G2,E2),0))","=IF(AB2="""","""",AB2*F2)","=IF(AC2="""","""",MIN(AB2,MAX(AC2-AD2,0)))","=IF(AB2="""","""",MAX(AB2-AE2,0))","=IF(AF2="""","""",AF2)","=IF(OR(AG2="""",G2<=0),"""",IFERROR(-PMT(F2,G2,E2),0))","=IF(AG2="""","""",AG2*F2)","=IF(AH2="""","""",MIN(AG2,MAX(AH2-AI2,0)))","=IF(AG2="""","""",MAX(AG2-AJ2,0))","=IF(AK2="""","""",AK2)","=IF(OR(AL2="""",G2<=0),"""",IFERROR(-PMT(F2,G2,E2),0))","=IF(AL2="""","""",AL2*F2)","=IF(AM2="""","""",MIN(AL2,MAX(AM2-AN2,0)))","=IF(AL2="""","""",MAX(AL2-AO2,0))","=IF(AP2="""","""",AP2)","=IF(OR(AQ2="""",G2<=0),"""",IFERROR(-PMT(F2,G2,E2),0))","=IF(AQ2="""","""",AQ2*F2)","=IF(AR2="""","""",MIN(AQ2,MAX(AR2-AS2,0)))","=IF(AQ2="""","""",MAX(AQ2-AT2,0))","=IF(AU2="""","""",AU2)","=IF(OR(AV2="""",G2<=0),"""",IFERROR(-PMT(F2,G2,E2),0))","=IF(AV2="""","""",AV2*F2)","=IF(AW2="""","""",MIN(AV2,MAX(AW2-AX2,0)))","=IF(AV2="""","""",MAX(AV2-AY2,0))","=IF(AZ2="""","""",AZ2)","=IF(OR(BA2="""",G2<=0),"""",IFERROR(-PMT(F2,G2,E2),0))","=IF(BA2="""","""",BA2*F2)","=IF(BB2="""","""",MIN(BA2,MAX(BB2-BC2,0)))","=IF(BA2="""","""",MAX(BA2-BD2,0))","=IF(BE2="""","""",BE2)","=IF(OR(BF2="""",G2<=0),"""",IFERROR(-PMT(F2,G2,E2),0))","=IF(BF2="""","""",BF2*F2)","=IF(BG2="""","""",MIN(BF2,MAX(BG2-BH2,0)))","=IF(BF2="""","""",MAX(BF2-BI2,0))","=IF(BJ2="""","""",BJ2)","=IF(OR(BK2="""",G2<=0),"""",IFERROR(-PMT(F2,G2,E2),0))","=IF(BK2="""","""",BK2*F2)","=IF(BL2="""","""",MIN(BK2,MAX(BL2-BM2,0)))","=IF(BK2="""","""",MAX(BK2-BN2,0))"
"=IF(B3="""","""",""LN""&TEXT(ROW()-1,""000""))","","=IFERROR(VLOOKUP(B3,Members!$B$2:$C$31,2,FALSE),"""")","","","=Settings!$B$10","","=IF(E3="""","""",E3)","=IF(OR(H3="""",G3<=0),"""",IFERROR(-PMT(F3,G3,E3),0))","=IF(H3="""","""",H3*F3)","=IF(I3="""","""",MIN(H3,MAX(I3-J3,0)))","=IF(H3="""","""",MAX(H3-K3,0))","=IF(L3="""","""",L3)","=IF(OR(M3="""",G3<=0),"""",IFERROR(-PMT(F3,G3,E3),0))","=IF(M3="""","""",M3*F3)","=IF(N3="""","""",MIN(M3,MAX(N3-O3,0)))","=IF(M3="""","""",MAX(M3-P3,0))","=IF(Q3="""","""",Q3)","=IF(OR(R3="""",G3<=0),"""",IFERROR(-PMT(F3,G3,E3),0))","=IF(R3="""","""",R3*F3)","=IF(S3="""","""",MIN(R3,MAX(S3-T3,0)))","=IF(R3="""","""",MAX(R3-U3,0))","=IF(V3="""","""",V3)","=IF(OR(W3="""",G3<=0),"""",IFERROR(-PMT(F3,G3,E3),0))","=IF(W3="""","""",W3*F3)","=IF(X3="""","""",MIN(W3,MAX(X3-Y3,0)))","=IF(W3="""","""",MAX(W3-Z3,0))","=IF(AA3="""","""",AA3)","=IF(OR(AB3="""",G3<=0),"""",IFERROR(-PMT(F3,G3,E3),0))","=IF(AB3="""","""",AB3*F3)","=IF(AC3="""","""",MIN(AB3,MAX(AC3-AD3,0)))","=IF(AB3="""","""",MAX(AB3-AE3,0))","=IF(AF3="""","""",AF3)","=IF(OR(AG3="""",G3<=0),"""",IFERROR(-PMT(F3,G3,E3),0))","=IF(AG3="""","""",AG3*F3)","=IF(AH3="""","""",MIN(AG3,MAX(AH3-AI3,0)))","=IF(AG3="""","""",MAX(AG3-AJ3,0))","=IF(AK3="""","""",AK3)","=IF(OR(AL3="""",G3<=0),"""",IFERROR(-PMT(F3,G3,E3),0))","=IF(AL3="""","""",AL3*F3)","=IF(AM3="""","""",MIN(AL3,MAX(AM3-AN3,0)))","=IF(AL3="""","""",MAX(AL3-AO3,0))","=IF(AP3="""","""",AP3)","=IF(OR(AQ3="""",G3<=0),"""",IFERROR(-PMT(F3,G3,E3),0))","=IF(AQ3="""","""",AQ3*F3)","=IF(AR3="""","""",MIN(AQ3,MAX(AR3-AS3,0)))","=IF(AQ3="""","""",MAX(AQ3-AT3,0))","=IF(AU3="""","""",AU3)","=IF(OR(AV3="""",G3<=0),"""",IFERROR(-PMT(F3,G3,E3),0))","=IF(AV3="""","""",AV3*F3)","=IF(AW3="""","""",MIN(AV3,MAX(AW3-AX3,0)))","=IF(AV3="""","""",MAX(AV3-AY3,0))","=IF(AZ3="""","""",AZ3)","=IF(OR(BA3="""",G3<=0),"""",IFERROR(-PMT(F3,G3,E3),0))","=IF(BA3="""","""",BA3*F3)","=IF(BB3="""","""",MIN(BA3,MAX(BB3-BC3,0)))","=IF(BA3="""","""",MAX(BA3-BD3,0))","=IF(BE3="""","""",BE3)","=IF(OR(BF3="""",G3<=0),"""",IFERROR(-PMT(F3,G3,E3),0))","=IF(BF3="""","""",BF3*F3)","=IF(BG3="""","""",MIN(BF3,MAX(BG3-BH3,0)))","=IF(BF3="""","""",MAX(BF3-BI3,0))","=IF(BJ3="""","""",BJ3)","=IF(OR(BK3="""",G3<=0),"""",IFERROR(-PMT(F3,G3,E3),0))","=IF(BK3="""","""",BK3*F3)","=IF(BL3="""","""",MIN(BK3,MAX(BL3-BM3,0)))","=IF(BK3="""","""",MAX(BK3-BN3,0))"
"=IF(B4="""","""",""LN""&TEXT(ROW()-1,""000""))","","=IFERROR(VLOOKUP(B4,Members!$B$2:$C$31,2,FALSE),"""")","","","=Settings!$B$10","","=IF(E4="""","""",E4)","=IF(OR(H4="""",G4<=0),"""",IFERROR(-PMT(F4,G4,E4),0))","=IF(H4="""","""",H4*F4)","=IF(I4="""","""",MIN(H4,MAX(I4-J4,0)))","=IF(H4="""","""",MAX(H4-K4,0))","=IF(L4="""","""",L4)","=IF(OR(M4="""",G4<=0),"""",IFERROR(-PMT(F4,G4,E4),0))","=IF(M4="""","""",M4*F4)","=IF(N4="""","""",MIN(M4,MAX(N4-O4,0)))","=IF(M4="""","""",MAX(M4-P4,0))","=IF(Q4="""","""",Q4)","=IF(OR(R4="""",G4<=0),"""",IFERROR(-PMT(F4,G4,E4),0))","=IF(R4="""","""",R4*F4)","=IF(S4="""","""",MIN(R4,MAX(S4-T4,0)))","=IF(R4="""","""",MAX(R4-U4,0))","=IF(V4="""","""",V4)","=IF(OR(W4="""",G4<=0),"""",IFERROR(-PMT(F4,G4,E4),0))","=IF(W4="""","""",W4*F4)","=IF(X4="""","""",MIN(W4,MAX(X4-Y4,0)))","=IF(W4="""","""",MAX(W4-Z4,0))","=IF(AA4="""","""",AA4)","=IF(OR(AB4="""",G4<=0),"""",IFERROR(-PMT(F4,G4,E4),0))","=IF(AB4="""","""",AB4*F4)","=IF(AC4="""","""",MIN(AB4,MAX(AC4-AD4,0)))","=IF(AB4="""","""",MAX(AB4-AE4,0))","=IF(AF4="""","""",AF4)","=IF(OR(AG4="""",G4<=0),"""",IFERROR(-PMT(F4,G4,E4),0))","=IF(AG4="""","""",AG4*F4)","=IF(AH4="""","""",MIN(AG4,MAX(AH4-AI4,0)))","=IF(AG4="""","""",MAX(AG4-AJ4,0))","=IF(AK4="""","""",AK4)","=IF(OR(AL4="""",G4<=0),"""",IFERROR(-PMT(F4,G4,E4),0))","=IF(AL4="""","""",AL4*F4)","=IF(AM4="""","""",MIN(AL4,MAX(AM4-AN4,0)))","=IF(AL4="""","""",MAX(AL4-AO4,0))","=IF(AP4="""","""",AP4)","=IF(OR(AQ4="""",G4<=0),"""",IFERROR(-PMT(F4,G4,E4),0))","=IF(AQ4="""","""",AQ4*F4)","=IF(AR4="""","""",MIN(AQ4,MAX(AR4-AS4,0)))","=IF(AQ4="""","""",MAX(AQ4-AT4,0))","=IF(AU4="""","""",AU4)","=IF(OR(AV4="""",G4<=0),"""",IFERROR(-PMT(F4,G4,E4),0))","=IF(AV4="""","""",AV4*F4)","=IF(AW4="""","""",MIN(AV4,MAX(AW4-AX4,0)))","=IF(AV4="""","""",MAX(AV4-AY4,0))","=IF(AZ4="""","""",AZ4)","=IF(OR(BA4="""",G4<=0),"""",IFERROR(-PMT(F4,G4,E4),0))","=IF(BA4="""","""",BA4*F4)","=IF(BB4="""","""",MIN(BA4,MAX(BB4-BC4,0)))","=IF(BA4="""","""",MAX(BA4-BD4,0))","=IF(BE4="""","""",BE4)","=IF(OR(BF4="""",G4<=0),"""",IFERROR(-PMT(F4,G4,E4),0))","=IF(BF4="""","""",BF4*F4)","=IF(BG4="""","""",MIN(BF4,MAX(BG4-BH4,0)))","=IF(BF4="""","""",MAX(BF4-BI4,0))","=IF(BJ4="""","""",BJ4)","=IF(OR(BK4="""",G4<=0),"""",IFERROR(-PMT(F4,G4,E4),0))","=IF(BK4="""","""",BK4*F4)","=IF(BL4="""","""",MIN(BK4,MAX(BL4-BM4,0)))","=IF(BK4="""","""",MAX(BK4-BN4,0))"
"=IF(B5="""","""",""LN""&TEXT(ROW()-1,""000""))","","=IFERROR(VLOOKUP(B5,Members!$B$2:$C$31,2,FALSE),"""")","","","=Settings!$B$10","","=IF(E5="""","""",E5)","=IF(OR(H5="""",G5<=0),"""",IFERROR(-PMT(F5,G5,E5),0))","=IF(H5="""","""",H5*F5)","=IF(I5="""","""",MIN(H5,MAX(I5-J5,0)))","=IF(H5="""","""",MAX(H5-K5,0))","=IF(L5="""","""",L5)","=IF(OR(M5="""",G5<=0),"""",IFERROR(-PMT(F5,G5,E5),0))","=IF(M5="""","""",M5*F5)","=IF(N5="""","""",MIN(M5,MAX(N5-O5,0)))","=IF(M5="""","""",MAX(M5-P5,0))","=IF(Q5="""","""",Q5)","=IF(OR(R5="""",G5<=0),"""",IFERROR(-PMT(F5,G5,E5),0))","=IF(R5="""","""",R5*F5)","=IF(S5="""","""",MIN(R5,MAX(S5-T5,0)))","=IF(R5="""","""",MAX(R5-U5,0))","=IF(V5="""","""",V5)","=IF(OR(W5="""",G5<=0),"""",IFERROR(-PMT(F5,G5,E5),0))","=IF(W5="""","""",W5*F5)","=IF(X5="""","""",MIN(W5,MAX(X5-Y5,0)))","=IF(W5="""","""",MAX(W5-Z5,0))","=IF(AA5="""","""",AA5)","=IF(OR(AB5="""",G5<=0),"""",IFERROR(-PMT(F5,G5,E5),0))","=IF(AB5="""","""",AB5*F5)","=IF(AC5="""","""",MIN(AB5,MAX(AC5-AD5,0)))","=IF(AB5="""","""",MAX(AB5-AE5,0))","=IF(AF5="""","""",AF5)","=IF(OR(AG5="""",G5<=0),"""",IFERROR(-PMT(F5,G5,E5),0))","=IF(AG5="""","""",AG5*F5)","=IF(AH5="""","""",MIN(AG5,MAX(AH5-AI5,0)))","=IF(AG5="""","""",MAX(AG5-AJ5,0))","=IF(AK5="""","""",AK5)","=IF(OR(AL5="""",G5<=0),"""",IFERROR(-PMT(F5,G5,E5),0))","=IF(AL5="""","""",AL5*F5)","=IF(AM5="""","""",MIN(AL5,MAX(AM5-AN5,0)))","=IF(AL5="""","""",MAX(AL5-AO5,0))","=IF(AP5="""","""",AP5)","=IF(OR(AQ5="""",G5<=0),"""",IFERROR(-PMT(F5,G5,E5),0))","=IF(AQ5="""","""",AQ5*F5)","=IF(AR5="""","""",MIN(AQ5,MAX(AR5-AS5,0)))","=IF(AQ5="""","""",MAX(AQ5-AT5,0))","=IF(AU5="""","""",AU5)","=IF(OR(AV5="""",G5<=0),"""",IFERROR(-PMT(F5,G5,E5),0))","=IF(AV5="""","""",AV5*F5)","=IF(AW5="""","""",MIN(AV5,MAX(AW5-AX5,0)))","=IF(AV5="""","""",MAX(AV5-AY5,0))","=IF(AZ5="""","""",AZ5)","=IF(OR(BA5="""",G5<=0),"""",IFERROR(-PMT(F5,G5,E5),0))","=IF(BA5="""","""",BA5*F5)","=IF(BB5="""","""",MIN(BA5,MAX(BB5-BC5,0)))","=IF(BA5="""","""",MAX(BA5-BD5,0))","=IF(BE5="""","""",BE5)","=IF(OR(BF5="""",G5<=0),"""",IFERROR(-PMT(F5,G5,E5),0))","=IF(BF5="""","""",BF5*F5)","=IF(BG5="""","""",MIN(BF5,MAX(BG5-BH5,0)))","=IF(BF5="""","""",MAX(BF5-BI5,0))","=IF(BJ5="""","""",BJ5)","=IF(OR(BK5="""",G5<=0),"""",IFERROR(-PMT(F5,G5,E5),0))","=IF(BK5="""","""",BK5*F5)","=IF(BL5="""","""",MIN(BK5,MAX(BL5-BM5,0)))","=IF(BK5="""","""",MAX(BK5-BN5,0))"
"=IF(B6="""","""",""LN""&TEXT(ROW()-1,""000""))","","=IFERROR(VLOOKUP(B6,Members!$B$2:$C$31,2,FALSE),"""")","","","=Settings!$B$10","","=IF(E6="""","""",E6)","=IF(OR(H6="""",G6<=0),"""",IFERROR(-PMT(F6,G6,E6),0))","=IF(H6="""","""",H6*F6)","=IF(I6="""","""",MIN(H6,MAX(I6-J6,0)))","=IF(H6="""","""",MAX(H6-K6,0))","=IF(L6="""","""",L6)","=IF(OR(M6="""",G6<=0),"""",IFERROR(-PMT(F6,G6,E6),0))","=IF(M6="""","""",M6*F6)","=IF(N6="""","""",MIN(M6,MAX(N6-O6,0)))","=IF(M6="""","""",MAX(M6-P6,0))","=IF(Q6="""","""",Q6)","=IF(OR(R6="""",G6<=0),"""",IFERROR(-PMT(F6,G6,E6),0))","=IF(R6="""","""",R6*F6)","=IF(S6="""","""",MIN(R6,MAX(S6-T6,0)))","=IF(R6="""","""",MAX(R6-U6,0))","=IF(V6="""","""",V6)","=IF(OR(W6="""",G6<=0),"""",IFERROR(-PMT(F6,G6,E6),0))","=IF(W6="""","""",W6*F6)","=IF(X6="""","""",MIN(W6,MAX(X6-Y6,0)))","=IF(W6="""","""",MAX(W6-Z6,0))","=IF(AA6="""","""",AA6)","=IF(OR(AB6="""",G6<=0),"""",IFERROR(-PMT(F6,G6,E6),0))","=IF(AB6="""","""",AB6*F6)","=IF(AC6="""","""",MIN(AB6,MAX(AC6-AD6,0)))","=IF(AB6="""","""",MAX(AB6-AE6,0))","=IF(AF6="""","""",AF6)","=IF(OR(AG6="""",G6<=0),"""",IFERROR(-PMT(F6,G6,E6),0))","=IF(AG6="""","""",AG6*F6)","=IF(AH6="""","""",MIN(AG6,MAX(AH6-AI6,0)))","=IF(AG6="""","""",MAX(AG6-AJ6,0))","=IF(AK6="""","""",AK6)","=IF(OR(AL6="""",G6<=0),"""",IFERROR(-PMT(F6,G6,E6),0))","=IF(AL6="""","""",AL6*F6)","=IF(AM6="""","""",MIN(AL6,MAX(AM6-AN6,0)))","=IF(AL6="""","""",MAX(AL6-AO6,0))","=IF(AP6="""","""",AP6)","=IF(OR(AQ6="""",G6<=0),"""",IFERROR(-PMT(F6,G6,E6),0))","=IF(AQ6="""","""",AQ6*F6)","=IF(AR6="""","""",MIN(AQ6,MAX(AR6-AS6,0)))","=IF(AQ6="""","""",MAX(AQ6-AT6,0))","=IF(AU6="""","""",AU6)","=IF(OR(AV6="""",G6<=0),"""",IFERROR(-PMT(F6,G6,E6),0))","=IF(AV6="""","""",AV6*F6)","=IF(AW6="""","""",MIN(AV6,MAX(AW6-AX6,0)))","=IF(AV6="""","""",MAX(AV6-AY6,0))","=IF(AZ6="""","""",AZ6)","=IF(OR(BA6="""",G6<=0),"""",IFERROR(-PMT(F6,G6,E6),0))","=IF(BA6="""","""",BA6*F6)","=IF(BB6="""","""",MIN(BA6,MAX(BB6-BC6,0)))","=IF(BA6="""","""",MAX(BA6-BD6,0))","=IF(BE6="""","""",BE6)","=IF(OR(BF6="""",G6<=0),"""",IFERROR(-PMT(F6,G6,E6),0))","=IF(BF6="""","""",BF6*F6)","=IF(BG6="""","""",MIN(BF6,MAX(BG6-BH6,0)))","=IF(BF6="""","""",MAX(BF6-BI6,0))","=IF(BJ6="""","""",BJ6)","=IF(OR(BK6="""",G6<=0),"""",IFERROR(-PMT(F6,G6,E6),0))","=IF(BK6="""","""",BK6*F6)","=IF(BL6="""","""",MIN(BK6,MAX(BL6-BM6,0)))","=IF(BK6="""","""",MAX(BK6-BN6,0))"
"=IF(B7="""","""",""LN""&TEXT(ROW()-1,""000""))","","=IFERROR(VLOOKUP(B7,Members!$B$2:$C$31,2,FALSE),"""")","","","=Settings!$B$10","","=IF(E7="""","""",E7)","=IF(OR(H7="""",G7<=0),"""",IFERROR(-PMT(F7,G7,E7),0))","=IF(H7="""","""",H7*F7)","=IF(I7="""","""",MIN(H7,MAX(I7-J7,0)))","=IF(H7="""","""",MAX(H7-K7,0))","=IF(L7="""","""",L7)","=IF(OR(M7="""",G7<=0),"""",IFERROR(-PMT(F7,G7,E7),0))","=IF(M7="""","""",M7*F7)","=IF(N7="""","""",MIN(M7,MAX(N7-O7,0)))","=IF(M7="""","""",MAX(M7-P7,0))","=IF(Q7="""","""",Q7)","=IF(OR(R7="""",G7<=0),"""",IFERROR(-PMT(F7,G7,E7),0))","=IF(R7="""","""",R7*F7)","=IF(S7="""","""",MIN(R7,MAX(S7-T7,0)))","=IF(R7="""","""",MAX(R7-U7,0))","=IF(V7="""","""",V7)","=IF(OR(W7="""",G7<=0),"""",IFERROR(-PMT(F7,G7,E7),0))","=IF(W7="""","""",W7*F7)","=IF(X7="""","""",MIN(W7,MAX(X7-Y7,0)))","=IF(W7="""","""",MAX(W7-Z7,0))","=IF(AA7="""","""",AA7)","=IF(OR(AB7="""",G7<=0),"""",IFERROR(-PMT(F7,G7,E7),0))","=IF(AB7="""","""",AB7*F7)","=IF(AC7="""","""",MIN(AB7,MAX(AC7-AD7,0)))","=IF(AB7="""","""",MAX(AB7-AE7,0))","=IF(AF7="""","""",AF7)","=IF(OR(AG7="""",G7<=0),"""",IFERROR(-PMT(F7,G7,E7),0))","=IF(AG7="""","""",AG7*F7)","=IF(AH7="""","""",MIN(AG7,MAX(AH7-AI7,0)))","=IF(AG7="""","""",MAX(AG7-AJ7,0))","=IF(AK7="""","""",AK7)","=IF(OR(AL7="""",G7<=0),"""",IFERROR(-PMT(F7,G7,E7),0))","=IF(AL7="""","""",AL7*F7)","=IF(AM7="""","""",MIN(AL7,MAX(AM7-AN7,0)))","=IF(AL7="""","""",MAX(AL7-AO7,0))","=IF(AP7="""","""",AP7)","=IF(OR(AQ7="""",G7<=0),"""",IFERROR(-PMT(F7,G7,E7),0))","=IF(AQ7="""","""",AQ7*F7)","=IF(AR7="""","""",MIN(AQ7,MAX(AR7-AS7,0)))","=IF(AQ7="""","""",MAX(AQ7-AT7,0))","=IF(AU7="""","""",AU7)","=IF(OR(AV7="""",G7<=0),"""",IFERROR(-PMT(F7,G7,E7),0))","=IF(AV7="""","""",AV7*F7)","=IF(AW7="""","""",MIN(AV7,MAX(AW7-AX7,0)))","=IF(AV7="""","""",MAX(AV7-AY7,0))","=IF(AZ7="""","""",AZ7)","=IF(OR(BA7="""",G7<=0),"""",IFERROR(-PMT(F7,G7,E7),0))","=IF(BA7="""","""",BA7*F7)","=IF(BB7="""","""",MIN(BA7,MAX(BB7-BC7,0)))","=IF(BA7="""","""",MAX(BA7-BD7,0))","=IF(BE7="""","""",BE7)","=IF(OR(BF7="""",G7<=0),"""",IFERROR(-PMT(F7,G7,E7),0))","=IF(BF7="""","""",BF7*F7)","=IF(BG7="""","""",MIN(BF7,MAX(BG7-BH7,0)))","=IF(BF7="""","""",MAX(BF7-BI7,0))","=IF(BJ7="""","""",BJ7)","=IF(OR(BK7="""",G7<=0),"""",IFERROR(-PMT(F7,G7,E7),0))","=IF(BK7="""","""",BK7*F7)","=IF(BL7="""","""",MIN(BK7,MAX(BL7-BM7,0)))","=IF(BK7="""","""",MAX(BK7-BN7,0))"
"=IF(B8="""","""",""LN""&TEXT(ROW()-1,""000""))","","=IFERROR(VLOOKUP(B8,Members!$B$2:$C$31,2,FALSE),"""")","","","=Settings!$B$10","","=IF(E8="""","""",E8)","=IF(OR(H8="""",G8<=0),"""",IFERROR(-PMT(F8,G8,E8),0))","=IF(H8="""","""",H8*F8)","=IF(I8="""","""",MIN(H8,MAX(I8-J8,0)))","=IF(H8="""","""",MAX(H8-K8,0))","=IF(L8="""","""",L8)","=IF(OR(M8="""",G8<=0),"""",IFERROR(-PMT(F8,G8,E8),0))","=IF(M8="""","""",M8*F8)","=IF(N8="""","""",MIN(M8,MAX(N8-O8,0)))","=IF(M8="""","""",MAX(M8-P8,0))","=IF(Q8="""","""",Q8)","=IF(OR(R8="""",G8<=0),"""",IFERROR(-PMT(F8,G8,E8),0))","=IF(R8="""","""",R8*F8)","=IF(S8="""","""",MIN(R8,MAX(S8-T8,0)))","=IF(R8="""","""",MAX(R8-U8,0))","=IF(V8="""","""",V8)","=IF(OR(W8="""",G8<=0),"""",IFERROR(-PMT(F8,G8,E8),0))","=IF(W8="""","""",W8*F8)","=IF(X8="""","""",MIN(W8,MAX(X8-Y8,0)))","=IF(W8="""","""",MAX(W8-Z8,0))","=IF(AA8="""","""",AA8)","=IF(OR(AB8="""",G8<=0),"""",IFERROR(-PMT(F8,G8,E8),0))","=IF(AB8="""","""",AB8*F8)","=IF(AC8="""","""",MIN(AB8,MAX(AC8-AD8,0)))","=IF(AB8="""","""",MAX(AB8-AE8,0))","=IF(AF8="""","""",AF8)","=IF(OR(AG8="""",G8<=0),"""",IFERROR(-PMT(F8,G8,E8),0))","=IF(AG8="""","""",AG8*F8)","=IF(AH8="""","""",MIN(AG8,MAX(AH8-AI8,0)))","=IF(AG8="""","""",MAX(AG8-AJ8,0))","=IF(AK8="""","""",AK8)","=IF(OR(AL8="""",G8<=0),"""",IFERROR(-PMT(F8,G8,E8),0))","=IF(AL8="""","""",AL8*F8)","=IF(AM8="""","""",MIN(AL8,MAX(AM8-AN8,0)))","=IF(AL8="""","""",MAX(AL8-AO8,0))","=IF(AP8="""","""",AP8)","=IF(OR(AQ8="""",G8<=0),"""",IFERROR(-PMT(F8,G8,E8),0))","=IF(AQ8="""","""",AQ8*F8)","=IF(AR8="""","""",MIN(AQ8,MAX(AR8-AS8,0)))","=IF(AQ8="""","""",MAX(AQ8-AT8,0))","=IF(AU8="""","""",AU8)","=IF(OR(AV8="""",G8<=0),"""",IFERROR(-PMT(F8,G8,E8),0))","=IF(AV8="""","""",AV8*F8)","=IF(AW8="""","""",MIN(AV8,MAX(AW8-AX8,0)))","=IF(AV8="""","""",MAX(AV8-AY8,0))","=IF(AZ8="""","""",AZ8)","=IF(OR(BA8="""",G8<=0),"""",IFERROR(-PMT(F8,G8,E8),0))","=IF(BA8="""","""",BA8*F8)","=IF(BB8="""","""",MIN(BA8,MAX(BB8-BC8,0)))","=IF(BA8="""","""",MAX(BA8-BD8,0))","=IF(BE8="""","""",BE8)","=IF(OR(BF8="""",G8<=0),"""",IFERROR(-PMT(F8,G8,E8),0))","=IF(BF8="""","""",BF8*F8)","=IF(BG8="""","""",MIN(BF8,MAX(BG8-BH8,0)))","=IF(BF8="""","""",MAX(BF8-BI8,0))","=IF(BJ8="""","""",BJ8)","=IF(OR(BK8="""",G8<=0),"""",IFERROR(-PMT(F8,G8,E8),0))","=IF(BK8="""","""",BK8*F8)","=IF(BL8="""","""",MIN(BK8,MAX(BL8-BM8,0)))","=IF(BK8="""","""",MAX(BK8-BN8,0))"
"=IF(B9="""","""",""LN""&TEXT(ROW()-1,""000""))","","=IFERROR(VLOOKUP(B9,Members!$B$2:$C$31,2,FALSE),"""")","","","=Settings!$B$10","","=IF(E9="""","""",E9)","=IF(OR(H9="""",G9<=0),"""",IFERROR(-PMT(F9,G9,E9),0))","=IF(H9="""","""",H9*F9)","=IF(I9="""","""",MIN(H9,MAX(I9-J9,0)))","=IF(H9="""","""",MAX(H9-K9,0))","=IF(L9="""","""",L9)","=IF(OR(M9="""",G9<=0),"""",IFERROR(-PMT(F9,G9,E9),0))","=IF(M9="""","""",M9*F9)","=IF(N9="""","""",MIN(M9,MAX(N9-O9,0)))","=IF(M9="""","""",MAX(M9-P9,0))","=IF(Q9="""","""",Q9)","=IF(OR(R9="""",G9<=0),"""",IFERROR(-PMT(F9,G9,E9),0))","=IF(R9="""","""",R9*F9)","=IF(S9="""","""",MIN(R9,MAX(S9-T9,0)))","=IF(R9="""","""",MAX(R9-U9,0))","=IF(V9="""","""",V9)","=IF(OR(W9="""",G9<=0),"""",IFERROR(-PMT(F9,G9,E9),0))","=IF(W9="""","""",W9*F9)","=IF(X9="""","""",MIN(W9,MAX(X9-Y9,0)))","=IF(W9="""","""",MAX(W9-Z9,0))","=IF(AA9="""","""",AA9)","=IF(OR(AB9="""",G9<=0),"""",IFERROR(-PMT(F9,G9,E9),0))","=IF(AB9="""","""",AB9*F9)","=IF(AC9="""","""",MIN(AB9,MAX(AC9-AD9,0)))","=IF(AB9="""","""",MAX(AB9-AE9,0))","=IF(AF9="""","""",AF9)","=IF(OR(AG9="""",G9<=0),"""",IFERROR(-PMT(F9,G9,E9),0))","=IF(AG9="""","""",AG9*F9)","=IF(AH9="""","""",MIN(AG9,MAX(AH9-AI9,0)))","=IF(AG9="""","""",MAX(AG9-AJ9,0))","=IF(AK9="""","""",AK9)","=IF(OR(AL9="""",G9<=0),"""",IFERROR(-PMT(F9,G9,E9),0))","=IF(AL9="""","""",AL9*F9)","=IF(AM9="""","""",MIN(AL9,MAX(AM9-AN9,0)))","=IF(AL9="""","""",MAX(AL9-AO9,0))","=IF(AP9="""","""",AP9)","=IF(OR(AQ9="""",G9<=0),"""",IFERROR(-PMT(F9,G9,E9),0))","=IF(AQ9="""","""",AQ9*F9)","=IF(AR9="""","""",MIN(AQ9,MAX(AR9-AS9,0)))","=IF(AQ9="""","""",MAX(AQ9-AT9,0))","=IF(AU9="""","""",AU9)","=IF(OR(AV9="""",G9<=0),"""",IFERROR(-PMT(F9,G9,E9),0))","=IF(AV9="""","""",AV9*F9)","=IF(AW9="""","""",MIN(AV9,MAX(AW9-AX9,0)))","=IF(AV9="""","""",MAX(AV9-AY9,0))","=IF(AZ9="""","""",AZ9)","=IF(OR(BA9="""",G9<=0),"""",IFERROR(-PMT(F9,G9,E9),0))","=IF(BA9="""","""",BA9*F9)","=IF(BB9="""","""",MIN(BA9,MAX(BB9-BC9,0)))","=IF(BA9="""","""",MAX(BA9-BD9,0))","=IF(BE9="""","""",BE9)","=IF(OR(BF9="""",G9<=0),"""",IFERROR(-PMT(F9,G9,E9),0))","=IF(BF9="""","""",BF9*F9)","=IF(BG9="""","""",MIN(BF9,MAX(BG9-BH9,0)))","=IF(BF9="""","""",MAX(BF9-BI9,0))","=IF(BJ9="""","""",BJ9)","=IF(OR(BK9="""",G9<=0),"""",IFERROR(-PMT(F9,G9,E9),0))","=IF(BK9="""","""",BK9*F9)","=IF(BL9="""","""",MIN(BK9,MAX(BL9-BM9,0)))","=IF(BK9="""","""",MAX(BK9-BN9,0))"
"=IF(B10="""","""",""LN""&TEXT(ROW()-1,""000""))","","=IFERROR(VLOOKUP(B10,Members!$B$2:$C$31,2,FALSE),"""")","","","=Settings!$B$10","","=IF(E10="""","""",E10)","=IF(OR(H10="""",G10<=0),"""",IFERROR(-PMT(F10,G10,E10),0))","=IF(H10="""","""",H10*F10)","=IF(I10="""","""",MIN(H10,MAX(I10-J10,0)))","=IF(H10="""","""",MAX(H10-K10,0))","=IF(L10="""","""",L10)","=IF(OR(M10="""",G10<=0),"""",IFERROR(-PMT(F10,G10,E10),0))","=IF(M10="""","""",M10*F10)","=IF(N10="""","""",MIN(M10,MAX(N10-O10,0)))","=IF(M10="""","""",MAX(M10-P10,0))","=IF(Q10="""","""",Q10)","=IF(OR(R10="""",G10<=0),"""",IFERROR(-PMT(F10,G10,E10),0))","=IF(R10="""","""",R10*F10)","=IF(S10="""","""",MIN(R10,MAX(S10-T10,0)))","=IF(R10="""","""",MAX(R10-U10,0))","=IF(V10="""","""",V10)","=IF(OR(W10="""",G10<=0),"""",IFERROR(-PMT(F10,G10,E10),0))","=IF(W10="""","""",W10*F10)","=IF(X10="""","""",MIN(W10,MAX(X10-Y10,0)))","=IF(W10="""","""",MAX(W10-Z10,0))","=IF(AA10="""","""",AA10)","=IF(OR(AB10="""",G10<=0),"""",IFERROR(-PMT(F10,G10,E10),0))","=IF(AB10="""","""",AB10*F10)","=IF(AC10="""","""",MIN(AB10,MAX(AC10-AD10,0)))","=IF(AB10="""","""",MAX(AB10-AE10,0))","=IF(AF10="""","""",AF10)","=IF(OR(AG10="""",G10<=0),"""",IFERROR(-PMT(F10,G10,E10),0))","=IF(AG10="""","""",AG10*F10)","=IF(AH10="""","""",MIN(AG10,MAX(AH10-AI10,0)))","=IF(AG10="""","""",MAX(AG10-AJ10,0))","=IF(AK10="""","""",AK10)","=IF(OR(AL10="""",G10<=0),"""",IFERROR(-PMT(F10,G10,E10),0))","=IF(AL10="""","""",AL10*F10)","=IF(AM10="""","""",MIN(AL10,MAX(AM10-AN10,0)))","=IF(AL10="""","""",MAX(AL10-AO10,0))","=IF(AP10="""","""",AP10)","=IF(OR(AQ10="""",G10<=0),"""",IFERROR(-PMT(F10,G10,E10),0))","=IF(AQ10="""","""",AQ10*F10)","=IF(AR10="""","""",MIN(AQ10,MAX(AR10-AS10,0)))","=IF(AQ10="""","""",MAX(AQ10-AT10,0))","=IF(AU10="""","""",AU10)","=IF(OR(AV10="""",G10<=0),"""",IFERROR(-PMT(F10,G10,E10),0))","=IF(AV10="""","""",AV10*F10)","=IF(AW10="""","""",MIN(AV10,MAX(AW10-AX10,0)))","=IF(AV10="""","""",MAX(AV10-AY10,0))","=IF(AZ10="""","""",AZ10)","=IF(OR(BA10="""",G10<=0),"""",IFERROR(-PMT(F10,G10,E10),0))","=IF(BA10="""","""",BA10*F10)","=IF(BB10="""","""",MIN(BA10,MAX(BB10-BC10,0)))","=IF(BA10="""","""",MAX(BA10-BD10,0))","=IF(BE10="""","""",BE10)","=IF(OR(BF10="""",G10<=0),"""",IFERROR(-PMT(F10,G10,E10),0))","=IF(BF10="""","""",BF10*F10)","=IF(BG10="""","""",MIN(BF10,MAX(BG10-BH10,0)))","=IF(BF10="""","""",MAX(BF10-BI10,0))","=IF(BJ10="""","""",BJ10)","=IF(OR(BK10="""",G10<=0),"""",IFERROR(-PMT(F10,G10,E10),0))","=IF(BK10="""","""",BK10*F10)","=IF(BL10="""","""",MIN(BK10,MAX(BL10-BM10,0)))","=IF(BK10="""","""",MAX(BK10-BN10,0))"
"=IF(B11="""","""",""LN""&TEXT(ROW()-1,""000""))","","=IFERROR(VLOOKUP(B11,Members!$B$2:$C$31,2,FALSE),"""")","","","=Settings!$B$10","","=IF(E11="""","""",E11)","=IF(OR(H11="""",G11<=0),"""",IFERROR(-PMT(F11,G11,E11),0))","=IF(H11="""","""",H11*F11)","=IF(I11="""","""",MIN(H11,MAX(I11-J11,0)))","=IF(H11="""","""",MAX(H11-K11,0))","=IF(L11="""","""",L11)","=IF(OR(M11="""",G11<=0),"""",IFERROR(-PMT(F11,G11,E11),0))","=IF(M11="""","""",M11*F11)","=IF(N11="""","""",MIN(M11,MAX(N11-O11,0)))","=IF(M11="""","""",MAX(M11-P11,0))","=IF(Q11="""","""",Q11)","=IF(OR(R11="""",G11<=0),"""",IFERROR(-PMT(F11,G11,E11),0))","=IF(R11="""","""",R11*F11)","=IF(S11="""","""",MIN(R11,MAX(S11-T11,0)))","=IF(R11="""","""",MAX(R11-U11,0))","=IF(V11="""","""",V11)","=IF(OR(W11="""",G11<=0),"""",IFERROR(-PMT(F11,G11,E11),0))","=IF(W11="""","""",W11*F11)","=IF(X11="""","""",MIN(W11,MAX(X11-Y11,0)))","=IF(W11="""","""",MAX(W11-Z11,0))","=IF(AA11="""","""",AA11)","=IF(OR(AB11="""",G11<=0),"""",IFERROR(-PMT(F11,G11,E11),0))","=IF(AB11="""","""",AB11*F11)","=IF(AC11="""","""",MIN(AB11,MAX(AC11-AD11,0)))","=IF(AB11="""","""",MAX(AB11-AE11,0))","=IF(AF11="""","""",AF11)","=IF(OR(AG11="""",G11<=0),"""",IFERROR(-PMT(F11,G11,E11),0))","=IF(AG11="""","""",AG11*F11)","=IF(AH11="""","""",MIN(AG11,MAX(AH11-AI11,0)))","=IF(AG11="""","""",MAX(AG11-AJ11,0))","=IF(AK11="""","""",AK11)","=IF(OR(AL11="""",G11<=0),"""",IFERROR(-PMT(F11,G11,E11),0))","=IF(AL11="""","""",AL11*F11)","=IF(AM11="""","""",MIN(AL11,MAX(AM11-AN11,0)))","=IF(AL11="""","""",MAX(AL11-AO11,0))","=IF(AP11="""","""",AP11)","=IF(OR(AQ11="""",G11<=0),"""",IFERROR(-PMT(F11,G11,E11),0))","=IF(AQ11="""","""",AQ11*F11)","=IF(AR11="""","""",MIN(AQ11,MAX(AR11-AS11,0)))","=IF(AQ11="""","""",MAX(AQ11-AT11,0))","=IF(AU11="""","""",AU11)","=IF(OR(AV11="""",G11<=0),"""",IFERROR(-PMT(F11,G11,E11),0))","=IF(AV11="""","""",AV11*F11)","=IF(AW11="""","""",MIN(AV11,MAX(AW11-AX11,0)))","=IF(AV11="""","""",MAX(AV11-AY11,0))","=IF(AZ11="""","""",AZ11)","=IF(OR(BA11="""",G11<=0),"""",IFERROR(-PMT(F11,G11,E11),0))","=IF(BA11="""","""",BA11*F11)","=IF(BB11="""","""",MIN(BA11,MAX(BB11-BC11,0)))","=IF(BA11="""","""",MAX(BA11-BD11,0))","=IF(BE11="""","""",BE11)","=IF(OR(BF11="""",G11<=0),"""",IFERROR(-PMT(F11,G11,E11),0))","=IF(BF11="""","""",BF11*F11)","=IF(BG11="""","""",MIN(BF11,MAX(BG11-BH11,0)))","=IF(BF11="""","""",MAX(BF11-BI11,0))","=IF(BJ11="""","""",BJ11)","=IF(OR(BK11="""",G11<=0),"""",IFERROR(-PMT(F11,G11,E11),0))","=IF(BK11="""","""",BK11*F11)","=IF(BL11="""","""",MIN(BK11,MAX(BL11-BM11,0)))","=IF(BK11="""","""",MAX(BK11-BN11,0))"
"=IF(B12="""","""",""LN""&TEXT(ROW()-1,""000""))","","=IFERROR(VLOOKUP(B12,Members!$B$2:$C$31,2,FALSE),"""")","","","=Settings!$B$10","","=IF(E12="""","""",E12)","=IF(OR(H12="""",G12<=0),"""",IFERROR(-PMT(F12,G12,E12),0))","=IF(H12="""","""",H12*F12)","=IF(I12="""","""",MIN(H12,MAX(I12-J12,0)))","=IF(H12="""","""",MAX(H12-K12,0))","=IF(L12="""","""",L12)","=IF(OR(M12="""",G12<=0),"""",IFERROR(-PMT(F12,G12,E12),0))","=IF(M12="""","""",M12*F12)","=IF(N12="""","""",MIN(M12,MAX(N12-O12,0)))","=IF(M12="""","""",MAX(M12-P12,0))","=IF(Q12="""","""",Q12)","=IF(OR(R12="""",G12<=0),"""",IFERROR(-PMT(F12,G12,E12),0))","=IF(R12="""","""",R12*F12)","=IF(S12="""","""",MIN(R12,MAX(S12-T12,0)))","=IF(R12="""","""",MAX(R12-U12,0))","=IF(V12="""","""",V12)","=IF(OR(W12="""",G12<=0),"""",IFERROR(-PMT(F12,G12,E12),0))","=IF(W12="""","""",W12*F12)","=IF(X12="""","""",MIN(W12,MAX(X12-Y12,0)))","=IF(W12="""","""",MAX(W12-Z12,0))","=IF(AA12="""","""",AA12)","=IF(OR(AB12="""",G12<=0),"""",IFERROR(-PMT(F12,G12,E12),0))","=IF(AB12="""","""",AB12*F12)","=IF(AC12="""","""",MIN(AB12,MAX(AC12-AD12,0)))","=IF(AB12="""","""",MAX(AB12-AE12,0))","=IF(AF12="""","""",AF12)","=IF(OR(AG12="""",G12<=0),"""",IFERROR(-PMT(F12,G12,E12),0))","=IF(AG12="""","""",AG12*F12)","=IF(AH12="""","""",MIN(AG12,MAX(AH12-AI12,0)))","=IF(AG12="""","""",MAX(AG12-AJ12,0))","=IF(AK12="""","""",AK12)","=IF(OR(AL12="""",G12<=0),"""",IFERROR(-PMT(F12,G12,E12),0))","=IF(AL12="""","""",AL12*F12)","=IF(AM12="""","""",MIN(AL12,MAX(AM12-AN12,0)))","=IF(AL12="""","""",MAX(AL12-AO12,0))","=IF(AP12="""","""",AP12)","=IF(OR(AQ12="""",G12<=0),"""",IFERROR(-PMT(F12,G12,E12),0))","=IF(AQ12="""","""",AQ12*F12)","=IF(AR12="""","""",MIN(AQ12,MAX(AR12-AS12,0)))","=IF(AQ12="""","""",MAX(AQ12-AT12,0))","=IF(AU12="""","""",AU12)","=IF(OR(AV12="""",G12<=0),"""",IFERROR(-PMT(F12,G12,E12),0))","=IF(AV12="""","""",AV12*F12)","=IF(AW12="""","""",MIN(AV12,MAX(AW12-AX12,0)))","=IF(AV12="""","""",MAX(AV12-AY12,0))","=IF(AZ12="""","""",AZ12)","=IF(OR(BA12="""",G12<=0),"""",IFERROR(-PMT(F12,G12,E12),0))","=IF(BA12="""","""",BA12*F12)","=IF(BB12="""","""",MIN(BA12,MAX(BB12-BC12,0)))","=IF(BA12="""","""",MAX(BA12-BD12,0))","=IF(BE12="""","""",BE12)","=IF(OR(BF12="""",G12<=0),"""",IFERROR(-PMT(F12,G12,E12),0))","=IF(BF12="""","""",BF12*F12)","=IF(BG12="""","""",MIN(BF12,MAX(BG12-BH12,0)))","=IF(BF12="""","""",MAX(BF12-BI12,0))","=IF(BJ12="""","""",BJ12)","=IF(OR(BK12="""",G12<=0),"""",IFERROR(-PMT(F12,G12,E12),0))","=IF(BK12="""","""",BK12*F12)","=IF(BL12="""","""",MIN(BK12,MAX(BL12-BM12,0)))","=IF(BK12="""","""",MAX(BK12-BN12,0))"
"=IF(B13="""","""",""LN""&TEXT(ROW()-1,""000""))","","=IFERROR(VLOOKUP(B13,Members!$B$2:$C$31,2,FALSE),"""")","","","=Settings!$B$10","","=IF(E13="""","""",E13)","=IF(OR(H13="""",G13<=0),"""",IFERROR(-PMT(F13,G13,E13),0))","=IF(H13="""","""",H13*F13)","=IF(I13="""","""",MIN(H13,MAX(I13-J13,0)))","=IF(H13="""","""",MAX(H13-K13,0))","=IF(L13="""","""",L13)","=IF(OR(M13="""",G13<=0),"""",IFERROR(-PMT(F13,G13,E13),0))","=IF(M13="""","""",M13*F13)","=IF(N13="""","""",MIN(M13,MAX(N13-O13,0)))","=IF(M13="""","""",MAX(M13-P13,0))","=IF(Q13="""","""",Q13)","=IF(OR(R13="""",G13<=0),"""",IFERROR(-PMT(F13,G13,E13),0))","=IF(R13="""","""",R13*F13)","=IF(S13="""","""",MIN(R13,MAX(S13-T13,0)))","=IF(R13="""","""",MAX(R13-U13,0))","=IF(V13="""","""",V13)","=IF(OR(W13="""",G13<=0),"""",IFERROR(-PMT(F13,G13,E13),0))","=IF(W13="""","""",W13*F13)","=IF(X13="""","""",MIN(W13,MAX(X13-Y13,0)))","=IF(W13="""","""",MAX(W13-Z13,0))","=IF(AA13="""","""",AA13)","=IF(OR(AB13="""",G13<=0),"""",IFERROR(-PMT(F13,G13,E13),0))","=IF(AB13="""","""",AB13*F13)","=IF(AC13="""","""",MIN(AB13,MAX(AC13-AD13,0)))","=IF(AB13="""","""",MAX(AB13-AE13,0))","=IF(AF13="""","""",AF13)","=IF(OR(AG13="""",G13<=0),"""",IFERROR(-PMT(F13,G13,E13),0))","=IF(AG13="""","""",AG13*F13)","=IF(AH13="""","""",MIN(AG13,MAX(AH13-AI13,0)))","=IF(AG13="""","""",MAX(AG13-AJ13,0))","=IF(AK13="""","""",AK13)","=IF(OR(AL13="""",G13<=0),"""",IFERROR(-PMT(F13,G13,E13),0))","=IF(AL13="""","""",AL13*F13)","=IF(AM13="""","""",MIN(AL13,MAX(AM13-AN13,0)))","=IF(AL13="""","""",MAX(AL13-AO13,0))","=IF(AP13="""","""",AP13)","=IF(OR(AQ13="""",G13<=0),"""",IFERROR(-PMT(F13,G13,E13),0))","=IF(AQ13="""","""",AQ13*F13)","=IF(AR13="""","""",MIN(AQ13,MAX(AR13-AS13,0)))","=IF(AQ13="""","""",MAX(AQ13-AT13,0))","=IF(AU13="""","""",AU13)","=IF(OR(AV13="""",G13<=0),"""",IFERROR(-PMT(F13,G13,E13),0))","=IF(AV13="""","""",AV13*F13)","=IF(AW13="""","""",MIN(AV13,MAX(AW13-AX13,0)))","=IF(AV13="""","""",MAX(AV13-AY13,0))","=IF(AZ13="""","""",AZ13)","=IF(OR(BA13="""",G13<=0),"""",IFERROR(-PMT(F13,G13,E13),0))","=IF(BA13="""","""",BA13*F13)","=IF(BB13="""","""",MIN(BA13,MAX(BB13-BC13,0)))","=IF(BA13="""","""",MAX(BA13-BD13,0))","=IF(BE13="""","""",BE13)","=IF(OR(BF13="""",G13<=0),"""",IFERROR(-PMT(F13,G13,E13),0))","=IF(BF13="""","""",BF13*F13)","=IF(BG13="""","""",MIN(BF13,MAX(BG13-BH13,0)))","=IF(BF13="""","""",MAX(BF13-BI13,0))","=IF(BJ13="""","""",BJ13)","=IF(OR(BK13="""",G13<=0),"""",IFERROR(-PMT(F13,G13,E13),0))","=IF(BK13="""","""",BK13*F13)","=IF(BL13="""","""",MIN(BK13,MAX(BL13-BM13,0)))","=IF(BK13="""","""",MAX(BK13-BN13,0))"
"=IF(B14="""","""",""LN""&TEXT(ROW()-1,""000""))","","=IFERROR(VLOOKUP(B14,Members!$B$2:$C$31,2,FALSE),"""")","","","=Settings!$B$10","","=IF(E14="""","""",E14)","=IF(OR(H14="""",G14<=0),"""",IFERROR(-PMT(F14,G14,E14),0))","=IF(H14="""","""",H14*F14)","=IF(I14="""","""",MIN(H14,MAX(I14-J14,0)))","=IF(H14="""","""",MAX(H14-K14,0))","=IF(L14="""","""",L14)","=IF(OR(M14="""",G14<=0),"""",IFERROR(-PMT(F14,G14,E14),0))","=IF(M14="""","""",M14*F14)","=IF(N14="""","""",MIN(M14,MAX(N14-O14,0)))","=IF(M14="""","""",MAX(M14-P14,0))","=IF(Q14="""","""",Q14)","=IF(OR(R14="""",G14<=0),"""",IFERROR(-PMT(F14,G14,E14),0))","=IF(R14="""","""",R14*F14)","=IF(S14="""","""",MIN(R14,MAX(S14-T14,0)))","=IF(R14="""","""",MAX(R14-U14,0))","=IF(V14="""","""",V14)","=IF(OR(W14="""",G14<=0),"""",IFERROR(-PMT(F14,G14,E14),0))","=IF(W14="""","""",W14*F14)","=IF(X14="""","""",MIN(W14,MAX(X14-Y14,0)))","=IF(W14="""","""",MAX(W14-Z14,0))","=IF(AA14="""","""",AA14)","=IF(OR(AB14="""",G14<=0),"""",IFERROR(-PMT(F14,G14,E14),0))","=IF(AB14="""","""",AB14*F14)","=IF(AC14="""","""",MIN(AB14,MAX(AC14-AD14,0)))","=IF(AB14="""","""",MAX(AB14-AE14,0))","=IF(AF14="""","""",AF14)","=IF(OR(AG14="""",G14<=0),"""",IFERROR(-PMT(F14,G14,E14),0))","=IF(AG14="""","""",AG14*F14)","=IF(AH14="""","""",MIN(AG14,MAX(AH14-AI14,0)))","=IF(AG14="""","""",MAX(AG14-AJ14,0))","=IF(AK14="""","""",AK14)","=IF(OR(AL14="""",G14<=0),"""",IFERROR(-PMT(F14,G14,E14),0))","=IF(AL14="""","""",AL14*F14)","=IF(AM14="""","""",MIN(AL14,MAX(AM14-AN14,0)))","=IF(AL14="""","""",MAX(AL14-AO14,0))","=IF(AP14="""","""",AP14)","=IF(OR(AQ14="""",G14<=0),"""",IFERROR(-PMT(F14,G14,E14),0))","=IF(AQ14="""","""",AQ14*F14)","=IF(AR14="""","""",MIN(AQ14,MAX(AR14-AS14,0)))","=IF(AQ14="""","""",MAX(AQ14-AT14,0))","=IF(AU14="""","""",AU14)","=IF(OR(AV14="""",G14<=0),"""",IFERROR(-PMT(F14,G14,E14),0))","=IF(AV14="""","""",AV14*F14)","=IF(AW14="""","""",MIN(AV14,MAX(AW14-AX14,0)))","=IF(AV14="""","""",MAX(AV14-AY14,0))","=IF(AZ14="""","""",AZ14)","=IF(OR(BA14="""",G14<=0),"""",IFERROR(-PMT(F14,G14,E14),0))","=IF(BA14="""","""",BA14*F14)","=IF(BB14="""","""",MIN(BA14,MAX(BB14-BC14,0)))","=IF(BA14="""","""",MAX(BA14-BD14,0))","=IF(BE14="""","""",BE14)","=IF(OR(BF14="""",G14<=0),"""",IFERROR(-PMT(F14,G14,E14),0))","=IF(BF14="""","""",BF14*F14)","=IF(BG14="""","""",MIN(BF14,MAX(BG14-BH14,0)))","=IF(BF14="""","""",MAX(BF14-BI14,0))","=IF(BJ14="""","""",BJ14)","=IF(OR(BK14="""",G14<=0),"""",IFERROR(-PMT(F14,G14,E14),0))","=IF(BK14="""","""",BK14*F14)","=IF(BL14="""","""",MIN(BK14,MAX(BL14-BM14,0)))","=IF(BK14="""","""",MAX(BK14-BN14,0))"
"=IF(B15="""","""",""LN""&TEXT(ROW()-1,""000""))","","=IFERROR(VLOOKUP(B15,Members!$B$2:$C$31,2,FALSE),"""")","","","=Settings!$B$10","","=IF(E15="""","""",E15)","=IF(OR(H15="""",G15<=0),"""",IFERROR(-PMT(F15,G15,E15),0))","=IF(H15="""","""",H15*F15)","=IF(I15="""","""",MIN(H15,MAX(I15-J15,0)))","=IF(H15="""","""",MAX(H15-K15,0))","=IF(L15="""","""",L15)","=IF(OR(M15="""",G15<=0),"""",IFERROR(-PMT(F15,G15,E15),0))","=IF(M15="""","""",M15*F15)","=IF(N15="""","""",MIN(M15,MAX(N15-O15,0)))","=IF(M15="""","""",MAX(M15-P15,0))","=IF(Q15="""","""",Q15)","=IF(OR(R15="""",G15<=0),"""",IFERROR(-PMT(F15,G15,E15),0))","=IF(R15="""","""",R15*F15)","=IF(S15="""","""",MIN(R15,MAX(S15-T15,0)))","=IF(R15="""","""",MAX(R15-U15,0))","=IF(V15="""","""",V15)","=IF(OR(W15="""",G15<=0),"""",IFERROR(-PMT(F15,G15,E15),0))","=IF(W15="""","""",W15*F15)","=IF(X15="""","""",MIN(W15,MAX(X15-Y15,0)))","=IF(W15="""","""",MAX(W15-Z15,0))","=IF(AA15="""","""",AA15)","=IF(OR(AB15="""",G15<=0),"""",IFERROR(-PMT(F15,G15,E15),0))","=IF(AB15="""","""",AB15*F15)","=IF(AC15="""","""",MIN(AB15,MAX(AC15-AD15,0)))","=IF(AB15="""","""",MAX(AB15-AE15,0))","=IF(AF15="""","""",AF15)","=IF(OR(AG15="""",G15<=0),"""",IFERROR(-PMT(F15,G15,E15),0))","=IF(AG15="""","""",AG15*F15)","=IF(AH15="""","""",MIN(AG15,MAX(AH15-AI15,0)))","=IF(AG15="""","""",MAX(AG15-AJ15,0))","=IF(AK15="""","""",AK15)","=IF(OR(AL15="""",G15<=0),"""",IFERROR(-PMT(F15,G15,E15),0))","=IF(AL15="""","""",AL15*F15)","=IF(AM15="""","""",MIN(AL15,MAX(AM15-AN15,0)))","=IF(AL15="""","""",MAX(AL15-AO15,0))","=IF(AP15="""","""",AP15)","=IF(OR(AQ15="""",G15<=0),"""",IFERROR(-PMT(F15,G15,E15),0))","=IF(AQ15="""","""",AQ15*F15)","=IF(AR15="""","""",MIN(AQ15,MAX(AR15-AS15,0)))","=IF(AQ15="""","""",MAX(AQ15-AT15,0))","=IF(AU15="""","""",AU15)","=IF(OR(AV15="""",G15<=0),"""",IFERROR(-PMT(F15,G15,E15),0))","=IF(AV15="""","""",AV15*F15)","=IF(AW15="""","""",MIN(AV15,MAX(AW15-AX15,0)))","=IF(AV15="""","""",MAX(AV15-AY15,0))","=IF(AZ15="""","""",AZ15)","=IF(OR(BA15="""",G15<=0),"""",IFERROR(-PMT(F15,G15,E15),0))","=IF(BA15="""","""",BA15*F15)","=IF(BB15="""","""",MIN(BA15,MAX(BB15-BC15,0)))","=IF(BA15="""","""",MAX(BA15-BD15,0))","=IF(BE15="""","""",BE15)","=IF(OR(BF15="""",G15<=0),"""",IFERROR(-PMT(F15,G15,E15),0))","=IF(BF15="""","""",BF15*F15)","=IF(BG15="""","""",MIN(BF15,MAX(BG15-BH15,0)))","=IF(BF15="""","""",MAX(BF15-BI15,0))","=IF(BJ15="""","""",BJ15)","=IF(OR(BK15="""",G15<=0),"""",IFERROR(-PMT(F15,G15,E15),0))","=IF(BK15="""","""",BK15*F15)","=IF(BL15="""","""",MIN(BK15,MAX(BL15-BM15,0)))","=IF(BK15="""","""",MAX(BK15-BN15,0))"
"=IF(B16="""","""",""LN""&TEXT(ROW()-1,""000""))","","=IFERROR(VLOOKUP(B16,Members!$B$2:$C$31,2,FALSE),"""")","","","=Settings!$B$10","","=IF(E16="""","""",E16)","=IF(OR(H16="""",G16<=0),"""",IFERROR(-PMT(F16,G16,E16),0))","=IF(H16="""","""",H16*F16)","=IF(I16="""","""",MIN(H16,MAX(I16-J16,0)))","=IF(H16="""","""",MAX(H16-K16,0))","=IF(L16="""","""",L16)","=IF(OR(M16="""",G16<=0),"""",IFERROR(-PMT(F16,G16,E16),0))","=IF(M16="""","""",M16*F16)","=IF(N16="""","""",MIN(M16,MAX(N16-O16,0)))","=IF(M16="""","""",MAX(M16-P16,0))","=IF(Q16="""","""",Q16)","=IF(OR(R16="""",G16<=0),"""",IFERROR(-PMT(F16,G16,E16),0))","=IF(R16="""","""",R16*F16)","=IF(S16="""","""",MIN(R16,MAX(S16-T16,0)))","=IF(R16="""","""",MAX(R16-U16,0))","=IF(V16="""","""",V16)","=IF(OR(W16="""",G16<=0),"""",IFERROR(-PMT(F16,G16,E16),0))","=IF(W16="""","""",W16*F16)","=IF(X16="""","""",MIN(W16,MAX(X16-Y16,0)))","=IF(W16="""","""",MAX(W16-Z16,0))","=IF(AA16="""","""",AA16)","=IF(OR(AB16="""",G16<=0),"""",IFERROR(-PMT(F16,G16,E16),0))","=IF(AB16="""","""",AB16*F16)","=IF(AC16="""","""",MIN(AB16,MAX(AC16-AD16,0)))","=IF(AB16="""","""",MAX(AB16-AE16,0))","=IF(AF16="""","""",AF16)","=IF(OR(AG16="""",G16<=0),"""",IFERROR(-PMT(F16,G16,E16),0))","=IF(AG16="""","""",AG16*F16)","=IF(AH16="""","""",MIN(AG16,MAX(AH16-AI16,0)))","=IF(AG16="""","""",MAX(AG16-AJ16,0))","=IF(AK16="""","""",AK16)","=IF(OR(AL16="""",G16<=0),"""",IFERROR(-PMT(F16,G16,E16),0))","=IF(AL16="""","""",AL16*F16)","=IF(AM16="""","""",MIN(AL16,MAX(AM16-AN16,0)))","=IF(AL16="""","""",MAX(AL16-AO16,0))","=IF(AP16="""","""",AP16)","=IF(OR(AQ16="""",G16<=0),"""",IFERROR(-PMT(F16,G16,E16),0))","=IF(AQ16="""","""",AQ16*F16)","=IF(AR16="""","""",MIN(AQ16,MAX(AR16-AS16,0)))","=IF(AQ16="""","""",MAX(AQ16-AT16,0))","=IF(AU16="""","""",AU16)","=IF(OR(AV16="""",G16<=0),"""",IFERROR(-PMT(F16,G16,E16),0))","=IF(AV16="""","""",AV16*F16)","=IF(AW16="""","""",MIN(AV16,MAX(AW16-AX16,0)))","=IF(AV16="""","""",MAX(AV16-AY16,0))","=IF(AZ16="""","""",AZ16)","=IF(OR(BA16="""",G16<=0),"""",IFERROR(-PMT(F16,G16,E16),0))","=IF(BA16="""","""",BA16*F16)","=IF(BB16="""","""",MIN(BA16,MAX(BB16-BC16,0)))","=IF(BA16="""","""",MAX(BA16-BD16,0))","=IF(BE16="""","""",BE16)","=IF(OR(BF16="""",G16<=0),"""",IFERROR(-PMT(F16,G16,E16),0))","=IF(BF16="""","""",BF16*F16)","=IF(BG16="""","""",MIN(BF16,MAX(BG16-BH16,0)))","=IF(BF16="""","""",MAX(BF16-BI16,0))","=IF(BJ16="""","""",BJ16)","=IF(OR(BK16="""",G16<=0),"""",IFERROR(-PMT(F16,G16,E16),0))","=IF(BK16="""","""",BK16*F16)","=IF(BL16="""","""",MIN(BK16,MAX(BL16-BM16,0)))","=IF(BK16="""","""",MAX(BK16-BN16,0))"
"=IF(B17="""","""",""LN""&TEXT(ROW()-1,""000""))","","=IFERROR(VLOOKUP(B17,Members!$B$2:$C$31,2,FALSE),"""")","","","=Settings!$B$10","","=IF(E17="""","""",E17)","=IF(OR(H17="""",G17<=0),"""",IFERROR(-PMT(F17,G17,E17),0))","=IF(H17="""","""",H17*F17)","=IF(I17="""","""",MIN(H17,MAX(I17-J17,0)))","=IF(H17="""","""",MAX(H17-K17,0))","=IF(L17="""","""",L17)","=IF(OR(M17="""",G17<=0),"""",IFERROR(-PMT(F17,G17,E17),0))","=IF(M17="""","""",M17*F17)","=IF(N17="""","""",MIN(M17,MAX(N17-O17,0)))","=IF(M17="""","""",MAX(M17-P17,0))","=IF(Q17="""","""",Q17)","=IF(OR(R17="""",G17<=0),"""",IFERROR(-PMT(F17,G17,E17),0))","=IF(R17="""","""",R17*F17)","=IF(S17="""","""",MIN(R17,MAX(S17-T17,0)))","=IF(R17="""","""",MAX(R17-U17,0))","=IF(V17="""","""",V17)","=IF(OR(W17="""",G17<=0),"""",IFERROR(-PMT(F17,G17,E17),0))","=IF(W17="""","""",W17*F17)","=IF(X17="""","""",MIN(W17,MAX(X17-Y17,0)))","=IF(W17="""","""",MAX(W17-Z17,0))","=IF(AA17="""","""",AA17)","=IF(OR(AB17="""",G17<=0),"""",IFERROR(-PMT(F17,G17,E17),0))","=IF(AB17="""","""",AB17*F17)","=IF(AC17="""","""",MIN(AB17,MAX(AC17-AD17,0)))","=IF(AB17="""","""",MAX(AB17-AE17,0))","=IF(AF17="""","""",AF17)","=IF(OR(AG17="""",G17<=0),"""",IFERROR(-PMT(F17,G17,E17),0))","=IF(AG17="""","""",AG17*F17)","=IF(AH17="""","""",MIN(AG17,MAX(AH17-AI17,0)))","=IF(AG17="""","""",MAX(AG17-AJ17,0))","=IF(AK17="""","""",AK17)","=IF(OR(AL17="""",G17<=0),"""",IFERROR(-PMT(F17,G17,E17),0))","=IF(AL17="""","""",AL17*F17)","=IF(AM17="""","""",MIN(AL17,MAX(AM17-AN17,0)))","=IF(AL17="""","""",MAX(AL17-AO17,0))","=IF(AP17="""","""",AP17)","=IF(OR(AQ17="""",G17<=0),"""",IFERROR(-PMT(F17,G17,E17),0))","=IF(AQ17="""","""",AQ17*F17)","=IF(AR17="""","""",MIN(AQ17,MAX(AR17-AS17,0)))","=IF(AQ17="""","""",MAX(AQ17-AT17,0))","=IF(AU17="""","""",AU17)","=IF(OR(AV17="""",G17<=0),"""",IFERROR(-PMT(F17,G17,E17),0))","=IF(AV17="""","""",AV17*F17)","=IF(AW17="""","""",MIN(AV17,MAX(AW17-AX17,0)))","=IF(AV17="""","""",MAX(AV17-AY17,0))","=IF(AZ17="""","""",AZ17)","=IF(OR(BA17="""",G17<=0),"""",IFERROR(-PMT(F17,G17,E17),0))","=IF(BA17="""","""",BA17*F17)","=IF(BB17="""","""",MIN(BA17,MAX(BB17-BC17,0)))","=IF(BA17="""","""",MAX(BA17-BD17,0))","=IF(BE17="""","""",BE17)","=IF(OR(BF17="""",G17<=0),"""",IFERROR(-PMT(F17,G17,E17),0))","=IF(BF17="""","""",BF17*F17)","=IF(BG17="""","""",MIN(BF17,MAX(BG17-BH17,0)))","=IF(BF17="""","""",MAX(BF17-BI17,0))","=IF(BJ17="""","""",BJ17)","=IF(OR(BK17="""",G17<=0),"""",IFERROR(-PMT(F17,G17,E17),0))","=IF(BK17="""","""",BK17*F17)","=IF(BL17="""","""",MIN(BK17,MAX(BL17-BM17,0)))","=IF(BK17="""","""",MAX(BK17-BN17,0))"
"=IF(B18="""","""",""LN""&TEXT(ROW()-1,""000""))","","=IFERROR(VLOOKUP(B18,Members!$B$2:$C$31,2,FALSE),"""")","","","=Settings!$B$10","","=IF(E18="""","""",E18)","=IF(OR(H18="""",G18<=0),"""",IFERROR(-PMT(F18,G18,E18),0))","=IF(H18="""","""",H18*F18)","=IF(I18="""","""",MIN(H18,MAX(I18-J18,0)))","=IF(H18="""","""",MAX(H18-K18,0))","=IF(L18="""","""",L18)","=IF(OR(M18="""",G18<=0),"""",IFERROR(-PMT(F18,G18,E18),0))","=IF(M18="""","""",M18*F18)","=IF(N18="""","""",MIN(M18,MAX(N18-O18,0)))","=IF(M18="""","""",MAX(M18-P18,0))","=IF(Q18="""","""",Q18)","=IF(OR(R18="""",G18<=0),"""",IFERROR(-PMT(F18,G18,E18),0))","=IF(R18="""","""",R18*F18)","=IF(S18="""","""",MIN(R18,MAX(S18-T18,0)))","=IF(R18="""","""",MAX(R18-U18,0))","=IF(V18="""","""",V18)","=IF(OR(W18="""",G18<=0),"""",IFERROR(-PMT(F18,G18,E18),0))","=IF(W18="""","""",W18*F18)","=IF(X18="""","""",MIN(W18,MAX(X18-Y18,0)))","=IF(W18="""","""",MAX(W18-Z18,0))","=IF(AA18="""","""",AA18)","=IF(OR(AB18="""",G18<=0),"""",IFERROR(-PMT(F18,G18,E18),0))","=IF(AB18="""","""",AB18*F18)","=IF(AC18="""","""",MIN(AB18,MAX(AC18-AD18,0)))","=IF(AB18="""","""",MAX(AB18-AE18,0))","=IF(AF18="""","""",AF18)","=IF(OR(AG18="""",G18<=0),"""",IFERROR(-PMT(F18,G18,E18),0))","=IF(AG18="""","""",AG18*F18)","=IF(AH18="""","""",MIN(AG18,MAX(AH18-AI18,0)))","=IF(AG18="""","""",MAX(AG18-AJ18,0))","=IF(AK18="""","""",AK18)","=IF(OR(AL18="""",G18<=0),"""",IFERROR(-PMT(F18,G18,E18),0))","=IF(AL18="""","""",AL18*F18)","=IF(AM18="""","""",MIN(AL18,MAX(AM18-AN18,0)))","=IF(AL18="""","""",MAX(AL18-AO18,0))","=IF(AP18="""","""",AP18)","=IF(OR(AQ18="""",G18<=0),"""",IFERROR(-PMT(F18,G18,E18),0))","=IF(AQ18="""","""",AQ18*F18)","=IF(AR18="""","""",MIN(AQ18,MAX(AR18-AS18,0)))","=IF(AQ18="""","""",MAX(AQ18-AT18,0))","=IF(AU18="""","""",AU18)","=IF(OR(AV18="""",G18<=0),"""",IFERROR(-PMT(F18,G18,E18),0))","=IF(AV18="""","""",AV18*F18)","=IF(AW18="""","""",MIN(AV18,MAX(AW18-AX18,0)))","=IF(AV18="""","""",MAX(AV18-AY18,0))","=IF(AZ18="""","""",AZ18)","=IF(OR(BA18="""",G18<=0),"""",IFERROR(-PMT(F18,G18,E18),0))","=IF(BA18="""","""",BA18*F18)","=IF(BB18="""","""",MIN(BA18,MAX(BB18-BC18,0)))","=IF(BA18="""","""",MAX(BA18-BD18,0))","=IF(BE18="""","""",BE18)","=IF(OR(BF18="""",G18<=0),"""",IFERROR(-PMT(F18,G18,E18),0))","=IF(BF18="""","""",BF18*F18)","=IF(BG18="""","""",MIN(BF18,MAX(BG18-BH18,0)))","=IF(BF18="""","""",MAX(BF18-BI18,0))","=IF(BJ18="""","""",BJ18)","=IF(OR(BK18="""",G18<=0),"""",IFERROR(-PMT(F18,G18,E18),0))","=IF(BK18="""","""",BK18*F18)","=IF(BL18="""","""",MIN(BK18,MAX(BL18-BM18,0)))","=IF(BK18="""","""",MAX(BK18-BN18,0))"
"=IF(B19="""","""",""LN""&TEXT(ROW()-1,""000""))","","=IFERROR(VLOOKUP(B19,Members!$B$2:$C$31,2,FALSE),"""")","","","=Settings!$B$10","","=IF(E19="""","""",E19)","=IF(OR(H19="""",G19<=0),"""",IFERROR(-PMT(F19,G19,E19),0))","=IF(H19="""","""",H19*F19)","=IF(I19="""","""",MIN(H19,MAX(I19-J19,0)))","=IF(H19="""","""",MAX(H19-K19,0))","=IF(L19="""","""",L19)","=IF(OR(M19="""",G19<=0),"""",IFERROR(-PMT(F19,G19,E19),0))","=IF(M19="""","""",M19*F19)","=IF(N19="""","""",MIN(M19,MAX(N19-O19,0)))","=IF(M19="""","""",MAX(M19-P19,0))","=IF(Q19="""","""",Q19)","=IF(OR(R19="""",G19<=0),"""",IFERROR(-PMT(F19,G19,E19),0))","=IF(R19="""","""",R19*F19)","=IF(S19="""","""",MIN(R19,MAX(S19-T19,0)))","=IF(R19="""","""",MAX(R19-U19,0))","=IF(V19="""","""",V19)","=IF(OR(W19="""",G19<=0),"""",IFERROR(-PMT(F19,G19,E19),0))","=IF(W19="""","""",W19*F19)","=IF(X19="""","""",MIN(W19,MAX(X19-Y19,0)))","=IF(W19="""","""",MAX(W19-Z19,0))","=IF(AA19="""","""",AA19)","=IF(OR(AB19="""",G19<=0),"""",IFERROR(-PMT(F19,G19,E19),0))","=IF(AB19="""","""",AB19*F19)","=IF(AC19="""","""",MIN(AB19,MAX(AC19-AD19,0)))","=IF(AB19="""","""",MAX(AB19-AE19,0))","=IF(AF19="""","""",AF19)","=IF(OR(AG19="""",G19<=0),"""",IFERROR(-PMT(F19,G19,E19),0))","=IF(AG19="""","""",AG19*F19)","=IF(AH19="""","""",MIN(AG19,MAX(AH19-AI19,0)))","=IF(AG19="""","""",MAX(AG19-AJ19,0))","=IF(AK19="""","""",AK19)","=IF(OR(AL19="""",G19<=0),"""",IFERROR(-PMT(F19,G19,E19),0))","=IF(AL19="""","""",AL19*F19)","=IF(AM19="""","""",MIN(AL19,MAX(AM19-AN19,0)))","=IF(AL19="""","""",MAX(AL19-AO19,0))","=IF(AP19="""","""",AP19)","=IF(OR(AQ19="""",G19<=0),"""",IFERROR(-PMT(F19,G19,E19),0))","=IF(AQ19="""","""",AQ19*F19)","=IF(AR19="""","""",MIN(AQ19,MAX(AR19-AS19,0)))","=IF(AQ19="""","""",MAX(AQ19-AT19,0))","=IF(AU19="""","""",AU19)","=IF(OR(AV19="""",G19<=0),"""",IFERROR(-PMT(F19,G19,E19),0))","=IF(AV19="""","""",AV19*F19)","=IF(AW19="""","""",MIN(AV19,MAX(AW19-AX19,0)))","=IF(AV19="""","""",MAX(AV19-AY19,0))","=IF(AZ19="""","""",AZ19)","=IF(OR(BA19="""",G19<=0),"""",IFERROR(-PMT(F19,G19,E19),0))","=IF(BA19="""","""",BA19*F19)","=IF(BB19="""","""",MIN(BA19,MAX(BB19-BC19,0)))","=IF(BA19="""","""",MAX(BA19-BD19,0))","=IF(BE19="""","""",BE19)","=IF(OR(BF19="""",G19<=0),"""",IFERROR(-PMT(F19,G19,E19),0))","=IF(BF19="""","""",BF19*F19)","=IF(BG19="""","""",MIN(BF19,MAX(BG19-BH19,0)))","=IF(BF19="""","""",MAX(BF19-BI19,0))","=IF(BJ19="""","""",BJ19)","=IF(OR(BK19="""",G19<=0),"""",IFERROR(-PMT(F19,G19,E19),0))","=IF(BK19="""","""",BK19*F19)","=IF(BL19="""","""",MIN(BK19,MAX(BL19-BM19,0)))","=IF(BK19="""","""",MAX(BK19-BN19,0))"
"=IF(B20="""","""",""LN""&TEXT(ROW()-1,""000""))","","=IFERROR(VLOOKUP(B20,Members!$B$2:$C$31,2,FALSE),"""")","","","=Settings!$B$10","","=IF(E20="""","""",E20)","=IF(OR(H20="""",G20<=0),"""",IFERROR(-PMT(F20,G20,E20),0))","=IF(H20="""","""",H20*F20)","=IF(I20="""","""",MIN(H20,MAX(I20-J20,0)))","=IF(H20="""","""",MAX(H20-K20,0))","=IF(L20="""","""",L20)","=IF(OR(M20="""",G20<=0),"""",IFERROR(-PMT(F20,G20,E20),0))","=IF(M20="""","""",M20*F20)","=IF(N20="""","""",MIN(M20,MAX(N20-O20,0)))","=IF(M20="""","""",MAX(M20-P20,0))","=IF(Q20="""","""",Q20)","=IF(OR(R20="""",G20<=0),"""",IFERROR(-PMT(F20,G20,E20),0))","=IF(R20="""","""",R20*F20)","=IF(S20="""","""",MIN(R20,MAX(S20-T20,0)))","=IF(R20="""","""",MAX(R20-U20,0))","=IF(V20="""","""",V20)","=IF(OR(W20="""",G20<=0),"""",IFERROR(-PMT(F20,G20,E20),0))","=IF(W20="""","""",W20*F20)","=IF(X20="""","""",MIN(W20,MAX(X20-Y20,0)))","=IF(W20="""","""",MAX(W20-Z20,0))","=IF(AA20="""","""",AA20)","=IF(OR(AB20="""",G20<=0),"""",IFERROR(-PMT(F20,G20,E20),0))","=IF(AB20="""","""",AB20*F20)","=IF(AC20="""","""",MIN(AB20,MAX(AC20-AD20,0)))","=IF(AB20="""","""",MAX(AB20-AE20,0))","=IF(AF20="""","""",AF20)","=IF(OR(AG20="""",G20<=0),"""",IFERROR(-PMT(F20,G20,E20),0))","=IF(AG20="""","""",AG20*F20)","=IF(AH20="""","""",MIN(AG20,MAX(AH20-AI20,0)))","=IF(AG20="""","""",MAX(AG20-AJ20,0))","=IF(AK20="""","""",AK20)","=IF(OR(AL20="""",G20<=0),"""",IFERROR(-PMT(F20,G20,E20),0))","=IF(AL20="""","""",AL20*F20)","=IF(AM20="""","""",MIN(AL20,MAX(AM20-AN20,0)))","=IF(AL20="""","""",MAX(AL20-AO20,0))","=IF(AP20="""","""",AP20)","=IF(OR(AQ20="""",G20<=0),"""",IFERROR(-PMT(F20,G20,E20),0))","=IF(AQ20="""","""",AQ20*F20)","=IF(AR20="""","""",MIN(AQ20,MAX(AR20-AS20,0)))","=IF(AQ20="""","""",MAX(AQ20-AT20,0))","=IF(AU20="""","""",AU20)","=IF(OR(AV20="""",G20<=0),"""",IFERROR(-PMT(F20,G20,E20),0))","=IF(AV20="""","""",AV20*F20)","=IF(AW20="""","""",MIN(AV20,MAX(AW20-AX20,0)))","=IF(AV20="""","""",MAX(AV20-AY20,0))","=IF(AZ20="""","""",AZ20)","=IF(OR(BA20="""",G20<=0),"""",IFERROR(-PMT(F20,G20,E20),0))","=IF(BA20="""","""",BA20*F20)","=IF(BB20="""","""",MIN(BA20,MAX(BB20-BC20,0)))","=IF(BA20="""","""",MAX(BA20-BD20,0))","=IF(BE20="""","""",BE20)","=IF(OR(BF20="""",G20<=0),"""",IFERROR(-PMT(F20,G20,E20),0))","=IF(BF20="""","""",BF20*F20)","=IF(BG20="""","""",MIN(BF20,MAX(BG20-BH20,0)))","=IF(BF20="""","""",MAX(BF20-BI20,0))","=IF(BJ20="""","""",BJ20)","=IF(OR(BK20="""",G20<=0),"""",IFERROR(-PMT(F20,G20,E20),0))","=IF(BK20="""","""",BK20*F20)","=IF(BL20="""","""",MIN(BK20,MAX(BL20-BM20,0)))","=IF(BK20="""","""",MAX(BK20-BN20,0))"
"=IF(B21="""","""",""LN""&TEXT(ROW()-1,""000""))","","=IFERROR(VLOOKUP(B21,Members!$B$2:$C$31,2,FALSE),"""")","","","=Settings!$B$10","","=IF(E21="""","""",E21)","=IF(OR(H21="""",G21<=0),"""",IFERROR(-PMT(F21,G21,E21),0))","=IF(H21="""","""",H21*F21)","=IF(I21="""","""",MIN(H21,MAX(I21-J21,0)))","=IF(H21="""","""",MAX(H21-K21,0))","=IF(L21="""","""",L21)","=IF(OR(M21="""",G21<=0),"""",IFERROR(-PMT(F21,G21,E21),0))","=IF(M21="""","""",M21*F21)","=IF(N21="""","""",MIN(M21,MAX(N21-O21,0)))","=IF(M21="""","""",MAX(M21-P21,0))","=IF(Q21="""","""",Q21)","=IF(OR(R21="""",G21<=0),"""",IFERROR(-PMT(F21,G21,E21),0))","=IF(R21="""","""",R21*F21)","=IF(S21="""","""",MIN(R21,MAX(S21-T21,0)))","=IF(R21="""","""",MAX(R21-U21,0))","=IF(V21="""","""",V21)","=IF(OR(W21="""",G21<=0),"""",IFERROR(-PMT(F21,G21,E21),0))","=IF(W21="""","""",W21*F21)","=IF(X21="""","""",MIN(W21,MAX(X21-Y21,0)))","=IF(W21="""","""",MAX(W21-Z21,0))","=IF(AA21="""","""",AA21)","=IF(OR(AB21="""",G21<=0),"""",IFERROR(-PMT(F21,G21,E21),0))","=IF(AB21="""","""",AB21*F21)","=IF(AC21="""","""",MIN(AB21,MAX(AC21-AD21,0)))","=IF(AB21="""","""",MAX(AB21-AE21,0))","=IF(AF21="""","""",AF21)","=IF(OR(AG21="""",G21<=0),"""",IFERROR(-PMT(F21,G21,E21),0))","=IF(AG21="""","""",AG21*F21)","=IF(AH21="""","""",MIN(AG21,MAX(AH21-AI21,0)))","=IF(AG21="""","""",MAX(AG21-AJ21,0))","=IF(AK21="""","""",AK21)","=IF(OR(AL21="""",G21<=0),"""",IFERROR(-PMT(F21,G21,E21),0))","=IF(AL21="""","""",AL21*F21)","=IF(AM21="""","""",MIN(AL21,MAX(AM21-AN21,0)))","=IF(AL21="""","""",MAX(AL21-AO21,0))","=IF(AP21="""","""",AP21)","=IF(OR(AQ21="""",G21<=0),"""",IFERROR(-PMT(F21,G21,E21),0))","=IF(AQ21="""","""",AQ21*F21)","=IF(AR21="""","""",MIN(AQ21,MAX(AR21-AS21,0)))","=IF(AQ21="""","""",MAX(AQ21-AT21,0))","=IF(AU21="""","""",AU21)","=IF(OR(AV21="""",G21<=0),"""",IFERROR(-PMT(F21,G21,E21),0))","=IF(AV21="""","""",AV21*F21)","=IF(AW21="""","""",MIN(AV21,MAX(AW21-AX21,0)))","=IF(AV21="""","""",MAX(AV21-AY21,0))","=IF(AZ21="""","""",AZ21)","=IF(OR(BA21="""",G21<=0),"""",IFERROR(-PMT(F21,G21,E21),0))","=IF(BA21="""","""",BA21*F21)","=IF(BB21="""","""",MIN(BA21,MAX(BB21-BC21,0)))","=IF(BA21="""","""",MAX(BA21-BD21,0))","=IF(BE21="""","""",BE21)","=IF(OR(BF21="""",G21<=0),"""",IFERROR(-PMT(F21,G21,E21),0))","=IF(BF21="""","""",BF21*F21)","=IF(BG21="""","""",MIN(BF21,MAX(BG21-BH21,0)))","=IF(BF21="""","""",MAX(BF21-BI21,0))","=IF(BJ21="""","""",BJ21)","=IF(OR(BK21="""",G21<=0),"""",IFERROR(-PMT(F21,G21,E21),0))","=IF(BK21="""","""",BK21*F21)","=IF(BL21="""","""",MIN(BK21,MAX(BL21-BM21,0)))","=IF(BK21="""","""",MAX(BK21-BN21,0))"
"=IF(B22="""","""",""LN""&TEXT(ROW()-1,""000""))","","=IFERROR(VLOOKUP(B22,Members!$B$2:$C$31,2,FALSE),"""")","","","=Settings!$B$10","","=IF(E22="""","""",E22)","=IF(OR(H22="""",G22<=0),"""",IFERROR(-PMT(F22,G22,E22),0))","=IF(H22="""","""",H22*F22)","=IF(I22="""","""",MIN(H22,MAX(I22-J22,0)))","=IF(H22="""","""",MAX(H22-K22,0))","=IF(L22="""","""",L22)","=IF(OR(M22="""",G22<=0),"""",IFERROR(-PMT(F22,G22,E22),0))","=IF(M22="""","""",M22*F22)","=IF(N22="""","""",MIN(M22,MAX(N22-O22,0)))","=IF(M22="""","""",MAX(M22-P22,0))","=IF(Q22="""","""",Q22)","=IF(OR(R22="""",G22<=0),"""",IFERROR(-PMT(F22,G22,E22),0))","=IF(R22="""","""",R22*F22)","=IF(S22="""","""",MIN(R22,MAX(S22-T22,0)))","=IF(R22="""","""",MAX(R22-U22,0))","=IF(V22="""","""",V22)","=IF(OR(W22="""",G22<=0),"""",IFERROR(-PMT(F22,G22,E22),0))","=IF(W22="""","""",W22*F22)","=IF(X22="""","""",MIN(W22,MAX(X22-Y22,0)))","=IF(W22="""","""",MAX(W22-Z22,0))","=IF(AA22="""","""",AA22)","=IF(OR(AB22="""",G22<=0),"""",IFERROR(-PMT(F22,G22,E22),0))","=IF(AB22="""","""",AB22*F22)","=IF(AC22="""","""",MIN(AB22,MAX(AC22-AD22,0)))","=IF(AB22="""","""",MAX(AB22-AE22,0))","=IF(AF22="""","""",AF22)","=IF(OR(AG22="""",G22<=0),"""",IFERROR(-PMT(F22,G22,E22),0))","=IF(AG22="""","""",AG22*F22)","=IF(AH22="""","""",MIN(AG22,MAX(AH22-AI22,0)))","=IF(AG22="""","""",MAX(AG22-AJ22,0))","=IF(AK22="""","""",AK22)","=IF(OR(AL22="""",G22<=0),"""",IFERROR(-PMT(F22,G22,E22),0))","=IF(AL22="""","""",AL22*F22)","=IF(AM22="""","""",MIN(AL22,MAX(AM22-AN22,0)))","=IF(AL22="""","""",MAX(AL22-AO22,0))","=IF(AP22="""","""",AP22)","=IF(OR(AQ22="""",G22<=0),"""",IFERROR(-PMT(F22,G22,E22),0))","=IF(AQ22="""","""",AQ22*F22)","=IF(AR22="""","""",MIN(AQ22,MAX(AR22-AS22,0)))","=IF(AQ22="""","""",MAX(AQ22-AT22,0))","=IF(AU22="""","""",AU22)","=IF(OR(AV22="""",G22<=0),"""",IFERROR(-PMT(F22,G22,E22),0))","=IF(AV22="""","""",AV22*F22)","=IF(AW22="""","""",MIN(AV22,MAX(AW22-AX22,0)))","=IF(AV22="""","""",MAX(AV22-AY22,0))","=IF(AZ22="""","""",AZ22)","=IF(OR(BA22="""",G22<=0),"""",IFERROR(-PMT(F22,G22,E22),0))","=IF(BA22="""","""",BA22*F22)","=IF(BB22="""","""",MIN(BA22,MAX(BB22-BC22,0)))","=IF(BA22="""","""",MAX(BA22-BD22,0))","=IF(BE22="""","""",BE22)","=IF(OR(BF22="""",G22<=0),"""",IFERROR(-PMT(F22,G22,E22),0))","=IF(BF22="""","""",BF22*F22)","=IF(BG22="""","""",MIN(BF22,MAX(BG22-BH22,0)))","=IF(BF22="""","""",MAX(BF22-BI22,0))","=IF(BJ22="""","""",BJ22)","=IF(OR(BK22="""",G22<=0),"""",IFERROR(-PMT(F22,G22,E22),0))","=IF(BK22="""","""",BK22*F22)","=IF(BL22="""","""",MIN(BK22,MAX(BL22-BM22,0)))","=IF(BK22="""","""",MAX(BK22-BN22,0))"
"=IF(B23="""","""",""LN""&TEXT(ROW()-1,""000""))","","=IFERROR(VLOOKUP(B23,Members!$B$2:$C$31,2,FALSE),"""")","","","=Settings!$B$10","","=IF(E23="""","""",E23)","=IF(OR(H23="""",G23<=0),"""",IFERROR(-PMT(F23,G23,E23),0))","=IF(H23="""","""",H23*F23)","=IF(I23="""","""",MIN(H23,MAX(I23-J23,0)))","=IF(H23="""","""",MAX(H23-K23,0))","=IF(L23="""","""",L23)","=IF(OR(M23="""",G23<=0),"""",IFERROR(-PMT(F23,G23,E23),0))","=IF(M23="""","""",M23*F23)","=IF(N23="""","""",MIN(M23,MAX(N23-O23,0)))","=IF(M23="""","""",MAX(M23-P23,0))","=IF(Q23="""","""",Q23)","=IF(OR(R23="""",G23<=0),"""",IFERROR(-PMT(F23,G23,E23),0))","=IF(R23="""","""",R23*F23)","=IF(S23="""","""",MIN(R23,MAX(S23-T23,0)))","=IF(R23="""","""",MAX(R23-U23,0))","=IF(V23="""","""",V23)","=IF(OR(W23="""",G23<=0),"""",IFERROR(-PMT(F23,G23,E23),0))","=IF(W23="""","""",W23*F23)","=IF(X23="""","""",MIN(W23,MAX(X23-Y23,0)))","=IF(W23="""","""",MAX(W23-Z23,0))","=IF(AA23="""","""",AA23)","=IF(OR(AB23="""",G23<=0),"""",IFERROR(-PMT(F23,G23,E23),0))","=IF(AB23="""","""",AB23*F23)","=IF(AC23="""","""",MIN(AB23,MAX(AC23-AD23,0)))","=IF(AB23="""","""",MAX(AB23-AE23,0))","=IF(AF23="""","""",AF23)","=IF(OR(AG23="""",G23<=0),"""",IFERROR(-PMT(F23,G23,E23),0))","=IF(AG23="""","""",AG23*F23)","=IF(AH23="""","""",MIN(AG23,MAX(AH23-AI23,0)))","=IF(AG23="""","""",MAX(AG23-AJ23,0))","=IF(AK23="""","""",AK23)","=IF(OR(AL23="""",G23<=0),"""",IFERROR(-PMT(F23,G23,E23),0))","=IF(AL23="""","""",AL23*F23)","=IF(AM23="""","""",MIN(AL23,MAX(AM23-AN23,0)))","=IF(AL23="""","""",MAX(AL23-AO23,0))","=IF(AP23="""","""",AP23)","=IF(OR(AQ23="""",G23<=0),"""",IFERROR(-PMT(F23,G23,E23),0))","=IF(AQ23="""","""",AQ23*F23)","=IF(AR23="""","""",MIN(AQ23,MAX(AR23-AS23,0)))","=IF(AQ23="""","""",MAX(AQ23-AT23,0))","=IF(AU23="""","""",AU23)","=IF(OR(AV23="""",G23<=0),"""",IFERROR(-PMT(F23,G23,E23),0))","=IF(AV23="""","""",AV23*F23)","=IF(AW23="""","""",MIN(AV23,MAX(AW23-AX23,0)))","=IF(AV23="""","""",MAX(AV23-AY23,0))","=IF(AZ23="""","""",AZ23)","=IF(OR(BA23="""",G23<=0),"""",IFERROR(-PMT(F23,G23,E23),0))","=IF(BA23="""","""",BA23*F23)","=IF(BB23="""","""",MIN(BA23,MAX(BB23-BC23,0)))","=IF(BA23="""","""",MAX(BA23-BD23,0))","=IF(BE23="""","""",BE23)","=IF(OR(BF23="""",G23<=0),"""",IFERROR(-PMT(F23,G23,E23),0))","=IF(BF23="""","""",BF23*F23)","=IF(BG23="""","""",MIN(BF23,MAX(BG23-BH23,0)))","=IF(BF23="""","""",MAX(BF23-BI23,0))","=IF(BJ23="""","""",BJ23)","=IF(OR(BK23="""",G23<=0),"""",IFERROR(-PMT(F23,G23,E23),0))","=IF(BK23="""","""",BK23*F23)","=IF(BL23="""","""",MIN(BK23,MAX(BL23-BM23,0)))","=IF(BK23="""","""",MAX(BK23-BN23,0))"
"=IF(B24="""","""",""LN""&TEXT(ROW()-1,""000""))","","=IFERROR(VLOOKUP(B24,Members!$B$2:$C$31,2,FALSE),"""")","","","=Settings!$B$10","","=IF(E24="""","""",E24)","=IF(OR(H24="""",G24<=0),"""",IFERROR(-PMT(F24,G24,E24),0))","=IF(H24="""","""",H24*F24)","=IF(I24="""","""",MIN(H24,MAX(I24-J24,0)))","=IF(H24="""","""",MAX(H24-K24,0))","=IF(L24="""","""",L24)","=IF(OR(M24="""",G24<=0),"""",IFERROR(-PMT(F24,G24,E24),0))","=IF(M24="""","""",M24*F24)","=IF(N24="""","""",MIN(M24,MAX(N24-O24,0)))","=IF(M24="""","""",MAX(M24-P24,0))","=IF(Q24="""","""",Q24)","=IF(OR(R24="""",G24<=0),"""",IFERROR(-PMT(F24,G24,E24),0))","=IF(R24="""","""",R24*F24)","=IF(S24="""","""",MIN(R24,MAX(S24-T24,0)))","=IF(R24="""","""",MAX(R24-U24,0))","=IF(V24="""","""",V24)","=IF(OR(W24="""",G24<=0),"""",IFERROR(-PMT(F24,G24,E24),0))","=IF(W24="""","""",W24*F24)","=IF(X24="""","""",MIN(W24,MAX(X24-Y24,0)))","=IF(W24="""","""",MAX(W24-Z24,0))","=IF(AA24="""","""",AA24)","=IF(OR(AB24="""",G24<=0),"""",IFERROR(-PMT(F24,G24,E24),0))","=IF(AB24="""","""",AB24*F24)","=IF(AC24="""","""",MIN(AB24,MAX(AC24-AD24,0)))","=IF(AB24="""","""",MAX(AB24-AE24,0))","=IF(AF24="""","""",AF24)","=IF(OR(AG24="""",G24<=0),"""",IFERROR(-PMT(F24,G24,E24),0))","=IF(AG24="""","""",AG24*F24)","=IF(AH24="""","""",MIN(AG24,MAX(AH24-AI24,0)))","=IF(AG24="""","""",MAX(AG24-AJ24,0))","=IF(AK24="""","""",AK24)","=IF(OR(AL24="""",G24<=0),"""",IFERROR(-PMT(F24,G24,E24),0))","=IF(AL24="""","""",AL24*F24)","=IF(AM24="""","""",MIN(AL24,MAX(AM24-AN24,0)))","=IF(AL24="""","""",MAX(AL24-AO24,0))","=IF(AP24="""","""",AP24)","=IF(OR(AQ24="""",G24<=0),"""",IFERROR(-PMT(F24,G24,E24),0))","=IF(AQ24="""","""",AQ24*F24)","=IF(AR24="""","""",MIN(AQ24,MAX(AR24-AS24,0)))","=IF(AQ24="""","""",MAX(AQ24-AT24,0))","=IF(AU24="""","""",AU24)","=IF(OR(AV24="""",G24<=0),"""",IFERROR(-PMT(F24,G24,E24),0))","=IF(AV24="""","""",AV24*F24)","=IF(AW24="""","""",MIN(AV24,MAX(AW24-AX24,0)))","=IF(AV24="""","""",MAX(AV24-AY24,0))","=IF(AZ24="""","""",AZ24)","=IF(OR(BA24="""",G24<=0),"""",IFERROR(-PMT(F24,G24,E24),0))","=IF(BA24="""","""",BA24*F24)","=IF(BB24="""","""",MIN(BA24,MAX(BB24-BC24,0)))","=IF(BA24="""","""",MAX(BA24-BD24,0))","=IF(BE24="""","""",BE24)","=IF(OR(BF24="""",G24<=0),"""",IFERROR(-PMT(F24,G24,E24),0))","=IF(BF24="""","""",BF24*F24)","=IF(BG24="""","""",MIN(BF24,MAX(BG24-BH24,0)))","=IF(BF24="""","""",MAX(BF24-BI24,0))","=IF(BJ24="""","""",BJ24)","=IF(OR(BK24="""",G24<=0),"""",IFERROR(-PMT(F24,G24,E24),0))","=IF(BK24="""","""",BK24*F24)","=IF(BL24="""","""",MIN(BK24,MAX(BL24-BM24,0)))","=IF(BK24="""","""",MAX(BK24-BN24,0))"
"=IF(B25="""","""",""LN""&TEXT(ROW()-1,""000""))","","=IFERROR(VLOOKUP(B25,Members!$B$2:$C$31,2,FALSE),"""")","","","=Settings!$B$10","","=IF(E25="""","""",E25)","=IF(OR(H25="""",G25<=0),"""",IFERROR(-PMT(F25,G25,E25),0))","=IF(H25="""","""",H25*F25)","=IF(I25="""","""",MIN(H25,MAX(I25-J25,0)))","=IF(H25="""","""",MAX(H25-K25,0))","=IF(L25="""","""",L25)","=IF(OR(M25="""",G25<=0),"""",IFERROR(-PMT(F25,G25,E25),0))","=IF(M25="""","""",M25*F25)","=IF(N25="""","""",MIN(M25,MAX(N25-O25,0)))","=IF(M25="""","""",MAX(M25-P25,0))","=IF(Q25="""","""",Q25)","=IF(OR(R25="""",G25<=0),"""",IFERROR(-PMT(F25,G25,E25),0))","=IF(R25="""","""",R25*F25)","=IF(S25="""","""",MIN(R25,MAX(S25-T25,0)))","=IF(R25="""","""",MAX(R25-U25,0))","=IF(V25="""","""",V25)","=IF(OR(W25="""",G25<=0),"""",IFERROR(-PMT(F25,G25,E25),0))","=IF(W25="""","""",W25*F25)","=IF(X25="""","""",MIN(W25,MAX(X25-Y25,0)))","=IF(W25="""","""",MAX(W25-Z25,0))","=IF(AA25="""","""",AA25)","=IF(OR(AB25="""",G25<=0),"""",IFERROR(-PMT(F25,G25,E25),0))","=IF(AB25="""","""",AB25*F25)","=IF(AC25="""","""",MIN(AB25,MAX(AC25-AD25,0)))","=IF(AB25="""","""",MAX(AB25-AE25,0))","=IF(AF25="""","""",AF25)","=IF(OR(AG25="""",G25<=0),"""",IFERROR(-PMT(F25,G25,E25),0))","=IF(AG25="""","""",AG25*F25)","=IF(AH25="""","""",MIN(AG25,MAX(AH25-AI25,0)))","=IF(AG25="""","""",MAX(AG25-AJ25,0))","=IF(AK25="""","""",AK25)","=IF(OR(AL25="""",G25<=0),"""",IFERROR(-PMT(F25,G25,E25),0))","=IF(AL25="""","""",AL25*F25)","=IF(AM25="""","""",MIN(AL25,MAX(AM25-AN25,0)))","=IF(AL25="""","""",MAX(AL25-AO25,0))","=IF(AP25="""","""",AP25)","=IF(OR(AQ25="""",G25<=0),"""",IFERROR(-PMT(F25,G25,E25),0))","=IF(AQ25="""","""",AQ25*F25)","=IF(AR25="""","""",MIN(AQ25,MAX(AR25-AS25,0)))","=IF(AQ25="""","""",MAX(AQ25-AT25,0))","=IF(AU25="""","""",AU25)","=IF(OR(AV25="""",G25<=0),"""",IFERROR(-PMT(F25,G25,E25),0))","=IF(AV25="""","""",AV25*F25)","=IF(AW25="""","""",MIN(AV25,MAX(AW25-AX25,0)))","=IF(AV25="""","""",MAX(AV25-AY25,0))","=IF(AZ25="""","""",AZ25)","=IF(OR(BA25="""",G25<=0),"""",IFERROR(-PMT(F25,G25,E25),0))","=IF(BA25="""","""",BA25*F25)","=IF(BB25="""","""",MIN(BA25,MAX(BB25-BC25,0)))","=IF(BA25="""","""",MAX(BA25-BD25,0))","=IF(BE25="""","""",BE25)","=IF(OR(BF25="""",G25<=0),"""",IFERROR(-PMT(F25,G25,E25),0))","=IF(BF25="""","""",BF25*F25)","=IF(BG25="""","""",MIN(BF25,MAX(BG25-BH25,0)))","=IF(BF25="""","""",MAX(BF25-BI25,0))","=IF(BJ25="""","""",BJ25)","=IF(OR(BK25="""",G25<=0),"""",IFERROR(-PMT(F25,G25,E25),0))","=IF(BK25="""","""",BK25*F25)","=IF(BL25="""","""",MIN(BK25,MAX(BL25-BM25,0)))","=IF(BK25="""","""",MAX(BK25-BN25,0))"
"=IF(B26="""","""",""LN""&TEXT(ROW()-1,""000""))","","=IFERROR(VLOOKUP(B26,Members!$B$2:$C$31,2,FALSE),"""")","","","=Settings!$B$10","","=IF(E26="""","""",E26)","=IF(OR(H26="""",G26<=0),"""",IFERROR(-PMT(F26,G26,E26),0))","=IF(H26="""","""",H26*F26)","=IF(I26="""","""",MIN(H26,MAX(I26-J26,0)))","=IF(H26="""","""",MAX(H26-K26,0))","=IF(L26="""","""",L26)","=IF(OR(M26="""",G26<=0),"""",IFERROR(-PMT(F26,G26,E26),0))","=IF(M26="""","""",M26*F26)","=IF(N26="""","""",MIN(M26,MAX(N26-O26,0)))","=IF(M26="""","""",MAX(M26-P26,0))","=IF(Q26="""","""",Q26)","=IF(OR(R26="""",G26<=0),"""",IFERROR(-PMT(F26,G26,E26),0))","=IF(R26="""","""",R26*F26)","=IF(S26="""","""",MIN(R26,MAX(S26-T26,0)))","=IF(R26="""","""",MAX(R26-U26,0))","=IF(V26="""","""",V26)","=IF(OR(W26="""",G26<=0),"""",IFERROR(-PMT(F26,G26,E26),0))","=IF(W26="""","""",W26*F26)","=IF(X26="""","""",MIN(W26,MAX(X26-Y26,0)))","=IF(W26="""","""",MAX(W26-Z26,0))","=IF(AA26="""","""",AA26)","=IF(OR(AB26="""",G26<=0),"""",IFERROR(-PMT(F26,G26,E26),0))","=IF(AB26="""","""",AB26*F26)","=IF(AC26="""","""",MIN(AB26,MAX(AC26-AD26,0)))","=IF(AB26="""","""",MAX(AB26-AE26,0))","=IF(AF26="""","""",AF26)","=IF(OR(AG26="""",G26<=0),"""",IFERROR(-PMT(F26,G26,E26),0))","=IF(AG26="""","""",AG26*F26)","=IF(AH26="""","""",MIN(AG26,MAX(AH26-AI26,0)))","=IF(AG26="""","""",MAX(AG26-AJ26,0))","=IF(AK26="""","""",AK26)","=IF(OR(AL26="""",G26<=0),"""",IFERROR(-PMT(F26,G26,E26),0))","=IF(AL26="""","""",AL26*F26)","=IF(AM26="""","""",MIN(AL26,MAX(AM26-AN26,0)))","=IF(AL26="""","""",MAX(AL26-AO26,0))","=IF(AP26="""","""",AP26)","=IF(OR(AQ26="""",G26<=0),"""",IFERROR(-PMT(F26,G26,E26),0))","=IF(AQ26="""","""",AQ26*F26)","=IF(AR26="""","""",MIN(AQ26,MAX(AR26-AS26,0)))","=IF(AQ26="""","""",MAX(AQ26-AT26,0))","=IF(AU26="""","""",AU26)","=IF(OR(AV26="""",G26<=0),"""",IFERROR(-PMT(F26,G26,E26),0))","=IF(AV26="""","""",AV26*F26)","=IF(AW26="""","""",MIN(AV26,MAX(AW26-AX26,0)))","=IF(AV26="""","""",MAX(AV26-AY26,0))","=IF(AZ26="""","""",AZ26)","=IF(OR(BA26="""",G26<=0),"""",IFERROR(-PMT(F26,G26,E26),0))","=IF(BA26="""","""",BA26*F26)","=IF(BB26="""","""",MIN(BA26,MAX(BB26-BC26,0)))","=IF(BA26="""","""",MAX(BA26-BD26,0))","=IF(BE26="""","""",BE26)","=IF(OR(BF26="""",G26<=0),"""",IFERROR(-PMT(F26,G26,E26),0))","=IF(BF26="""","""",BF26*F26)","=IF(BG26="""","""",MIN(BF26,MAX(BG26-BH26,0)))","=IF(BF26="""","""",MAX(BF26-BI26,0))","=IF(BJ26="""","""",BJ26)","=IF(OR(BK26="""",G26<=0),"""",IFERROR(-PMT(F26,G26,E26),0))","=IF(BK26="""","""",BK26*F26)","=IF(BL26="""","""",MIN(BK26,MAX(BL26-BM26,0)))","=IF(BK26="""","""",MAX(BK26-BN26,0))"
"=IF(B27="""","""",""LN""&TEXT(ROW()-1,""000""))","","=IFERROR(VLOOKUP(B27,Members!$B$2:$C$31,2,FALSE),"""")","","","=Settings!$B$10","","=IF(E27="""","""",E27)","=IF(OR(H27="""",G27<=0),"""",IFERROR(-PMT(F27,G27,E27),0))","=IF(H27="""","""",H27*F27)","=IF(I27="""","""",MIN(H27,MAX(I27-J27,0)))","=IF(H27="""","""",MAX(H27-K27,0))","=IF(L27="""","""",L27)","=IF(OR(M27="""",G27<=0),"""",IFERROR(-PMT(F27,G27,E27),0))","=IF(M27="""","""",M27*F27)","=IF(N27="""","""",MIN(M27,MAX(N27-O27,0)))","=IF(M27="""","""",MAX(M27-P27,0))","=IF(Q27="""","""",Q27)","=IF(OR(R27="""",G27<=0),"""",IFERROR(-PMT(F27,G27,E27),0))","=IF(R27="""","""",R27*F27)","=IF(S27="""","""",MIN(R27,MAX(S27-T27,0)))","=IF(R27="""","""",MAX(R27-U27,0))","=IF(V27="""","""",V27)","=IF(OR(W27="""",G27<=0),"""",IFERROR(-PMT(F27,G27,E27),0))","=IF(W27="""","""",W27*F27)","=IF(X27="""","""",MIN(W27,MAX(X27-Y27,0)))","=IF(W27="""","""",MAX(W27-Z27,0))","=IF(AA27="""","""",AA27)","=IF(OR(AB27="""",G27<=0),"""",IFERROR(-PMT(F27,G27,E27),0))","=IF(AB27="""","""",AB27*F27)","=IF(AC27="""","""",MIN(AB27,MAX(AC27-AD27,0)))","=IF(AB27="""","""",MAX(AB27-AE27,0))","=IF(AF27="""","""",AF27)","=IF(OR(AG27="""",G27<=0),"""",IFERROR(-PMT(F27,G27,E27),0))","=IF(AG27="""","""",AG27*F27)","=IF(AH27="""","""",MIN(AG27,MAX(AH27-AI27,0)))","=IF(AG27="""","""",MAX(AG27-AJ27,0))","=IF(AK27="""","""",AK27)","=IF(OR(AL27="""",G27<=0),"""",IFERROR(-PMT(F27,G27,E27),0))","=IF(AL27="""","""",AL27*F27)","=IF(AM27="""","""",MIN(AL27,MAX(AM27-AN27,0)))","=IF(AL27="""","""",MAX(AL27-AO27,0))","=IF(AP27="""","""",AP27)","=IF(OR(AQ27="""",G27<=0),"""",IFERROR(-PMT(F27,G27,E27),0))","=IF(AQ27="""","""",AQ27*F27)","=IF(AR27="""","""",MIN(AQ27,MAX(AR27-AS27,0)))","=IF(AQ27="""","""",MAX(AQ27-AT27,0))","=IF(AU27="""","""",AU27)","=IF(OR(AV27="""",G27<=0),"""",IFERROR(-PMT(F27,G27,E27),0))","=IF(AV27="""","""",AV27*F27)","=IF(AW27="""","""",MIN(AV27,MAX(AW27-AX27,0)))","=IF(AV27="""","""",MAX(AV27-AY27,0))","=IF(AZ27="""","""",AZ27)","=IF(OR(BA27="""",G27<=0),"""",IFERROR(-PMT(F27,G27,E27),0))","=IF(BA27="""","""",BA27*F27)","=IF(BB27="""","""",MIN(BA27,MAX(BB27-BC27,0)))","=IF(BA27="""","""",MAX(BA27-BD27,0))","=IF(BE27="""","""",BE27)","=IF(OR(BF27="""",G27<=0),"""",IFERROR(-PMT(F27,G27,E27),0))","=IF(BF27="""","""",BF27*F27)","=IF(BG27="""","""",MIN(BF27,MAX(BG27-BH27,0)))","=IF(BF27="""","""",MAX(BF27-BI27,0))","=IF(BJ27="""","""",BJ27)","=IF(OR(BK27="""",G27<=0),"""",IFERROR(-PMT(F27,G27,E27),0))","=IF(BK27="""","""",BK27*F27)","=IF(BL27="""","""",MIN(BK27,MAX(BL27-BM27,0)))","=IF(BK27="""","""",MAX(BK27-BN27,0))"
"=IF(B28="""","""",""LN""&TEXT(ROW()-1,""000""))","","=IFERROR(VLOOKUP(B28,Members!$B$2:$C$31,2,FALSE),"""")","","","=Settings!$B$10","","=IF(E28="""","""",E28)","=IF(OR(H28="""",G28<=0),"""",IFERROR(-PMT(F28,G28,E28),0))","=IF(H28="""","""",H28*F28)","=IF(I28="""","""",MIN(H28,MAX(I28-J28,0)))","=IF(H28="""","""",MAX(H28-K28,0))","=IF(L28="""","""",L28)","=IF(OR(M28="""",G28<=0),"""",IFERROR(-PMT(F28,G28,E28),0))","=IF(M28="""","""",M28*F28)","=IF(N28="""","""",MIN(M28,MAX(N28-O28,0)))","=IF(M28="""","""",MAX(M28-P28,0))","=IF(Q28="""","""",Q28)","=IF(OR(R28="""",G28<=0),"""",IFERROR(-PMT(F28,G28,E28),0))","=IF(R28="""","""",R28*F28)","=IF(S28="""","""",MIN(R28,MAX(S28-T28,0)))","=IF(R28="""","""",MAX(R28-U28,0))","=IF(V28="""","""",V28)","=IF(OR(W28="""",G28<=0),"""",IFERROR(-PMT(F28,G28,E28),0))","=IF(W28="""","""",W28*F28)","=IF(X28="""","""",MIN(W28,MAX(X28-Y28,0)))","=IF(W28="""","""",MAX(W28-Z28,0))","=IF(AA28="""","""",AA28)","=IF(OR(AB28="""",G28<=0),"""",IFERROR(-PMT(F28,G28,E28),0))","=IF(AB28="""","""",AB28*F28)","=IF(AC28="""","""",MIN(AB28,MAX(AC28-AD28,0)))","=IF(AB28="""","""",MAX(AB28-AE28,0))","=IF(AF28="""","""",AF28)","=IF(OR(AG28="""",G28<=0),"""",IFERROR(-PMT(F28,G28,E28),0))","=IF(AG28="""","""",AG28*F28)","=IF(AH28="""","""",MIN(AG28,MAX(AH28-AI28,0)))","=IF(AG28="""","""",MAX(AG28-AJ28,0))","=IF(AK28="""","""",AK28)","=IF(OR(AL28="""",G28<=0),"""",IFERROR(-PMT(F28,G28,E28),0))","=IF(AL28="""","""",AL28*F28)","=IF(AM28="""","""",MIN(AL28,MAX(AM28-AN28,0)))","=IF(AL28="""","""",MAX(AL28-AO28,0))","=IF(AP28="""","""",AP28)","=IF(OR(AQ28="""",G28<=0),"""",IFERROR(-PMT(F28,G28,E28),0))","=IF(AQ28="""","""",AQ28*F28)","=IF(AR28="""","""",MIN(AQ28,MAX(AR28-AS28,0)))","=IF(AQ28="""","""",MAX(AQ28-AT28,0))","=IF(AU28="""","""",AU28)","=IF(OR(AV28="""",G28<=0),"""",IFERROR(-PMT(F28,G28,E28),0))","=IF(AV28="""","""",AV28*F28)","=IF(AW28="""","""",MIN(AV28,MAX(AW28-AX28,0)))","=IF(AV28="""","""",MAX(AV28-AY28,0))","=IF(AZ28="""","""",AZ28)","=IF(OR(BA28="""",G28<=0),"""",IFERROR(-PMT(F28,G28,E28),0))","=IF(BA28="""","""",BA28*F28)","=IF(BB28="""","""",MIN(BA28,MAX(BB28-BC28,0)))","=IF(BA28="""","""",MAX(BA28-BD28,0))","=IF(BE28="""","""",BE28)","=IF(OR(BF28="""",G28<=0),"""",IFERROR(-PMT(F28,G28,E28),0))","=IF(BF28="""","""",BF28*F28)","=IF(BG28="""","""",MIN(BF28,MAX(BG28-BH28,0)))","=IF(BF28="""","""",MAX(BF28-BI28,0))","=IF(BJ28="""","""",BJ28)","=IF(OR(BK28="""",G28<=0),"""",IFERROR(-PMT(F28,G28,E28),0))","=IF(BK28="""","""",BK28*F28)","=IF(BL28="""","""",MIN(BK28,MAX(BL28-BM28,0)))","=IF(BK28="""","""",MAX(BK28-BN28,0))"
"=IF(B29="""","""",""LN""&TEXT(ROW()-1,""000""))","","=IFERROR(VLOOKUP(B29,Members!$B$2:$C$31,2,FALSE),"""")","","","=Settings!$B$10","","=IF(E29="""","""",E29)","=IF(OR(H29="""",G29<=0),"""",IFERROR(-PMT(F29,G29,E29),0))","=IF(H29="""","""",H29*F29)","=IF(I29="""","""",MIN(H29,MAX(I29-J29,0)))","=IF(H29="""","""",MAX(H29-K29,0))","=IF(L29="""","""",L29)","=IF(OR(M29="""",G29<=0),"""",IFERROR(-PMT(F29,G29,E29),0))","=IF(M29="""","""",M29*F29)","=IF(N29="""","""",MIN(M29,MAX(N29-O29,0)))","=IF(M29="""","""",MAX(M29-P29,0))","=IF(Q29="""","""",Q29)","=IF(OR(R29="""",G29<=0),"""",IFERROR(-PMT(F29,G29,E29),0))","=IF(R29="""","""",R29*F29)","=IF(S29="""","""",MIN(R29,MAX(S29-T29,0)))","=IF(R29="""","""",MAX(R29-U29,0))","=IF(V29="""","""",V29)","=IF(OR(W29="""",G29<=0),"""",IFERROR(-PMT(F29,G29,E29),0))","=IF(W29="""","""",W29*F29)","=IF(X29="""","""",MIN(W29,MAX(X29-Y29,0)))","=IF(W29="""","""",MAX(W29-Z29,0))","=IF(AA29="""","""",AA29)","=IF(OR(AB29="""",G29<=0),"""",IFERROR(-PMT(F29,G29,E29),0))","=IF(AB29="""","""",AB29*F29)","=IF(AC29="""","""",MIN(AB29,MAX(AC29-AD29,0)))","=IF(AB29="""","""",MAX(AB29-AE29,0))","=IF(AF29="""","""",AF29)","=IF(OR(AG29="""",G29<=0),"""",IFERROR(-PMT(F29,G29,E29),0))","=IF(AG29="""","""",AG29*F29)","=IF(AH29="""","""",MIN(AG29,MAX(AH29-AI29,0)))","=IF(AG29="""","""",MAX(AG29-AJ29,0))","=IF(AK29="""","""",AK29)","=IF(OR(AL29="""",G29<=0),"""",IFERROR(-PMT(F29,G29,E29),0))","=IF(AL29="""","""",AL29*F29)","=IF(AM29="""","""",MIN(AL29,MAX(AM29-AN29,0)))","=IF(AL29="""","""",MAX(AL29-AO29,0))","=IF(AP29="""","""",AP29)","=IF(OR(AQ29="""",G29<=0),"""",IFERROR(-PMT(F29,G29,E29),0))","=IF(AQ29="""","""",AQ29*F29)","=IF(AR29="""","""",MIN(AQ29,MAX(AR29-AS29,0)))","=IF(AQ29="""","""",MAX(AQ29-AT29,0))","=IF(AU29="""","""",AU29)","=IF(OR(AV29="""",G29<=0),"""",IFERROR(-PMT(F29,G29,E29),0))","=IF(AV29="""","""",AV29*F29)","=IF(AW29="""","""",MIN(AV29,MAX(AW29-AX29,0)))","=IF(AV29="""","""",MAX(AV29-AY29,0))","=IF(AZ29="""","""",AZ29)","=IF(OR(BA29="""",G29<=0),"""",IFERROR(-PMT(F29,G29,E29),0))","=IF(BA29="""","""",BA29*F29)","=IF(BB29="""","""",MIN(BA29,MAX(BB29-BC29,0)))","=IF(BA29="""","""",MAX(BA29-BD29,0))","=IF(BE29="""","""",BE29)","=IF(OR(BF29="""",G29<=0),"""",IFERROR(-PMT(F29,G29,E29),0))","=IF(BF29="""","""",BF29*F29)","=IF(BG29="""","""",MIN(BF29,MAX(BG29-BH29,0)))","=IF(BF29="""","""",MAX(BF29-BI29,0))","=IF(BJ29="""","""",BJ29)","=IF(OR(BK29="""",G29<=0),"""",IFERROR(-PMT(F29,G29,E29),0))","=IF(BK29="""","""",BK29*F29)","=IF(BL29="""","""",MIN(BK29,MAX(BL29-BM29,0)))","=IF(BK29="""","""",MAX(BK29-BN29,0))"
"=IF(B30="""","""",""LN""&TEXT(ROW()-1,""000""))","","=IFERROR(VLOOKUP(B30,Members!$B$2:$C$31,2,FALSE),"""")","","","=Settings!$B$10","","=IF(E30="""","""",E30)","=IF(OR(H30="""",G30<=0),"""",IFERROR(-PMT(F30,G30,E30),0))","=IF(H30="""","""",H30*F30)","=IF(I30="""","""",MIN(H30,MAX(I30-J30,0)))","=IF(H30="""","""",MAX(H30-K30,0))","=IF(L30="""","""",L30)","=IF(OR(M30="""",G30<=0),"""",IFERROR(-PMT(F30,G30,E30),0))","=IF(M30="""","""",M30*F30)","=IF(N30="""","""",MIN(M30,MAX(N30-O30,0)))","=IF(M30="""","""",MAX(M30-P30,0))","=IF(Q30="""","""",Q30)","=IF(OR(R30="""",G30<=0),"""",IFERROR(-PMT(F30,G30,E30),0))","=IF(R30="""","""",R30*F30)","=IF(S30="""","""",MIN(R30,MAX(S30-T30,0)))","=IF(R30="""","""",MAX(R30-U30,0))","=IF(V30="""","""",V30)","=IF(OR(W30="""",G30<=0),"""",IFERROR(-PMT(F30,G30,E30),0))","=IF(W30="""","""",W30*F30)","=IF(X30="""","""",MIN(W30,MAX(X30-Y30,0)))","=IF(W30="""","""",MAX(W30-Z30,0))","=IF(AA30="""","""",AA30)","=IF(OR(AB30="""",G30<=0),"""",IFERROR(-PMT(F30,G30,E30),0))","=IF(AB30="""","""",AB30*F30)","=IF(AC30="""","""",MIN(AB30,MAX(AC30-AD30,0)))","=IF(AB30="""","""",MAX(AB30-AE30,0))","=IF(AF30="""","""",AF30)","=IF(OR(AG30="""",G30<=0),"""",IFERROR(-PMT(F30,G30,E30),0))","=IF(AG30="""","""",AG30*F30)","=IF(AH30="""","""",MIN(AG30,MAX(AH30-AI30,0)))","=IF(AG30="""","""",MAX(AG30-AJ30,0))","=IF(AK30="""","""",AK30)","=IF(OR(AL30="""",G30<=0),"""",IFERROR(-PMT(F30,G30,E30),0))","=IF(AL30="""","""",AL30*F30)","=IF(AM30="""","""",MIN(AL30,MAX(AM30-AN30,0)))","=IF(AL30="""","""",MAX(AL30-AO30,0))","=IF(AP30="""","""",AP30)","=IF(OR(AQ30="""",G30<=0),"""",IFERROR(-PMT(F30,G30,E30),0))","=IF(AQ30="""","""",AQ30*F30)","=IF(AR30="""","""",MIN(AQ30,MAX(AR30-AS30,0)))","=IF(AQ30="""","""",MAX(AQ30-AT30,0))","=IF(AU30="""","""",AU30)","=IF(OR(AV30="""",G30<=0),"""",IFERROR(-PMT(F30,G30,E30),0))","=IF(AV30="""","""",AV30*F30)","=IF(AW30="""","""",MIN(AV30,MAX(AW30-AX30,0)))","=IF(AV30="""","""",MAX(AV30-AY30,0))","=IF(AZ30="""","""",AZ30)","=IF(OR(BA30="""",G30<=0),"""",IFERROR(-PMT(F30,G30,E30),0))","=IF(BA30="""","""",BA30*F30)","=IF(BB30="""","""",MIN(BA30,MAX(BB30-BC30,0)))","=IF(BA30="""","""",MAX(BA30-BD30,0))","=IF(BE30="""","""",BE30)","=IF(OR(BF30="""",G30<=0),"""",IFERROR(-PMT(F30,G30,E30),0))","=IF(BF30="""","""",BF30*F30)","=IF(BG30="""","""",MIN(BF30,MAX(BG30-BH30,0)))","=IF(BF30="""","""",MAX(BF30-BI30,0))","=IF(BJ30="""","""",BJ30)","=IF(OR(BK30="""",G30<=0),"""",IFERROR(-PMT(F30,G30,E30),0))","=IF(BK30="""","""",BK30*F30)","=IF(BL30="""","""",MIN(BK30,MAX(BL30-BM30,0)))","=IF(BK30="""","""",MAX(BK30-BN30,0))"
"=IF(B31="""","""",""LN""&TEXT(ROW()-1,""000""))","","=IFERROR(VLOOKUP(B31,Members!$B$2:$C$31,2,FALSE),"""")","","","=Settings!$B$10","","=IF(E31="""","""",E31)","=IF(OR(H31="""",G31<=0),"""",IFERROR(-PMT(F31,G31,E31),0))","=IF(H31="""","""",H31*F31)","=IF(I31="""","""",MIN(H31,MAX(I31-J31,0)))","=IF(H31="""","""",MAX(H31-K31,0))","=IF(L31="""","""",L31)","=IF(OR(M31="""",G31<=0),"""",IFERROR(-PMT(F31,G31,E31),0))","=IF(M31="""","""",M31*F31)","=IF(N31="""","""",MIN(M31,MAX(N31-O31,0)))","=IF(M31="""","""",MAX(M31-P31,0))","=IF(Q31="""","""",Q31)","=IF(OR(R31="""",G31<=0),"""",IFERROR(-PMT(F31,G31,E31),0))","=IF(R31="""","""",R31*F31)","=IF(S31="""","""",MIN(R31,MAX(S31-T31,0)))","=IF(R31="""","""",MAX(R31-U31,0))","=IF(V31="""","""",V31)","=IF(OR(W31="""",G31<=0),"""",IFERROR(-PMT(F31,G31,E31),0))","=IF(W31="""","""",W31*F31)","=IF(X31="""","""",MIN(W31,MAX(X31-Y31,0)))","=IF(W31="""","""",MAX(W31-Z31,0))","=IF(AA31="""","""",AA31)","=IF(OR(AB31="""",G31<=0),"""",IFERROR(-PMT(F31,G31,E31),0))","=IF(AB31="""","""",AB31*F31)","=IF(AC31="""","""",MIN(AB31,MAX(AC31-AD31,0)))","=IF(AB31="""","""",MAX(AB31-AE31,0))","=IF(AF31="""","""",AF31)","=IF(OR(AG31="""",G31<=0),"""",IFERROR(-PMT(F31,G31,E31),0))","=IF(AG31="""","""",AG31*F31)","=IF(AH31="""","""",MIN(AG31,MAX(AH31-AI31,0)))","=IF(AG31="""","""",MAX(AG31-AJ31,0))","=IF(AK31="""","""",AK31)","=IF(OR(AL31="""",G31<=0),"""",IFERROR(-PMT(F31,G31,E31),0))","=IF(AL31="""","""",AL31*F31)","=IF(AM31="""","""",MIN(AL31,MAX(AM31-AN31,0)))","=IF(AL31="""","""",MAX(AL31-AO31,0))","=IF(AP31="""","""",AP31)","=IF(OR(AQ31="""",G31<=0),"""",IFERROR(-PMT(F31,G31,E31),0))","=IF(AQ31="""","""",AQ31*F31)","=IF(AR31="""","""",MIN(AQ31,MAX(AR31-AS31,0)))","=IF(AQ31="""","""",MAX(AQ31-AT31,0))","=IF(AU31="""","""",AU31)","=IF(OR(AV31="""",G31<=0),"""",IFERROR(-PMT(F31,G31,E31),0))","=IF(AV31="""","""",AV31*F31)","=IF(AW31="""","""",MIN(AV31,MAX(AW31-AX31,0)))","=IF(AV31="""","""",MAX(AV31-AY31,0))","=IF(AZ31="""","""",AZ31)","=IF(OR(BA31="""",G31<=0),"""",IFERROR(-PMT(F31,G31,E31),0))","=IF(BA31="""","""",BA31*F31)","=IF(BB31="""","""",MIN(BA31,MAX(BB31-BC31,0)))","=IF(BA31="""","""",MAX(BA31-BD31,0))","=IF(BE31="""","""",BE31)","=IF(OR(BF31="""",G31<=0),"""",IFERROR(-PMT(F31,G31,E31),0))","=IF(BF31="""","""",BF31*F31)","=IF(BG31="""","""",MIN(BF31,MAX(BG31-BH31,0)))","=IF(BF31="""","""",MAX(BF31-BI31,0))","=IF(BJ31="""","""",BJ31)","=IF(OR(BK31="""",G31<=0),"""",IFERROR(-PMT(F31,G31,E31),0))","=IF(BK31="""","""",BK31*F31)","=IF(BL31="""","""",MIN(BK31,MAX(BL31-BM31,0)))","=IF(BK31="""","""",MAX(BK31-BN31,0))"
"=IF(B32="""","""",""LN""&TEXT(ROW()-1,""000""))","","=IFERROR(VLOOKUP(B32,Members!$B$2:$C$31,2,FALSE),"""")","","","=Settings!$B$10","","=IF(E32="""","""",E32)","=IF(OR(H32="""",G32<=0),"""",IFERROR(-PMT(F32,G32,E32),0))","=IF(H32="""","""",H32*F32)","=IF(I32="""","""",MIN(H32,MAX(I32-J32,0)))","=IF(H32="""","""",MAX(H32-K32,0))","=IF(L32="""","""",L32)","=IF(OR(M32="""",G32<=0),"""",IFERROR(-PMT(F32,G32,E32),0))","=IF(M32="""","""",M32*F32)","=IF(N32="""","""",MIN(M32,MAX(N32-O32,0)))","=IF(M32="""","""",MAX(M32-P32,0))","=IF(Q32="""","""",Q32)","=IF(OR(R32="""",G32<=0),"""",IFERROR(-PMT(F32,G32,E32),0))","=IF(R32="""","""",R32*F32)","=IF(S32="""","""",MIN(R32,MAX(S32-T32,0)))","=IF(R32="""","""",MAX(R32-U32,0))","=IF(V32="""","""",V32)","=IF(OR(W32="""",G32<=0),"""",IFERROR(-PMT(F32,G32,E32),0))","=IF(W32="""","""",W32*F32)","=IF(X32="""","""",MIN(W32,MAX(X32-Y32,0)))","=IF(W32="""","""",MAX(W32-Z32,0))","=IF(AA32="""","""",AA32)","=IF(OR(AB32="""",G32<=0),"""",IFERROR(-PMT(F32,G32,E32),0))","=IF(AB32="""","""",AB32*F32)","=IF(AC32="""","""",MIN(AB32,MAX(AC32-AD32,0)))","=IF(AB32="""","""",MAX(AB32-AE32,0))","=IF(AF32="""","""",AF32)","=IF(OR(AG32="""",G32<=0),"""",IFERROR(-PMT(F32,G32,E32),0))","=IF(AG32="""","""",AG32*F32)","=IF(AH32="""","""",MIN(AG32,MAX(AH32-AI32,0)))","=IF(AG32="""","""",MAX(AG32-AJ32,0))","=IF(AK32="""","""",AK32)","=IF(OR(AL32="""",G32<=0),"""",IFERROR(-PMT(F32,G32,E32),0))","=IF(AL32="""","""",AL32*F32)","=IF(AM32="""","""",MIN(AL32,MAX(AM32-AN32,0)))","=IF(AL32="""","""",MAX(AL32-AO32,0))","=IF(AP32="""","""",AP32)","=IF(OR(AQ32="""",G32<=0),"""",IFERROR(-PMT(F32,G32,E32),0))","=IF(AQ32="""","""",AQ32*F32)","=IF(AR32="""","""",MIN(AQ32,MAX(AR32-AS32,0)))","=IF(AQ32="""","""",MAX(AQ32-AT32,0))","=IF(AU32="""","""",AU32)","=IF(OR(AV32="""",G32<=0),"""",IFERROR(-PMT(F32,G32,E32),0))","=IF(AV32="""","""",AV32*F32)","=IF(AW32="""","""",MIN(AV32,MAX(AW32-AX32,0)))","=IF(AV32="""","""",MAX(AV32-AY32,0))","=IF(AZ32="""","""",AZ32)","=IF(OR(BA32="""",G32<=0),"""",IFERROR(-PMT(F32,G32,E32),0))","=IF(BA32="""","""",BA32*F32)","=IF(BB32="""","""",MIN(BA32,MAX(BB32-BC32,0)))","=IF(BA32="""","""",MAX(BA32-BD32,0))","=IF(BE32="""","""",BE32)","=IF(OR(BF32="""",G32<=0),"""",IFERROR(-PMT(F32,G32,E32),0))","=IF(BF32="""","""",BF32*F32)","=IF(BG32="""","""",MIN(BF32,MAX(BG32-BH32,0)))","=IF(BF32="""","""",MAX(BF32-BI32,0))","=IF(BJ32="""","""",BJ32)","=IF(OR(BK32="""",G32<=0),"""",IFERROR(-PMT(F32,G32,E32),0))","=IF(BK32="""","""",BK32*F32)","=IF(BL32="""","""",MIN(BK32,MAX(BL32-BM32,0)))","=IF(BK32="""","""",MAX(BK32-BN32,0))"
"=IF(B33="""","""",""LN""&TEXT(ROW()-1,""000""))","","=IFERROR(VLOOKUP(B33,Members!$B$2:$C$31,2,FALSE),"""")","","","=Settings!$B$10","","=IF(E33="""","""",E33)","=IF(OR(H33="""",G33<=0),"""",IFERROR(-PMT(F33,G33,E33),0))","=IF(H33="""","""",H33*F33)","=IF(I33="""","""",MIN(H33,MAX(I33-J33,0)))","=IF(H33="""","""",MAX(H33-K33,0))","=IF(L33="""","""",L33)","=IF(OR(M33="""",G33<=0),"""",IFERROR(-PMT(F33,G33,E33),0))","=IF(M33="""","""",M33*F33)","=IF(N33="""","""",MIN(M33,MAX(N33-O33,0)))","=IF(M33="""","""",MAX(M33-P33,0))","=IF(Q33="""","""",Q33)","=IF(OR(R33="""",G33<=0),"""",IFERROR(-PMT(F33,G33,E33),0))","=IF(R33="""","""",R33*F33)","=IF(S33="""","""",MIN(R33,MAX(S33-T33,0)))","=IF(R33="""","""",MAX(R33-U33,0))","=IF(V33="""","""",V33)","=IF(OR(W33="""",G33<=0),"""",IFERROR(-PMT(F33,G33,E33),0))","=IF(W33="""","""",W33*F33)","=IF(X33="""","""",MIN(W33,MAX(X33-Y33,0)))","=IF(W33="""","""",MAX(W33-Z33,0))","=IF(AA33="""","""",AA33)","=IF(OR(AB33="""",G33<=0),"""",IFERROR(-PMT(F33,G33,E33),0))","=IF(AB33="""","""",AB33*F33)","=IF(AC33="""","""",MIN(AB33,MAX(AC33-AD33,0)))","=IF(AB33="""","""",MAX(AB33-AE33,0))","=IF(AF33="""","""",AF33)","=IF(OR(AG33="""",G33<=0),"""",IFERROR(-PMT(F33,G33,E33),0))","=IF(AG33="""","""",AG33*F33)","=IF(AH33="""","""",MIN(AG33,MAX(AH33-AI33,0)))","=IF(AG33="""","""",MAX(AG33-AJ33,0))","=IF(AK33="""","""",AK33)","=IF(OR(AL33="""",G33<=0),"""",IFERROR(-PMT(F33,G33,E33),0))","=IF(AL33="""","""",AL33*F33)","=IF(AM33="""","""",MIN(AL33,MAX(AM33-AN33,0)))","=IF(AL33="""","""",MAX(AL33-AO33,0))","=IF(AP33="""","""",AP33)","=IF(OR(AQ33="""",G33<=0),"""",IFERROR(-PMT(F33,G33,E33),0))","=IF(AQ33="""","""",AQ33*F33)","=IF(AR33="""","""",MIN(AQ33,MAX(AR33-AS33,0)))","=IF(AQ33="""","""",MAX(AQ33-AT33,0))","=IF(AU33="""","""",AU33)","=IF(OR(AV33="""",G33<=0),"""",IFERROR(-PMT(F33,G33,E33),0))","=IF(AV33="""","""",AV33*F33)","=IF(AW33="""","""",MIN(AV33,MAX(AW33-AX33,0)))","=IF(AV33="""","""",MAX(AV33-AY33,0))","=IF(AZ33="""","""",AZ33)","=IF(OR(BA33="""",G33<=0),"""",IFERROR(-PMT(F33,G33,E33),0))","=IF(BA33="""","""",BA33*F33)","=IF(BB33="""","""",MIN(BA33,MAX(BB33-BC33,0)))","=IF(BA33="""","""",MAX(BA33-BD33,0))","=IF(BE33="""","""",BE33)","=IF(OR(BF33="""",G33<=0),"""",IFERROR(-PMT(F33,G33,E33),0))","=IF(BF33="""","""",BF33*F33)","=IF(BG33="""","""",MIN(BF33,MAX(BG33-BH33,0)))","=IF(BF33="""","""",MAX(BF33-BI33,0))","=IF(BJ33="""","""",BJ33)","=IF(OR(BK33="""",G33<=0),"""",IFERROR(-PMT(F33,G33,E33),0))","=IF(BK33="""","""",BK33*F33)","=IF(BL33="""","""",MIN(BK33,MAX(BL33-BM33,0)))","=IF(BK33="""","""",MAX(BK33-BN33,0))"
"=IF(B34="""","""",""LN""&TEXT(ROW()-1,""000""))","","=IFERROR(VLOOKUP(B34,Members!$B$2:$C$31,2,FALSE),"""")","","","=Settings!$B$10","","=IF(E34="""","""",E34)","=IF(OR(H34="""",G34<=0),"""",IFERROR(-PMT(F34,G34,E34),0))","=IF(H34="""","""",H34*F34)","=IF(I34="""","""",MIN(H34,MAX(I34-J34,0)))","=IF(H34="""","""",MAX(H34-K34,0))","=IF(L34="""","""",L34)","=IF(OR(M34="""",G34<=0),"""",IFERROR(-PMT(F34,G34,E34),0))","=IF(M34="""","""",M34*F34)","=IF(N34="""","""",MIN(M34,MAX(N34-O34,0)))","=IF(M34="""","""",MAX(M34-P34,0))","=IF(Q34="""","""",Q34)","=IF(OR(R34="""",G34<=0),"""",IFERROR(-PMT(F34,G34,E34),0))","=IF(R34="""","""",R34*F34)","=IF(S34="""","""",MIN(R34,MAX(S34-T34,0)))","=IF(R34="""","""",MAX(R34-U34,0))","=IF(V34="""","""",V34)","=IF(OR(W34="""",G34<=0),"""",IFERROR(-PMT(F34,G34,E34),0))","=IF(W34="""","""",W34*F34)","=IF(X34="""","""",MIN(W34,MAX(X34-Y34,0)))","=IF(W34="""","""",MAX(W34-Z34,0))","=IF(AA34="""","""",AA34)","=IF(OR(AB34="""",G34<=0),"""",IFERROR(-PMT(F34,G34,E34),0))","=IF(AB34="""","""",AB34*F34)","=IF(AC34="""","""",MIN(AB34,MAX(AC34-AD34,0)))","=IF(AB34="""","""",MAX(AB34-AE34,0))","=IF(AF34="""","""",AF34)","=IF(OR(AG34="""",G34<=0),"""",IFERROR(-PMT(F34,G34,E34),0))","=IF(AG34="""","""",AG34*F34)","=IF(AH34="""","""",MIN(AG34,MAX(AH34-AI34,0)))","=IF(AG34="""","""",MAX(AG34-AJ34,0))","=IF(AK34="""","""",AK34)","=IF(OR(AL34="""",G34<=0),"""",IFERROR(-PMT(F34,G34,E34),0))","=IF(AL34="""","""",AL34*F34)","=IF(AM34="""","""",MIN(AL34,MAX(AM34-AN34,0)))","=IF(AL34="""","""",MAX(AL34-AO34,0))","=IF(AP34="""","""",AP34)","=IF(OR(AQ34="""",G34<=0),"""",IFERROR(-PMT(F34,G34,E34),0))","=IF(AQ34="""","""",AQ34*F34)","=IF(AR34="""","""",MIN(AQ34,MAX(AR34-AS34,0)))","=IF(AQ34="""","""",MAX(AQ34-AT34,0))","=IF(AU34="""","""",AU34)","=IF(OR(AV34="""",G34<=0),"""",IFERROR(-PMT(F34,G34,E34),0))","=IF(AV34="""","""",AV34*F34)","=IF(AW34="""","""",MIN(AV34,MAX(AW34-AX34,0)))","=IF(AV34="""","""",MAX(AV34-AY34,0))","=IF(AZ34="""","""",AZ34)","=IF(OR(BA34="""",G34<=0),"""",IFERROR(-PMT(F34,G34,E34),0))","=IF(BA34="""","""",BA34*F34)","=IF(BB34="""","""",MIN(BA34,MAX(BB34-BC34,0)))","=IF(BA34="""","""",MAX(BA34-BD34,0))","=IF(BE34="""","""",BE34)","=IF(OR(BF34="""",G34<=0),"""",IFERROR(-PMT(F34,G34,E34),0))","=IF(BF34="""","""",BF34*F34)","=IF(BG34="""","""",MIN(BF34,MAX(BG34-BH34,0)))","=IF(BF34="""","""",MAX(BF34-BI34,0))","=IF(BJ34="""","""",BJ34)","=IF(OR(BK34="""",G34<=0),"""",IFERROR(-PMT(F34,G34,E34),0))","=IF(BK34="""","""",BK34*F34)","=IF(BL34="""","""",MIN(BK34,MAX(BL34-BM34,0)))","=IF(BK34="""","""",MAX(BK34-BN34,0))"
"=IF(B35="""","""",""LN""&TEXT(ROW()-1,""000""))","","=IFERROR(VLOOKUP(B35,Members!$B$2:$C$31,2,FALSE),"""")","","","=Settings!$B$10","","=IF(E35="""","""",E35)","=IF(OR(H35="""",G35<=0),"""",IFERROR(-PMT(F35,G35,E35),0))","=IF(H35="""","""",H35*F35)","=IF(I35="""","""",MIN(H35,MAX(I35-J35,0)))","=IF(H35="""","""",MAX(H35-K35,0))","=IF(L35="""","""",L35)","=IF(OR(M35="""",G35<=0),"""",IFERROR(-PMT(F35,G35,E35),0))","=IF(M35="""","""",M35*F35)","=IF(N35="""","""",MIN(M35,MAX(N35-O35,0)))","=IF(M35="""","""",MAX(M35-P35,0))","=IF(Q35="""","""",Q35)","=IF(OR(R35="""",G35<=0),"""",IFERROR(-PMT(F35,G35,E35),0))","=IF(R35="""","""",R35*F35)","=IF(S35="""","""",MIN(R35,MAX(S35-T35,0)))","=IF(R35="""","""",MAX(R35-U35,0))","=IF(V35="""","""",V35)","=IF(OR(W35="""",G35<=0),"""",IFERROR(-PMT(F35,G35,E35),0))","=IF(W35="""","""",W35*F35)","=IF(X35="""","""",MIN(W35,MAX(X35-Y35,0)))","=IF(W35="""","""",MAX(W35-Z35,0))","=IF(AA35="""","""",AA35)","=IF(OR(AB35="""",G35<=0),"""",IFERROR(-PMT(F35,G35,E35),0))","=IF(AB35="""","""",AB35*F35)","=IF(AC35="""","""",MIN(AB35,MAX(AC35-AD35,0)))","=IF(AB35="""","""",MAX(AB35-AE35,0))","=IF(AF35="""","""",AF35)","=IF(OR(AG35="""",G35<=0),"""",IFERROR(-PMT(F35,G35,E35),0))","=IF(AG35="""","""",AG35*F35)","=IF(AH35="""","""",MIN(AG35,MAX(AH35-AI35,0)))","=IF(AG35="""","""",MAX(AG35-AJ35,0))","=IF(AK35="""","""",AK35)","=IF(OR(AL35="""",G35<=0),"""",IFERROR(-PMT(F35,G35,E35),0))","=IF(AL35="""","""",AL35*F35)","=IF(AM35="""","""",MIN(AL35,MAX(AM35-AN35,0)))","=IF(AL35="""","""",MAX(AL35-AO35,0))","=IF(AP35="""","""",AP35)","=IF(OR(AQ35="""",G35<=0),"""",IFERROR(-PMT(F35,G35,E35),0))","=IF(AQ35="""","""",AQ35*F35)","=IF(AR35="""","""",MIN(AQ35,MAX(AR35-AS35,0)))","=IF(AQ35="""","""",MAX(AQ35-AT35,0))","=IF(AU35="""","""",AU35)","=IF(OR(AV35="""",G35<=0),"""",IFERROR(-PMT(F35,G35,E35),0))","=IF(AV35="""","""",AV35*F35)","=IF(AW35="""","""",MIN(AV35,MAX(AW35-AX35,0)))","=IF(AV35="""","""",MAX(AV35-AY35,0))","=IF(AZ35="""","""",AZ35)","=IF(OR(BA35="""",G35<=0),"""",IFERROR(-PMT(F35,G35,E35),0))","=IF(BA35="""","""",BA35*F35)","=IF(BB35="""","""",MIN(BA35,MAX(BB35-BC35,0)))","=IF(BA35="""","""",MAX(BA35-BD35,0))","=IF(BE35="""","""",BE35)","=IF(OR(BF35="""",G35<=0),"""",IFERROR(-PMT(F35,G35,E35),0))","=IF(BF35="""","""",BF35*F35)","=IF(BG35="""","""",MIN(BF35,MAX(BG35-BH35,0)))","=IF(BF35="""","""",MAX(BF35-BI35,0))","=IF(BJ35="""","""",BJ35)","=IF(OR(BK35="""",G35<=0),"""",IFERROR(-PMT(F35,G35,E35),0))","=IF(BK35="""","""",BK35*F35)","=IF(BL35="""","""",MIN(BK35,MAX(BL35-BM35,0)))","=IF(BK35="""","""",MAX(BK35-BN35,0))"
"=IF(B36="""","""",""LN""&TEXT(ROW()-1,""000""))","","=IFERROR(VLOOKUP(B36,Members!$B$2:$C$31,2,FALSE),"""")","","","=Settings!$B$10","","=IF(E36="""","""",E36)","=IF(OR(H36="""",G36<=0),"""",IFERROR(-PMT(F36,G36,E36),0))","=IF(H36="""","""",H36*F36)","=IF(I36="""","""",MIN(H36,MAX(I36-J36,0)))","=IF(H36="""","""",MAX(H36-K36,0))","=IF(L36="""","""",L36)","=IF(OR(M36="""",G36<=0),"""",IFERROR(-PMT(F36,G36,E36),0))","=IF(M36="""","""",M36*F36)","=IF(N36="""","""",MIN(M36,MAX(N36-O36,0)))","=IF(M36="""","""",MAX(M36-P36,0))","=IF(Q36="""","""",Q36)","=IF(OR(R36="""",G36<=0),"""",IFERROR(-PMT(F36,G36,E36),0))","=IF(R36="""","""",R36*F36)","=IF(S36="""","""",MIN(R36,MAX(S36-T36,0)))","=IF(R36="""","""",MAX(R36-U36,0))","=IF(V36="""","""",V36)","=IF(OR(W36="""",G36<=0),"""",IFERROR(-PMT(F36,G36,E36),0))","=IF(W36="""","""",W36*F36)","=IF(X36="""","""",MIN(W36,MAX(X36-Y36,0)))","=IF(W36="""","""",MAX(W36-Z36,0))","=IF(AA36="""","""",AA36)","=IF(OR(AB36="""",G36<=0),"""",IFERROR(-PMT(F36,G36,E36),0))","=IF(AB36="""","""",AB36*F36)","=IF(AC36="""","""",MIN(AB36,MAX(AC36-AD36,0)))","=IF(AB36="""","""",MAX(AB36-AE36,0))","=IF(AF36="""","""",AF36)","=IF(OR(AG36="""",G36<=0),"""",IFERROR(-PMT(F36,G36,E36),0))","=IF(AG36="""","""",AG36*F36)","=IF(AH36="""","""",MIN(AG36,MAX(AH36-AI36,0)))","=IF(AG36="""","""",MAX(AG36-AJ36,0))","=IF(AK36="""","""",AK36)","=IF(OR(AL36="""",G36<=0),"""",IFERROR(-PMT(F36,G36,E36),0))","=IF(AL36="""","""",AL36*F36)","=IF(AM36="""","""",MIN(AL36,MAX(AM36-AN36,0)))","=IF(AL36="""","""",MAX(AL36-AO36,0))","=IF(AP36="""","""",AP36)","=IF(OR(AQ36="""",G36<=0),"""",IFERROR(-PMT(F36,G36,E36),0))","=IF(AQ36="""","""",AQ36*F36)","=IF(AR36="""","""",MIN(AQ36,MAX(AR36-AS36,0)))","=IF(AQ36="""","""",MAX(AQ36-AT36,0))","=IF(AU36="""","""",AU36)","=IF(OR(AV36="""",G36<=0),"""",IFERROR(-PMT(F36,G36,E36),0))","=IF(AV36="""","""",AV36*F36)","=IF(AW36="""","""",MIN(AV36,MAX(AW36-AX36,0)))","=IF(AV36="""","""",MAX(AV36-AY36,0))","=IF(AZ36="""","""",AZ36)","=IF(OR(BA36="""",G36<=0),"""",IFERROR(-PMT(F36,G36,E36),0))","=IF(BA36="""","""",BA36*F36)","=IF(BB36="""","""",MIN(BA36,MAX(BB36-BC36,0)))","=IF(BA36="""","""",MAX(BA36-BD36,0))","=IF(BE36="""","""",BE36)","=IF(OR(BF36="""",G36<=0),"""",IFERROR(-PMT(F36,G36,E36),0))","=IF(BF36="""","""",BF36*F36)","=IF(BG36="""","""",MIN(BF36,MAX(BG36-BH36,0)))","=IF(BF36="""","""",MAX(BF36-BI36,0))","=IF(BJ36="""","""",BJ36)","=IF(OR(BK36="""",G36<=0),"""",IFERROR(-PMT(F36,G36,E36),0))","=IF(BK36="""","""",BK36*F36)","=IF(BL36="""","""",MIN(BK36,MAX(BL36-BM36,0)))","=IF(BK36="""","""",MAX(BK36-BN36,0))"
"=IF(B37="""","""",""LN""&TEXT(ROW()-1,""000""))","","=IFERROR(VLOOKUP(B37,Members!$B$2:$C$31,2,FALSE),"""")","","","=Settings!$B$10","","=IF(E37="""","""",E37)","=IF(OR(H37="""",G37<=0),"""",IFERROR(-PMT(F37,G37,E37),0))","=IF(H37="""","""",H37*F37)","=IF(I37="""","""",MIN(H37,MAX(I37-J37,0)))","=IF(H37="""","""",MAX(H37-K37,0))","=IF(L37="""","""",L37)","=IF(OR(M37="""",G37<=0),"""",IFERROR(-PMT(F37,G37,E37),0))","=IF(M37="""","""",M37*F37)","=IF(N37="""","""",MIN(M37,MAX(N37-O37,0)))","=IF(M37="""","""",MAX(M37-P37,0))","=IF(Q37="""","""",Q37)","=IF(OR(R37="""",G37<=0),"""",IFERROR(-PMT(F37,G37,E37),0))","=IF(R37="""","""",R37*F37)","=IF(S37="""","""",MIN(R37,MAX(S37-T37,0)))","=IF(R37="""","""",MAX(R37-U37,0))","=IF(V37="""","""",V37)","=IF(OR(W37="""",G37<=0),"""",IFERROR(-PMT(F37,G37,E37),0))","=IF(W37="""","""",W37*F37)","=IF(X37="""","""",MIN(W37,MAX(X37-Y37,0)))","=IF(W37="""","""",MAX(W37-Z37,0))","=IF(AA37="""","""",AA37)","=IF(OR(AB37="""",G37<=0),"""",IFERROR(-PMT(F37,G37,E37),0))","=IF(AB37="""","""",AB37*F37)","=IF(AC37="""","""",MIN(AB37,MAX(AC37-AD37,0)))","=IF(AB37="""","""",MAX(AB37-AE37,0))","=IF(AF37="""","""",AF37)","=IF(OR(AG37="""",G37<=0),"""",IFERROR(-PMT(F37,G37,E37),0))","=IF(AG37="""","""",AG37*F37)","=IF(AH37="""","""",MIN(AG37,MAX(AH37-AI37,0)))","=IF(AG37="""","""",MAX(AG37-AJ37,0))","=IF(AK37="""","""",AK37)","=IF(OR(AL37="""",G37<=0),"""",IFERROR(-PMT(F37,G37,E37),0))","=IF(AL37="""","""",AL37*F37)","=IF(AM37="""","""",MIN(AL37,MAX(AM37-AN37,0)))","=IF(AL37="""","""",MAX(AL37-AO37,0))","=IF(AP37="""","""",AP37)","=IF(OR(AQ37="""",G37<=0),"""",IFERROR(-PMT(F37,G37,E37),0))","=IF(AQ37="""","""",AQ37*F37)","=IF(AR37="""","""",MIN(AQ37,MAX(AR37-AS37,0)))","=IF(AQ37="""","""",MAX(AQ37-AT37,0))","=IF(AU37="""","""",AU37)","=IF(OR(AV37="""",G37<=0),"""",IFERROR(-PMT(F37,G37,E37),0))","=IF(AV37="""","""",AV37*F37)","=IF(AW37="""","""",MIN(AV37,MAX(AW37-AX37,0)))","=IF(AV37="""","""",MAX(AV37-AY37,0))","=IF(AZ37="""","""",AZ37)","=IF(OR(BA37="""",G37<=0),"""",IFERROR(-PMT(F37,G37,E37),0))","=IF(BA37="""","""",BA37*F37)","=IF(BB37="""","""",MIN(BA37,MAX(BB37-BC37,0)))","=IF(BA37="""","""",MAX(BA37-BD37,0))","=IF(BE37="""","""",BE37)","=IF(OR(BF37="""",G37<=0),"""",IFERROR(-PMT(F37,G37,E37),0))","=IF(BF37="""","""",BF37*F37)","=IF(BG37="""","""",MIN(BF37,MAX(BG37-BH37,0)))","=IF(BF37="""","""",MAX(BF37-BI37,0))","=IF(BJ37="""","""",BJ37)","=IF(OR(BK37="""",G37<=0),"""",IFERROR(-PMT(F37,G37,E37),0))","=IF(BK37="""","""",BK37*F37)","=IF(BL37="""","""",MIN(BK37,MAX(BL37-BM37,0)))","=IF(BK37="""","""",MAX(BK37-BN37,0))"
"=IF(B38="""","""",""LN""&TEXT(ROW()-1,""000""))","","=IFERROR(VLOOKUP(B38,Members!$B$2:$C$31,2,FALSE),"""")","","","=Settings!$B$10","","=IF(E38="""","""",E38)","=IF(OR(H38="""",G38<=0),"""",IFERROR(-PMT(F38,G38,E38),0))","=IF(H38="""","""",H38*F38)","=IF(I38="""","""",MIN(H38,MAX(I38-J38,0)))","=IF(H38="""","""",MAX(H38-K38,0))","=IF(L38="""","""",L38)","=IF(OR(M38="""",G38<=0),"""",IFERROR(-PMT(F38,G38,E38),0))","=IF(M38="""","""",M38*F38)","=IF(N38="""","""",MIN(M38,MAX(N38-O38,0)))","=IF(M38="""","""",MAX(M38-P38,0))","=IF(Q38="""","""",Q38)","=IF(OR(R38="""",G38<=0),"""",IFERROR(-PMT(F38,G38,E38),0))","=IF(R38="""","""",R38*F38)","=IF(S38="""","""",MIN(R38,MAX(S38-T38,0)))","=IF(R38="""","""",MAX(R38-U38,0))","=IF(V38="""","""",V38)","=IF(OR(W38="""",G38<=0),"""",IFERROR(-PMT(F38,G38,E38),0))","=IF(W38="""","""",W38*F38)","=IF(X38="""","""",MIN(W38,MAX(X38-Y38,0)))","=IF(W38="""","""",MAX(W38-Z38,0))","=IF(AA38="""","""",AA38)","=IF(OR(AB38="""",G38<=0),"""",IFERROR(-PMT(F38,G38,E38),0))","=IF(AB38="""","""",AB38*F38)","=IF(AC38="""","""",MIN(AB38,MAX(AC38-AD38,0)))","=IF(AB38="""","""",MAX(AB38-AE38,0))","=IF(AF38="""","""",AF38)","=IF(OR(AG38="""",G38<=0),"""",IFERROR(-PMT(F38,G38,E38),0))","=IF(AG38="""","""",AG38*F38)","=IF(AH38="""","""",MIN(AG38,MAX(AH38-AI38,0)))","=IF(AG38="""","""",MAX(AG38-AJ38,0))","=IF(AK38="""","""",AK38)","=IF(OR(AL38="""",G38<=0),"""",IFERROR(-PMT(F38,G38,E38),0))","=IF(AL38="""","""",AL38*F38)","=IF(AM38="""","""",MIN(AL38,MAX(AM38-AN38,0)))","=IF(AL38="""","""",MAX(AL38-AO38,0))","=IF(AP38="""","""",AP38)","=IF(OR(AQ38="""",G38<=0),"""",IFERROR(-PMT(F38,G38,E38),0))","=IF(AQ38="""","""",AQ38*F38)","=IF(AR38="""","""",MIN(AQ38,MAX(AR38-AS38,0)))","=IF(AQ38="""","""",MAX(AQ38-AT38,0))","=IF(AU38="""","""",AU38)","=IF(OR(AV38="""",G38<=0),"""",IFERROR(-PMT(F38,G38,E38),0))","=IF(AV38="""","""",AV38*F38)","=IF(AW38="""","""",MIN(AV38,MAX(AW38-AX38,0)))","=IF(AV38="""","""",MAX(AV38-AY38,0))","=IF(AZ38="""","""",AZ38)","=IF(OR(BA38="""",G38<=0),"""",IFERROR(-PMT(F38,G38,E38),0))","=IF(BA38="""","""",BA38*F38)","=IF(BB38="""","""",MIN(BA38,MAX(BB38-BC38,0)))","=IF(BA38="""","""",MAX(BA38-BD38,0))","=IF(BE38="""","""",BE38)","=IF(OR(BF38="""",G38<=0),"""",IFERROR(-PMT(F38,G38,E38),0))","=IF(BF38="""","""",BF38*F38)","=IF(BG38="""","""",MIN(BF38,MAX(BG38-BH38,0)))","=IF(BF38="""","""",MAX(BF38-BI38,0))","=IF(BJ38="""","""",BJ38)","=IF(OR(BK38="""",G38<=0),"""",IFERROR(-PMT(F38,G38,E38),0))","=IF(BK38="""","""",BK38*F38)","=IF(BL38="""","""",MIN(BK38,MAX(BL38-BM38,0)))","=IF(BK38="""","""",MAX(BK38-BN38,0))"
"=IF(B39="""","""",""LN""&TEXT(ROW()-1,""000""))","","=IFERROR(VLOOKUP(B39,Members!$B$2:$C$31,2,FALSE),"""")","","","=Settings!$B$10","","=IF(E39="""","""",E39)","=IF(OR(H39="""",G39<=0),"""",IFERROR(-PMT(F39,G39,E39),0))","=IF(H39="""","""",H39*F39)","=IF(I39="""","""",MIN(H39,MAX(I39-J39,0)))","=IF(H39="""","""",MAX(H39-K39,0))","=IF(L39="""","""",L39)","=IF(OR(M39="""",G39<=0),"""",IFERROR(-PMT(F39,G39,E39),0))","=IF(M39="""","""",M39*F39)","=IF(N39="""","""",MIN(M39,MAX(N39-O39,0)))","=IF(M39="""","""",MAX(M39-P39,0))","=IF(Q39="""","""",Q39)","=IF(OR(R39="""",G39<=0),"""",IFERROR(-PMT(F39,G39,E39),0))","=IF(R39="""","""",R39*F39)","=IF(S39="""","""",MIN(R39,MAX(S39-T39,0)))","=IF(R39="""","""",MAX(R39-U39,0))","=IF(V39="""","""",V39)","=IF(OR(W39="""",G39<=0),"""",IFERROR(-PMT(F39,G39,E39),0))","=IF(W39="""","""",W39*F39)","=IF(X39="""","""",MIN(W39,MAX(X39-Y39,0)))","=IF(W39="""","""",MAX(W39-Z39,0))","=IF(AA39="""","""",AA39)","=IF(OR(AB39="""",G39<=0),"""",IFERROR(-PMT(F39,G39,E39),0))","=IF(AB39="""","""",AB39*F39)","=IF(AC39="""","""",MIN(AB39,MAX(AC39-AD39,0)))","=IF(AB39="""","""",MAX(AB39-AE39,0))","=IF(AF39="""","""",AF39)","=IF(OR(AG39="""",G39<=0),"""",IFERROR(-PMT(F39,G39,E39),0))","=IF(AG39="""","""",AG39*F39)","=IF(AH39="""","""",MIN(AG39,MAX(AH39-AI39,0)))","=IF(AG39="""","""",MAX(AG39-AJ39,0))","=IF(AK39="""","""",AK39)","=IF(OR(AL39="""",G39<=0),"""",IFERROR(-PMT(F39,G39,E39),0))","=IF(AL39="""","""",AL39*F39)","=IF(AM39="""","""",MIN(AL39,MAX(AM39-AN39,0)))","=IF(AL39="""","""",MAX(AL39-AO39,0))","=IF(AP39="""","""",AP39)","=IF(OR(AQ39="""",G39<=0),"""",IFERROR(-PMT(F39,G39,E39),0))","=IF(AQ39="""","""",AQ39*F39)","=IF(AR39="""","""",MIN(AQ39,MAX(AR39-AS39,0)))","=IF(AQ39="""","""",MAX(AQ39-AT39,0))","=IF(AU39="""","""",AU39)","=IF(OR(AV39="""",G39<=0),"""",IFERROR(-PMT(F39,G39,E39),0))","=IF(AV39="""","""",AV39*F39)","=IF(AW39="""","""",MIN(AV39,MAX(AW39-AX39,0)))","=IF(AV39="""","""",MAX(AV39-AY39,0))","=IF(AZ39="""","""",AZ39)","=IF(OR(BA39="""",G39<=0),"""",IFERROR(-PMT(F39,G39,E39),0))","=IF(BA39="""","""",BA39*F39)","=IF(BB39="""","""",MIN(BA39,MAX(BB39-BC39,0)))","=IF(BA39="""","""",MAX(BA39-BD39,0))","=IF(BE39="""","""",BE39)","=IF(OR(BF39="""",G39<=0),"""",IFERROR(-PMT(F39,G39,E39),0))","=IF(BF39="""","""",BF39*F39)","=IF(BG39="""","""",MIN(BF39,MAX(BG39-BH39,0)))","=IF(BF39="""","""",MAX(BF39-BI39,0))","=IF(BJ39="""","""",BJ39)","=IF(OR(BK39="""",G39<=0),"""",IFERROR(-PMT(F39,G39,E39),0))","=IF(BK39="""","""",BK39*F39)","=IF(BL39="""","""",MIN(BK39,MAX(BL39-BM39,0)))","=IF(BK39="""","""",MAX(BK39-BN39,0))"
"=IF(B40="""","""",""LN""&TEXT(ROW()-1,""000""))","","=IFERROR(VLOOKUP(B40,Members!$B$2:$C$31,2,FALSE),"""")","","","=Settings!$B$10","","=IF(E40="""","""",E40)","=IF(OR(H40="""",G40<=0),"""",IFERROR(-PMT(F40,G40,E40),0))","=IF(H40="""","""",H40*F40)","=IF(I40="""","""",MIN(H40,MAX(I40-J40,0)))","=IF(H40="""","""",MAX(H40-K40,0))","=IF(L40="""","""",L40)","=IF(OR(M40="""",G40<=0),"""",IFERROR(-PMT(F40,G40,E40),0))","=IF(M40="""","""",M40*F40)","=IF(N40="""","""",MIN(M40,MAX(N40-O40,0)))","=IF(M40="""","""",MAX(M40-P40,0))","=IF(Q40="""","""",Q40)","=IF(OR(R40="""",G40<=0),"""",IFERROR(-PMT(F40,G40,E40),0))","=IF(R40="""","""",R40*F40)","=IF(S40="""","""",MIN(R40,MAX(S40-T40,0)))","=IF(R40="""","""",MAX(R40-U40,0))","=IF(V40="""","""",V40)","=IF(OR(W40="""",G40<=0),"""",IFERROR(-PMT(F40,G40,E40),0))","=IF(W40="""","""",W40*F40)","=IF(X40="""","""",MIN(W40,MAX(X40-Y40,0)))","=IF(W40="""","""",MAX(W40-Z40,0))","=IF(AA40="""","""",AA40)","=IF(OR(AB40="""",G40<=0),"""",IFERROR(-PMT(F40,G40,E40),0))","=IF(AB40="""","""",AB40*F40)","=IF(AC40="""","""",MIN(AB40,MAX(AC40-AD40,0)))","=IF(AB40="""","""",MAX(AB40-AE40,0))","=IF(AF40="""","""",AF40)","=IF(OR(AG40="""",G40<=0),"""",IFERROR(-PMT(F40,G40,E40),0))","=IF(AG40="""","""",AG40*F40)","=IF(AH40="""","""",MIN(AG40,MAX(AH40-AI40,0)))","=IF(AG40="""","""",MAX(AG40-AJ40,0))","=IF(AK40="""","""",AK40)","=IF(OR(AL40="""",G40<=0),"""",IFERROR(-PMT(F40,G40,E40),0))","=IF(AL40="""","""",AL40*F40)","=IF(AM40="""","""",MIN(AL40,MAX(AM40-AN40,0)))","=IF(AL40="""","""",MAX(AL40-AO40,0))","=IF(AP40="""","""",AP40)","=IF(OR(AQ40="""",G40<=0),"""",IFERROR(-PMT(F40,G40,E40),0))","=IF(AQ40="""","""",AQ40*F40)","=IF(AR40="""","""",MIN(AQ40,MAX(AR40-AS40,0)))","=IF(AQ40="""","""",MAX(AQ40-AT40,0))","=IF(AU40="""","""",AU40)","=IF(OR(AV40="""",G40<=0),"""",IFERROR(-PMT(F40,G40,E40),0))","=IF(AV40="""","""",AV40*F40)","=IF(AW40="""","""",MIN(AV40,MAX(AW40-AX40,0)))","=IF(AV40="""","""",MAX(AV40-AY40,0))","=IF(AZ40="""","""",AZ40)","=IF(OR(BA40="""",G40<=0),"""",IFERROR(-PMT(F40,G40,E40),0))","=IF(BA40="""","""",BA40*F40)","=IF(BB40="""","""",MIN(BA40,MAX(BB40-BC40,0)))","=IF(BA40="""","""",MAX(BA40-BD40,0))","=IF(BE40="""","""",BE40)","=IF(OR(BF40="""",G40<=0),"""",IFERROR(-PMT(F40,G40,E40),0))","=IF(BF40="""","""",BF40*F40)","=IF(BG40="""","""",MIN(BF40,MAX(BG40-BH40,0)))","=IF(BF40="""","""",MAX(BF40-BI40,0))","=IF(BJ40="""","""",BJ40)","=IF(OR(BK40="""",G40<=0),"""",IFERROR(-PMT(F40,G40,E40),0))","=IF(BK40="""","""",BK40*F40)","=IF(BL40="""","""",MIN(BK40,MAX(BL40-BM40,0)))","=IF(BK40="""","""",MAX(BK40-BN40,0))"
"=IF(B41="""","""",""LN""&TEXT(ROW()-1,""000""))","","=IFERROR(VLOOKUP(B41,Members!$B$2:$C$31,2,FALSE),"""")","","","=Settings!$B$10","","=IF(E41="""","""",E41)","=IF(OR(H41="""",G41<=0),"""",IFERROR(-PMT(F41,G41,E41),0))","=IF(H41="""","""",H41*F41)","=IF(I41="""","""",MIN(H41,MAX(I41-J41,0)))","=IF(H41="""","""",MAX(H41-K41,0))","=IF(L41="""","""",L41)","=IF(OR(M41="""",G41<=0),"""",IFERROR(-PMT(F41,G41,E41),0))","=IF(M41="""","""",M41*F41)","=IF(N41="""","""",MIN(M41,MAX(N41-O41,0)))","=IF(M41="""","""",MAX(M41-P41,0))","=IF(Q41="""","""",Q41)","=IF(OR(R41="""",G41<=0),"""",IFERROR(-PMT(F41,G41,E41),0))","=IF(R41="""","""",R41*F41)","=IF(S41="""","""",MIN(R41,MAX(S41-T41,0)))","=IF(R41="""","""",MAX(R41-U41,0))","=IF(V41="""","""",V41)","=IF(OR(W41="""",G41<=0),"""",IFERROR(-PMT(F41,G41,E41),0))","=IF(W41="""","""",W41*F41)","=IF(X41="""","""",MIN(W41,MAX(X41-Y41,0)))","=IF(W41="""","""",MAX(W41-Z41,0))","=IF(AA41="""","""",AA41)","=IF(OR(AB41="""",G41<=0),"""",IFERROR(-PMT(F41,G41,E41),0))","=IF(AB41="""","""",AB41*F41)","=IF(AC41="""","""",MIN(AB41,MAX(AC41-AD41,0)))","=IF(AB41="""","""",MAX(AB41-AE41,0))","=IF(AF41="""","""",AF41)","=IF(OR(AG41="""",G41<=0),"""",IFERROR(-PMT(F41,G41,E41),0))","=IF(AG41="""","""",AG41*F41)","=IF(AH41="""","""",MIN(AG41,MAX(AH41-AI41,0)))","=IF(AG41="""","""",MAX(AG41-AJ41,0))","=IF(AK41="""","""",AK41)","=IF(OR(AL41="""",G41<=0),"""",IFERROR(-PMT(F41,G41,E41),0))","=IF(AL41="""","""",AL41*F41)","=IF(AM41="""","""",MIN(AL41,MAX(AM41-AN41,0)))","=IF(AL41="""","""",MAX(AL41-AO41,0))","=IF(AP41="""","""",AP41)","=IF(OR(AQ41="""",G41<=0),"""",IFERROR(-PMT(F41,G41,E41),0))","=IF(AQ41="""","""",AQ41*F41)","=IF(AR41="""","""",MIN(AQ41,MAX(AR41-AS41,0)))","=IF(AQ41="""","""",MAX(AQ41-AT41,0))","=IF(AU41="""","""",AU41)","=IF(OR(AV41="""",G41<=0),"""",IFERROR(-PMT(F41,G41,E41),0))","=IF(AV41="""","""",AV41*F41)","=IF(AW41="""","""",MIN(AV41,MAX(AW41-AX41,0)))","=IF(AV41="""","""",MAX(AV41-AY41,0))","=IF(AZ41="""","""",AZ41)","=IF(OR(BA41="""",G41<=0),"""",IFERROR(-PMT(F41,G41,E41),0))","=IF(BA41="""","""",BA41*F41)","=IF(BB41="""","""",MIN(BA41,MAX(BB41-BC41,0)))","=IF(BA41="""","""",MAX(BA41-BD41,0))","=IF(BE41="""","""",BE41)","=IF(OR(BF41="""",G41<=0),"""",IFERROR(-PMT(F41,G41,E41),0))","=IF(BF41="""","""",BF41*F41)","=IF(BG41="""","""",MIN(BF41,MAX(BG41-BH41,0)))","=IF(BF41="""","""",MAX(BF41-BI41,0))","=IF(BJ41="""","""",BJ41)","=IF(OR(BK41="""",G41<=0),"""",IFERROR(-PMT(F41,G41,E41),0))","=IF(BK41="""","""",BK41*F41)","=IF(BL41="""","""",MIN(BK41,MAX(BL41-BM41,0)))","=IF(BK41="""","""",MAX(BK41-BN41,0))"
"=IF(B42="""","""",""LN""&TEXT(ROW()-1,""000""))","","=IFERROR(VLOOKUP(B42,Members!$B$2:$C$31,2,FALSE),"""")","","","=Settings!$B$10","","=IF(E42="""","""",E42)","=IF(OR(H42="""",G42<=0),"""",IFERROR(-PMT(F42,G42,E42),0))","=IF(H42="""","""",H42*F42)","=IF(I42="""","""",MIN(H42,MAX(I42-J42,0)))","=IF(H42="""","""",MAX(H42-K42,0))","=IF(L42="""","""",L42)","=IF(OR(M42="""",G42<=0),"""",IFERROR(-PMT(F42,G42,E42),0))","=IF(M42="""","""",M42*F42)","=IF(N42="""","""",MIN(M42,MAX(N42-O42,0)))","=IF(M42="""","""",MAX(M42-P42,0))","=IF(Q42="""","""",Q42)","=IF(OR(R42="""",G42<=0),"""",IFERROR(-PMT(F42,G42,E42),0))","=IF(R42="""","""",R42*F42)","=IF(S42="""","""",MIN(R42,MAX(S42-T42,0)))","=IF(R42="""","""",MAX(R42-U42,0))","=IF(V42="""","""",V42)","=IF(OR(W42="""",G42<=0),"""",IFERROR(-PMT(F42,G42,E42),0))","=IF(W42="""","""",W42*F42)","=IF(X42="""","""",MIN(W42,MAX(X42-Y42,0)))","=IF(W42="""","""",MAX(W42-Z42,0))","=IF(AA42="""","""",AA42)","=IF(OR(AB42="""",G42<=0),"""",IFERROR(-PMT(F42,G42,E42),0))","=IF(AB42="""","""",AB42*F42)","=IF(AC42="""","""",MIN(AB42,MAX(AC42-AD42,0)))","=IF(AB42="""","""",MAX(AB42-AE42,0))","=IF(AF42="""","""",AF42)","=IF(OR(AG42="""",G42<=0),"""",IFERROR(-PMT(F42,G42,E42),0))","=IF(AG42="""","""",AG42*F42)","=IF(AH42="""","""",MIN(AG42,MAX(AH42-AI42,0)))","=IF(AG42="""","""",MAX(AG42-AJ42,0))","=IF(AK42="""","""",AK42)","=IF(OR(AL42="""",G42<=0),"""",IFERROR(-PMT(F42,G42,E42),0))","=IF(AL42="""","""",AL42*F42)","=IF(AM42="""","""",MIN(AL42,MAX(AM42-AN42,0)))","=IF(AL42="""","""",MAX(AL42-AO42,0))","=IF(AP42="""","""",AP42)","=IF(OR(AQ42="""",G42<=0),"""",IFERROR(-PMT(F42,G42,E42),0))","=IF(AQ42="""","""",AQ42*F42)","=IF(AR42="""","""",MIN(AQ42,MAX(AR42-AS42,0)))","=IF(AQ42="""","""",MAX(AQ42-AT42,0))","=IF(AU42="""","""",AU42)","=IF(OR(AV42="""",G42<=0),"""",IFERROR(-PMT(F42,G42,E42),0))","=IF(AV42="""","""",AV42*F42)","=IF(AW42="""","""",MIN(AV42,MAX(AW42-AX42,0)))","=IF(AV42="""","""",MAX(AV42-AY42,0))","=IF(AZ42="""","""",AZ42)","=IF(OR(BA42="""",G42<=0),"""",IFERROR(-PMT(F42,G42,E42),0))","=IF(BA42="""","""",BA42*F42)","=IF(BB42="""","""",MIN(BA42,MAX(BB42-BC42,0)))","=IF(BA42="""","""",MAX(BA42-BD42,0))","=IF(BE42="""","""",BE42)","=IF(OR(BF42="""",G42<=0),"""",IFERROR(-PMT(F42,G42,E42),0))","=IF(BF42="""","""",BF42*F42)","=IF(BG42="""","""",MIN(BF42,MAX(BG42-BH42,0)))","=IF(BF42="""","""",MAX(BF42-BI42,0))","=IF(BJ42="""","""",BJ42)","=IF(OR(BK42="""",G42<=0),"""",IFERROR(-PMT(F42,G42,E42),0))","=IF(BK42="""","""",BK42*F42)","=IF(BL42="""","""",MIN(BK42,MAX(BL42-BM42,0)))","=IF(BK42="""","""",MAX(BK42-BN42,0))"
"=IF(B43="""","""",""LN""&TEXT(ROW()-1,""000""))","","=IFERROR(VLOOKUP(B43,Members!$B$2:$C$31,2,FALSE),"""")","","","=Settings!$B$10","","=IF(E43="""","""",E43)","=IF(OR(H43="""",G43<=0),"""",IFERROR(-PMT(F43,G43,E43),0))","=IF(H43="""","""",H43*F43)","=IF(I43="""","""",MIN(H43,MAX(I43-J43,0)))","=IF(H43="""","""",MAX(H43-K43,0))","=IF(L43="""","""",L43)","=IF(OR(M43="""",G43<=0),"""",IFERROR(-PMT(F43,G43,E43),0))","=IF(M43="""","""",M43*F43)","=IF(N43="""","""",MIN(M43,MAX(N43-O43,0)))","=IF(M43="""","""",MAX(M43-P43,0))","=IF(Q43="""","""",Q43)","=IF(OR(R43="""",G43<=0),"""",IFERROR(-PMT(F43,G43,E43),0))","=IF(R43="""","""",R43*F43)","=IF(S43="""","""",MIN(R43,MAX(S43-T43,0)))","=IF(R43="""","""",MAX(R43-U43,0))","=IF(V43="""","""",V43)","=IF(OR(W43="""",G43<=0),"""",IFERROR(-PMT(F43,G43,E43),0))","=IF(W43="""","""",W43*F43)","=IF(X43="""","""",MIN(W43,MAX(X43-Y43,0)))","=IF(W43="""","""",MAX(W43-Z43,0))","=IF(AA43="""","""",AA43)","=IF(OR(AB43="""",G43<=0),"""",IFERROR(-PMT(F43,G43,E43),0))","=IF(AB43="""","""",AB43*F43)","=IF(AC43="""","""",MIN(AB43,MAX(AC43-AD43,0)))","=IF(AB43="""","""",MAX(AB43-AE43,0))","=IF(AF43="""","""",AF43)","=IF(OR(AG43="""",G43<=0),"""",IFERROR(-PMT(F43,G43,E43),0))","=IF(AG43="""","""",AG43*F43)","=IF(AH43="""","""",MIN(AG43,MAX(AH43-AI43,0)))","=IF(AG43="""","""",MAX(AG43-AJ43,0))","=IF(AK43="""","""",AK43)","=IF(OR(AL43="""",G43<=0),"""",IFERROR(-PMT(F43,G43,E43),0))","=IF(AL43="""","""",AL43*F43)","=IF(AM43="""","""",MIN(AL43,MAX(AM43-AN43,0)))","=IF(AL43="""","""",MAX(AL43-AO43,0))","=IF(AP43="""","""",AP43)","=IF(OR(AQ43="""",G43<=0),"""",IFERROR(-PMT(F43,G43,E43),0))","=IF(AQ43="""","""",AQ43*F43)","=IF(AR43="""","""",MIN(AQ43,MAX(AR43-AS43,0)))","=IF(AQ43="""","""",MAX(AQ43-AT43,0))","=IF(AU43="""","""",AU43)","=IF(OR(AV43="""",G43<=0),"""",IFERROR(-PMT(F43,G43,E43),0))","=IF(AV43="""","""",AV43*F43)","=IF(AW43="""","""",MIN(AV43,MAX(AW43-AX43,0)))","=IF(AV43="""","""",MAX(AV43-AY43,0))","=IF(AZ43="""","""",AZ43)","=IF(OR(BA43="""",G43<=0),"""",IFERROR(-PMT(F43,G43,E43),0))","=IF(BA43="""","""",BA43*F43)","=IF(BB43="""","""",MIN(BA43,MAX(BB43-BC43,0)))","=IF(BA43="""","""",MAX(BA43-BD43,0))","=IF(BE43="""","""",BE43)","=IF(OR(BF43="""",G43<=0),"""",IFERROR(-PMT(F43,G43,E43),0))","=IF(BF43="""","""",BF43*F43)","=IF(BG43="""","""",MIN(BF43,MAX(BG43-BH43,0)))","=IF(BF43="""","""",MAX(BF43-BI43,0))","=IF(BJ43="""","""",BJ43)","=IF(OR(BK43="""",G43<=0),"""",IFERROR(-PMT(F43,G43,E43),0))","=IF(BK43="""","""",BK43*F43)","=IF(BL43="""","""",MIN(BK43,MAX(BL43-BM43,0)))","=IF(BK43="""","""",MAX(BK43-BN43,0))"
"=IF(B44="""","""",""LN""&TEXT(ROW()-1,""000""))","","=IFERROR(VLOOKUP(B44,Members!$B$2:$C$31,2,FALSE),"""")","","","=Settings!$B$10","","=IF(E44="""","""",E44)","=IF(OR(H44="""",G44<=0),"""",IFERROR(-PMT(F44,G44,E44),0))","=IF(H44="""","""",H44*F44)","=IF(I44="""","""",MIN(H44,MAX(I44-J44,0)))","=IF(H44="""","""",MAX(H44-K44,0))","=IF(L44="""","""",L44)","=IF(OR(M44="""",G44<=0),"""",IFERROR(-PMT(F44,G44,E44),0))","=IF(M44="""","""",M44*F44)","=IF(N44="""","""",MIN(M44,MAX(N44-O44,0)))","=IF(M44="""","""",MAX(M44-P44,0))","=IF(Q44="""","""",Q44)","=IF(OR(R44="""",G44<=0),"""",IFERROR(-PMT(F44,G44,E44),0))","=IF(R44="""","""",R44*F44)","=IF(S44="""","""",MIN(R44,MAX(S44-T44,0)))","=IF(R44="""","""",MAX(R44-U44,0))","=IF(V44="""","""",V44)","=IF(OR(W44="""",G44<=0),"""",IFERROR(-PMT(F44,G44,E44),0))","=IF(W44="""","""",W44*F44)","=IF(X44="""","""",MIN(W44,MAX(X44-Y44,0)))","=IF(W44="""","""",MAX(W44-Z44,0))","=IF(AA44="""","""",AA44)","=IF(OR(AB44="""",G44<=0),"""",IFERROR(-PMT(F44,G44,E44),0))","=IF(AB44="""","""",AB44*F44)","=IF(AC44="""","""",MIN(AB44,MAX(AC44-AD44,0)))","=IF(AB44="""","""",MAX(AB44-AE44,0))","=IF(AF44="""","""",AF44)","=IF(OR(AG44="""",G44<=0),"""",IFERROR(-PMT(F44,G44,E44),0))","=IF(AG44="""","""",AG44*F44)","=IF(AH44="""","""",MIN(AG44,MAX(AH44-AI44,0)))","=IF(AG44="""","""",MAX(AG44-AJ44,0))","=IF(AK44="""","""",AK44)","=IF(OR(AL44="""",G44<=0),"""",IFERROR(-PMT(F44,G44,E44),0))","=IF(AL44="""","""",AL44*F44)","=IF(AM44="""","""",MIN(AL44,MAX(AM44-AN44,0)))","=IF(AL44="""","""",MAX(AL44-AO44,0))","=IF(AP44="""","""",AP44)","=IF(OR(AQ44="""",G44<=0),"""",IFERROR(-PMT(F44,G44,E44),0))","=IF(AQ44="""","""",AQ44*F44)","=IF(AR44="""","""",MIN(AQ44,MAX(AR44-AS44,0)))","=IF(AQ44="""","""",MAX(AQ44-AT44,0))","=IF(AU44="""","""",AU44)","=IF(OR(AV44="""",G44<=0),"""",IFERROR(-PMT(F44,G44,E44),0))","=IF(AV44="""","""",AV44*F44)","=IF(AW44="""","""",MIN(AV44,MAX(AW44-AX44,0)))","=IF(AV44="""","""",MAX(AV44-AY44,0))","=IF(AZ44="""","""",AZ44)","=IF(OR(BA44="""",G44<=0),"""",IFERROR(-PMT(F44,G44,E44),0))","=IF(BA44="""","""",BA44*F44)","=IF(BB44="""","""",MIN(BA44,MAX(BB44-BC44,0)))","=IF(BA44="""","""",MAX(BA44-BD44,0))","=IF(BE44="""","""",BE44)","=IF(OR(BF44="""",G44<=0),"""",IFERROR(-PMT(F44,G44,E44),0))","=IF(BF44="""","""",BF44*F44)","=IF(BG44="""","""",MIN(BF44,MAX(BG44-BH44,0)))","=IF(BF44="""","""",MAX(BF44-BI44,0))","=IF(BJ44="""","""",BJ44)","=IF(OR(BK44="""",G44<=0),"""",IFERROR(-PMT(F44,G44,E44),0))","=IF(BK44="""","""",BK44*F44)","=IF(BL44="""","""",MIN(BK44,MAX(BL44-BM44,0)))","=IF(BK44="""","""",MAX(BK44-BN44,0))"
"=IF(B45="""","""",""LN""&TEXT(ROW()-1,""000""))","","=IFERROR(VLOOKUP(B45,Members!$B$2:$C$31,2,FALSE),"""")","","","=Settings!$B$10","","=IF(E45="""","""",E45)","=IF(OR(H45="""",G45<=0),"""",IFERROR(-PMT(F45,G45,E45),0))","=IF(H45="""","""",H45*F45)","=IF(I45="""","""",MIN(H45,MAX(I45-J45,0)))","=IF(H45="""","""",MAX(H45-K45,0))","=IF(L45="""","""",L45)","=IF(OR(M45="""",G45<=0),"""",IFERROR(-PMT(F45,G45,E45),0))","=IF(M45="""","""",M45*F45)","=IF(N45="""","""",MIN(M45,MAX(N45-O45,0)))","=IF(M45="""","""",MAX(M45-P45,0))","=IF(Q45="""","""",Q45)","=IF(OR(R45="""",G45<=0),"""",IFERROR(-PMT(F45,G45,E45),0))","=IF(R45="""","""",R45*F45)","=IF(S45="""","""",MIN(R45,MAX(S45-T45,0)))","=IF(R45="""","""",MAX(R45-U45,0))","=IF(V45="""","""",V45)","=IF(OR(W45="""",G45<=0),"""",IFERROR(-PMT(F45,G45,E45),0))","=IF(W45="""","""",W45*F45)","=IF(X45="""","""",MIN(W45,MAX(X45-Y45,0)))","=IF(W45="""","""",MAX(W45-Z45,0))","=IF(AA45="""","""",AA45)","=IF(OR(AB45="""",G45<=0),"""",IFERROR(-PMT(F45,G45,E45),0))","=IF(AB45="""","""",AB45*F45)","=IF(AC45="""","""",MIN(AB45,MAX(AC45-AD45,0)))","=IF(AB45="""","""",MAX(AB45-AE45,0))","=IF(AF45="""","""",AF45)","=IF(OR(AG45="""",G45<=0),"""",IFERROR(-PMT(F45,G45,E45),0))","=IF(AG45="""","""",AG45*F45)","=IF(AH45="""","""",MIN(AG45,MAX(AH45-AI45,0)))","=IF(AG45="""","""",MAX(AG45-AJ45,0))","=IF(AK45="""","""",AK45)","=IF(OR(AL45="""",G45<=0),"""",IFERROR(-PMT(F45,G45,E45),0))","=IF(AL45="""","""",AL45*F45)","=IF(AM45="""","""",MIN(AL45,MAX(AM45-AN45,0)))","=IF(AL45="""","""",MAX(AL45-AO45,0))","=IF(AP45="""","""",AP45)","=IF(OR(AQ45="""",G45<=0),"""",IFERROR(-PMT(F45,G45,E45),0))","=IF(AQ45="""","""",AQ45*F45)","=IF(AR45="""","""",MIN(AQ45,MAX(AR45-AS45,0)))","=IF(AQ45="""","""",MAX(AQ45-AT45,0))","=IF(AU45="""","""",AU45)","=IF(OR(AV45="""",G45<=0),"""",IFERROR(-PMT(F45,G45,E45),0))","=IF(AV45="""","""",AV45*F45)","=IF(AW45="""","""",MIN(AV45,MAX(AW45-AX45,0)))","=IF(AV45="""","""",MAX(AV45-AY45,0))","=IF(AZ45="""","""",AZ45)","=IF(OR(BA45="""",G45<=0),"""",IFERROR(-PMT(F45,G45,E45),0))","=IF(BA45="""","""",BA45*F45)","=IF(BB45="""","""",MIN(BA45,MAX(BB45-BC45,0)))","=IF(BA45="""","""",MAX(BA45-BD45,0))","=IF(BE45="""","""",BE45)","=IF(OR(BF45="""",G45<=0),"""",IFERROR(-PMT(F45,G45,E45),0))","=IF(BF45="""","""",BF45*F45)","=IF(BG45="""","""",MIN(BF45,MAX(BG45-BH45,0)))","=IF(BF45="""","""",MAX(BF45-BI45,0))","=IF(BJ45="""","""",BJ45)","=IF(OR(BK45="""",G45<=0),"""",IFERROR(-PMT(F45,G45,E45),0))","=IF(BK45="""","""",BK45*F45)","=IF(BL45="""","""",MIN(BK45,MAX(BL45-BM45,0)))","=IF(BK45="""","""",MAX(BK45-BN45,0))"
"=IF(B46="""","""",""LN""&TEXT(ROW()-1,""000""))","","=IFERROR(VLOOKUP(B46,Members!$B$2:$C$31,2,FALSE),"""")","","","=Settings!$B$10","","=IF(E46="""","""",E46)","=IF(OR(H46="""",G46<=0),"""",IFERROR(-PMT(F46,G46,E46),0))","=IF(H46="""","""",H46*F46)","=IF(I46="""","""",MIN(H46,MAX(I46-J46,0)))","=IF(H46="""","""",MAX(H46-K46,0))","=IF(L46="""","""",L46)","=IF(OR(M46="""",G46<=0),"""",IFERROR(-PMT(F46,G46,E46),0))","=IF(M46="""","""",M46*F46)","=IF(N46="""","""",MIN(M46,MAX(N46-O46,0)))","=IF(M46="""","""",MAX(M46-P46,0))","=IF(Q46="""","""",Q46)","=IF(OR(R46="""",G46<=0),"""",IFERROR(-PMT(F46,G46,E46),0))","=IF(R46="""","""",R46*F46)","=IF(S46="""","""",MIN(R46,MAX(S46-T46,0)))","=IF(R46="""","""",MAX(R46-U46,0))","=IF(V46="""","""",V46)","=IF(OR(W46="""",G46<=0),"""",IFERROR(-PMT(F46,G46,E46),0))","=IF(W46="""","""",W46*F46)","=IF(X46="""","""",MIN(W46,MAX(X46-Y46,0)))","=IF(W46="""","""",MAX(W46-Z46,0))","=IF(AA46="""","""",AA46)","=IF(OR(AB46="""",G46<=0),"""",IFERROR(-PMT(F46,G46,E46),0))","=IF(AB46="""","""",AB46*F46)","=IF(AC46="""","""",MIN(AB46,MAX(AC46-AD46,0)))","=IF(AB46="""","""",MAX(AB46-AE46,0))","=IF(AF46="""","""",AF46)","=IF(OR(AG46="""",G46<=0),"""",IFERROR(-PMT(F46,G46,E46),0))","=IF(AG46="""","""",AG46*F46)","=IF(AH46="""","""",MIN(AG46,MAX(AH46-AI46,0)))","=IF(AG46="""","""",MAX(AG46-AJ46,0))","=IF(AK46="""","""",AK46)","=IF(OR(AL46="""",G46<=0),"""",IFERROR(-PMT(F46,G46,E46),0))","=IF(AL46="""","""",AL46*F46)","=IF(AM46="""","""",MIN(AL46,MAX(AM46-AN46,0)))","=IF(AL46="""","""",MAX(AL46-AO46,0))","=IF(AP46="""","""",AP46)","=IF(OR(AQ46="""",G46<=0),"""",IFERROR(-PMT(F46,G46,E46),0))","=IF(AQ46="""","""",AQ46*F46)","=IF(AR46="""","""",MIN(AQ46,MAX(AR46-AS46,0)))","=IF(AQ46="""","""",MAX(AQ46-AT46,0))","=IF(AU46="""","""",AU46)","=IF(OR(AV46="""",G46<=0),"""",IFERROR(-PMT(F46,G46,E46),0))","=IF(AV46="""","""",AV46*F46)","=IF(AW46="""","""",MIN(AV46,MAX(AW46-AX46,0)))","=IF(AV46="""","""",MAX(AV46-AY46,0))","=IF(AZ46="""","""",AZ46)","=IF(OR(BA46="""",G46<=0),"""",IFERROR(-PMT(F46,G46,E46),0))","=IF(BA46="""","""",BA46*F46)","=IF(BB46="""","""",MIN(BA46,MAX(BB46-BC46,0)))","=IF(BA46="""","""",MAX(BA46-BD46,0))","=IF(BE46="""","""",BE46)","=IF(OR(BF46="""",G46<=0),"""",IFERROR(-PMT(F46,G46,E46),0))","=IF(BF46="""","""",BF46*F46)","=IF(BG46="""","""",MIN(BF46,MAX(BG46-BH46,0)))","=IF(BF46="""","""",MAX(BF46-BI46,0))","=IF(BJ46="""","""",BJ46)","=IF(OR(BK46="""",G46<=0),"""",IFERROR(-PMT(F46,G46,E46),0))","=IF(BK46="""","""",BK46*F46)","=IF(BL46="""","""",MIN(BK46,MAX(BL46-BM46,0)))","=IF(BK46="""","""",MAX(BK46-BN46,0))"
"=IF(B47="""","""",""LN""&TEXT(ROW()-1,""000""))","","=IFERROR(VLOOKUP(B47,Members!$B$2:$C$31,2,FALSE),"""")","","","=Settings!$B$10","","=IF(E47="""","""",E47)","=IF(OR(H47="""",G47<=0),"""",IFERROR(-PMT(F47,G47,E47),0))","=IF(H47="""","""",H47*F47)","=IF(I47="""","""",MIN(H47,MAX(I47-J47,0)))","=IF(H47="""","""",MAX(H47-K47,0))","=IF(L47="""","""",L47)","=IF(OR(M47="""",G47<=0),"""",IFERROR(-PMT(F47,G47,E47),0))","=IF(M47="""","""",M47*F47)","=IF(N47="""","""",MIN(M47,MAX(N47-O47,0)))","=IF(M47="""","""",MAX(M47-P47,0))","=IF(Q47="""","""",Q47)","=IF(OR(R47="""",G47<=0),"""",IFERROR(-PMT(F47,G47,E47),0))","=IF(R47="""","""",R47*F47)","=IF(S47="""","""",MIN(R47,MAX(S47-T47,0)))","=IF(R47="""","""",MAX(R47-U47,0))","=IF(V47="""","""",V47)","=IF(OR(W47="""",G47<=0),"""",IFERROR(-PMT(F47,G47,E47),0))","=IF(W47="""","""",W47*F47)","=IF(X47="""","""",MIN(W47,MAX(X47-Y47,0)))","=IF(W47="""","""",MAX(W47-Z47,0))","=IF(AA47="""","""",AA47)","=IF(OR(AB47="""",G47<=0),"""",IFERROR(-PMT(F47,G47,E47),0))","=IF(AB47="""","""",AB47*F47)","=IF(AC47="""","""",MIN(AB47,MAX(AC47-AD47,0)))","=IF(AB47="""","""",MAX(AB47-AE47,0))","=IF(AF47="""","""",AF47)","=IF(OR(AG47="""",G47<=0),"""",IFERROR(-PMT(F47,G47,E47),0))","=IF(AG47="""","""",AG47*F47)","=IF(AH47="""","""",MIN(AG47,MAX(AH47-AI47,0)))","=IF(AG47="""","""",MAX(AG47-AJ47,0))","=IF(AK47="""","""",AK47)","=IF(OR(AL47="""",G47<=0),"""",IFERROR(-PMT(F47,G47,E47),0))","=IF(AL47="""","""",AL47*F47)","=IF(AM47="""","""",MIN(AL47,MAX(AM47-AN47,0)))","=IF(AL47="""","""",MAX(AL47-AO47,0))","=IF(AP47="""","""",AP47)","=IF(OR(AQ47="""",G47<=0),"""",IFERROR(-PMT(F47,G47,E47),0))","=IF(AQ47="""","""",AQ47*F47)","=IF(AR47="""","""",MIN(AQ47,MAX(AR47-AS47,0)))","=IF(AQ47="""","""",MAX(AQ47-AT47,0))","=IF(AU47="""","""",AU47)","=IF(OR(AV47="""",G47<=0),"""",IFERROR(-PMT(F47,G47,E47),0))","=IF(AV47="""","""",AV47*F47)","=IF(AW47="""","""",MIN(AV47,MAX(AW47-AX47,0)))","=IF(AV47="""","""",MAX(AV47-AY47,0))","=IF(AZ47="""","""",AZ47)","=IF(OR(BA47="""",G47<=0),"""",IFERROR(-PMT(F47,G47,E47),0))","=IF(BA47="""","""",BA47*F47)","=IF(BB47="""","""",MIN(BA47,MAX(BB47-BC47,0)))","=IF(BA47="""","""",MAX(BA47-BD47,0))","=IF(BE47="""","""",BE47)","=IF(OR(BF47="""",G47<=0),"""",IFERROR(-PMT(F47,G47,E47),0))","=IF(BF47="""","""",BF47*F47)","=IF(BG47="""","""",MIN(BF47,MAX(BG47-BH47,0)))","=IF(BF47="""","""",MAX(BF47-BI47,0))","=IF(BJ47="""","""",BJ47)","=IF(OR(BK47="""",G47<=0),"""",IFERROR(-PMT(F47,G47,E47),0))","=IF(BK47="""","""",BK47*F47)","=IF(BL47="""","""",MIN(BK47,MAX(BL47-BM47,0)))","=IF(BK47="""","""",MAX(BK47-BN47,0))"
"=IF(B48="""","""",""LN""&TEXT(ROW()-1,""000""))","","=IFERROR(VLOOKUP(B48,Members!$B$2:$C$31,2,FALSE),"""")","","","=Settings!$B$10","","=IF(E48="""","""",E48)","=IF(OR(H48="""",G48<=0),"""",IFERROR(-PMT(F48,G48,E48),0))","=IF(H48="""","""",H48*F48)","=IF(I48="""","""",MIN(H48,MAX(I48-J48,0)))","=IF(H48="""","""",MAX(H48-K48,0))","=IF(L48="""","""",L48)","=IF(OR(M48="""",G48<=0),"""",IFERROR(-PMT(F48,G48,E48),0))","=IF(M48="""","""",M48*F48)","=IF(N48="""","""",MIN(M48,MAX(N48-O48,0)))","=IF(M48="""","""",MAX(M48-P48,0))","=IF(Q48="""","""",Q48)","=IF(OR(R48="""",G48<=0),"""",IFERROR(-PMT(F48,G48,E48),0))","=IF(R48="""","""",R48*F48)","=IF(S48="""","""",MIN(R48,MAX(S48-T48,0)))","=IF(R48="""","""",MAX(R48-U48,0))","=IF(V48="""","""",V48)","=IF(OR(W48="""",G48<=0),"""",IFERROR(-PMT(F48,G48,E48),0))","=IF(W48="""","""",W48*F48)","=IF(X48="""","""",MIN(W48,MAX(X48-Y48,0)))","=IF(W48="""","""",MAX(W48-Z48,0))","=IF(AA48="""","""",AA48)","=IF(OR(AB48="""",G48<=0),"""",IFERROR(-PMT(F48,G48,E48),0))","=IF(AB48="""","""",AB48*F48)","=IF(AC48="""","""",MIN(AB48,MAX(AC48-AD48,0)))","=IF(AB48="""","""",MAX(AB48-AE48,0))","=IF(AF48="""","""",AF48)","=IF(OR(AG48="""",G48<=0),"""",IFERROR(-PMT(F48,G48,E48),0))","=IF(AG48="""","""",AG48*F48)","=IF(AH48="""","""",MIN(AG48,MAX(AH48-AI48,0)))","=IF(AG48="""","""",MAX(AG48-AJ48,0))","=IF(AK48="""","""",AK48)","=IF(OR(AL48="""",G48<=0),"""",IFERROR(-PMT(F48,G48,E48),0))","=IF(AL48="""","""",AL48*F48)","=IF(AM48="""","""",MIN(AL48,MAX(AM48-AN48,0)))","=IF(AL48="""","""",MAX(AL48-AO48,0))","=IF(AP48="""","""",AP48)","=IF(OR(AQ48="""",G48<=0),"""",IFERROR(-PMT(F48,G48,E48),0))","=IF(AQ48="""","""",AQ48*F48)","=IF(AR48="""","""",MIN(AQ48,MAX(AR48-AS48,0)))","=IF(AQ48="""","""",MAX(AQ48-AT48,0))","=IF(AU48="""","""",AU48)","=IF(OR(AV48="""",G48<=0),"""",IFERROR(-PMT(F48,G48,E48),0))","=IF(AV48="""","""",AV48*F48)","=IF(AW48="""","""",MIN(AV48,MAX(AW48-AX48,0)))","=IF(AV48="""","""",MAX(AV48-AY48,0))","=IF(AZ48="""","""",AZ48)","=IF(OR(BA48="""",G48<=0),"""",IFERROR(-PMT(F48,G48,E48),0))","=IF(BA48="""","""",BA48*F48)","=IF(BB48="""","""",MIN(BA48,MAX(BB48-BC48,0)))","=IF(BA48="""","""",MAX(BA48-BD48,0))","=IF(BE48="""","""",BE48)","=IF(OR(BF48="""",G48<=0),"""",IFERROR(-PMT(F48,G48,E48),0))","=IF(BF48="""","""",BF48*F48)","=IF(BG48="""","""",MIN(BF48,MAX(BG48-BH48,0)))","=IF(BF48="""","""",MAX(BF48-BI48,0))","=IF(BJ48="""","""",BJ48)","=IF(OR(BK48="""",G48<=0),"""",IFERROR(-PMT(F48,G48,E48),0))","=IF(BK48="""","""",BK48*F48)","=IF(BL48="""","""",MIN(BK48,MAX(BL48-BM48,0)))","=IF(BK48="""","""",MAX(BK48-BN48,0))"
"=IF(B49="""","""",""LN""&TEXT(ROW()-1,""000""))","","=IFERROR(VLOOKUP(B49,Members!$B$2:$C$31,2,FALSE),"""")","","","=Settings!$B$10","","=IF(E49="""","""",E49)","=IF(OR(H49="""",G49<=0),"""",IFERROR(-PMT(F49,G49,E49),0))","=IF(H49="""","""",H49*F49)","=IF(I49="""","""",MIN(H49,MAX(I49-J49,0)))","=IF(H49="""","""",MAX(H49-K49,0))","=IF(L49="""","""",L49)","=IF(OR(M49="""",G49<=0),"""",IFERROR(-PMT(F49,G49,E49),0))","=IF(M49="""","""",M49*F49)","=IF(N49="""","""",MIN(M49,MAX(N49-O49,0)))","=IF(M49="""","""",MAX(M49-P49,0))","=IF(Q49="""","""",Q49)","=IF(OR(R49="""",G49<=0),"""",IFERROR(-PMT(F49,G49,E49),0))","=IF(R49="""","""",R49*F49)","=IF(S49="""","""",MIN(R49,MAX(S49-T49,0)))","=IF(R49="""","""",MAX(R49-U49,0))","=IF(V49="""","""",V49)","=IF(OR(W49="""",G49<=0),"""",IFERROR(-PMT(F49,G49,E49),0))","=IF(W49="""","""",W49*F49)","=IF(X49="""","""",MIN(W49,MAX(X49-Y49,0)))","=IF(W49="""","""",MAX(W49-Z49,0))","=IF(AA49="""","""",AA49)","=IF(OR(AB49="""",G49<=0),"""",IFERROR(-PMT(F49,G49,E49),0))","=IF(AB49="""","""",AB49*F49)","=IF(AC49="""","""",MIN(AB49,MAX(AC49-AD49,0)))","=IF(AB49="""","""",MAX(AB49-AE49,0))","=IF(AF49="""","""",AF49)","=IF(OR(AG49="""",G49<=0),"""",IFERROR(-PMT(F49,G49,E49),0))","=IF(AG49="""","""",AG49*F49)","=IF(AH49="""","""",MIN(AG49,MAX(AH49-AI49,0)))","=IF(AG49="""","""",MAX(AG49-AJ49,0))","=IF(AK49="""","""",AK49)","=IF(OR(AL49="""",G49<=0),"""",IFERROR(-PMT(F49,G49,E49),0))","=IF(AL49="""","""",AL49*F49)","=IF(AM49="""","""",MIN(AL49,MAX(AM49-AN49,0)))","=IF(AL49="""","""",MAX(AL49-AO49,0))","=IF(AP49="""","""",AP49)","=IF(OR(AQ49="""",G49<=0),"""",IFERROR(-PMT(F49,G49,E49),0))","=IF(AQ49="""","""",AQ49*F49)","=IF(AR49="""","""",MIN(AQ49,MAX(AR49-AS49,0)))","=IF(AQ49="""","""",MAX(AQ49-AT49,0))","=IF(AU49="""","""",AU49)","=IF(OR(AV49="""",G49<=0),"""",IFERROR(-PMT(F49,G49,E49),0))","=IF(AV49="""","""",AV49*F49)","=IF(AW49="""","""",MIN(AV49,MAX(AW49-AX49,0)))","=IF(AV49="""","""",MAX(AV49-AY49,0))","=IF(AZ49="""","""",AZ49)","=IF(OR(BA49="""",G49<=0),"""",IFERROR(-PMT(F49,G49,E49),0))","=IF(BA49="""","""",BA49*F49)","=IF(BB49="""","""",MIN(BA49,MAX(BB49-BC49,0)))","=IF(BA49="""","""",MAX(BA49-BD49,0))","=IF(BE49="""","""",BE49)","=IF(OR(BF49="""",G49<=0),"""",IFERROR(-PMT(F49,G49,E49),0))","=IF(BF49="""","""",BF49*F49)","=IF(BG49="""","""",MIN(BF49,MAX(BG49-BH49,0)))","=IF(BF49="""","""",MAX(BF49-BI49,0))","=IF(BJ49="""","""",BJ49)","=IF(OR(BK49="""",G49<=0),"""",IFERROR(-PMT(F49,G49,E49),0))","=IF(BK49="""","""",BK49*F49)","=IF(BL49="""","""",MIN(BK49,MAX(BL49-BM49,0)))","=IF(BK49="""","""",MAX(BK49-BN49,0))"
"=IF(B50="""","""",""LN""&TEXT(ROW()-1,""000""))","","=IFERROR(VLOOKUP(B50,Members!$B$2:$C$31,2,FALSE),"""")","","","=Settings!$B$10","","=IF(E50="""","""",E50)","=IF(OR(H50="""",G50<=0),"""",IFERROR(-PMT(F50,G50,E50),0))","=IF(H50="""","""",H50*F50)","=IF(I50="""","""",MIN(H50,MAX(I50-J50,0)))","=IF(H50="""","""",MAX(H50-K50,0))","=IF(L50="""","""",L50)","=IF(OR(M50="""",G50<=0),"""",IFERROR(-PMT(F50,G50,E50),0))","=IF(M50="""","""",M50*F50)","=IF(N50="""","""",MIN(M50,MAX(N50-O50,0)))","=IF(M50="""","""",MAX(M50-P50,0))","=IF(Q50="""","""",Q50)","=IF(OR(R50="""",G50<=0),"""",IFERROR(-PMT(F50,G50,E50),0))","=IF(R50="""","""",R50*F50)","=IF(S50="""","""",MIN(R50,MAX(S50-T50,0)))","=IF(R50="""","""",MAX(R50-U50,0))","=IF(V50="""","""",V50)","=IF(OR(W50="""",G50<=0),"""",IFERROR(-PMT(F50,G50,E50),0))","=IF(W50="""","""",W50*F50)","=IF(X50="""","""",MIN(W50,MAX(X50-Y50,0)))","=IF(W50="""","""",MAX(W50-Z50,0))","=IF(AA50="""","""",AA50)","=IF(OR(AB50="""",G50<=0),"""",IFERROR(-PMT(F50,G50,E50),0))","=IF(AB50="""","""",AB50*F50)","=IF(AC50="""","""",MIN(AB50,MAX(AC50-AD50,0)))","=IF(AB50="""","""",MAX(AB50-AE50,0))","=IF(AF50="""","""",AF50)","=IF(OR(AG50="""",G50<=0),"""",IFERROR(-PMT(F50,G50,E50),0))","=IF(AG50="""","""",AG50*F50)","=IF(AH50="""","""",MIN(AG50,MAX(AH50-AI50,0)))","=IF(AG50="""","""",MAX(AG50-AJ50,0))","=IF(AK50="""","""",AK50)","=IF(OR(AL50="""",G50<=0),"""",IFERROR(-PMT(F50,G50,E50),0))","=IF(AL50="""","""",AL50*F50)","=IF(AM50="""","""",MIN(AL50,MAX(AM50-AN50,0)))","=IF(AL50="""","""",MAX(AL50-AO50,0))","=IF(AP50="""","""",AP50)","=IF(OR(AQ50="""",G50<=0),"""",IFERROR(-PMT(F50,G50,E50),0))","=IF(AQ50="""","""",AQ50*F50)","=IF(AR50="""","""",MIN(AQ50,MAX(AR50-AS50,0)))","=IF(AQ50="""","""",MAX(AQ50-AT50,0))","=IF(AU50="""","""",AU50)","=IF(OR(AV50="""",G50<=0),"""",IFERROR(-PMT(F50,G50,E50),0))","=IF(AV50="""","""",AV50*F50)","=IF(AW50="""","""",MIN(AV50,MAX(AW50-AX50,0)))","=IF(AV50="""","""",MAX(AV50-AY50,0))","=IF(AZ50="""","""",AZ50)","=IF(OR(BA50="""",G50<=0),"""",IFERROR(-PMT(F50,G50,E50),0))","=IF(BA50="""","""",BA50*F50)","=IF(BB50="""","""",MIN(BA50,MAX(BB50-BC50,0)))","=IF(BA50="""","""",MAX(BA50-BD50,0))","=IF(BE50="""","""",BE50)","=IF(OR(BF50="""",G50<=0),"""",IFERROR(-PMT(F50,G50,E50),0))","=IF(BF50="""","""",BF50*F50)","=IF(BG50="""","""",MIN(BF50,MAX(BG50-BH50,0)))","=IF(BF50="""","""",MAX(BF50-BI50,0))","=IF(BJ50="""","""",BJ50)","=IF(OR(BK50="""",G50<=0),"""",IFERROR(-PMT(F50,G50,E50),0))","=IF(BK50="""","""",BK50*F50)","=IF(BL50="""","""",MIN(BK50,MAX(BL50-BM50,0)))","=IF(BK50="""","""",MAX(BK50-BN50,0))"
"=IF(B51="""","""",""LN""&TEXT(ROW()-1,""000""))","","=IFERROR(VLOOKUP(B51,Members!$B$2:$C$31,2,FALSE),"""")","","","=Settings!$B$10","","=IF(E51="""","""",E51)","=IF(OR(H51="""",G51<=0),"""",IFERROR(-PMT(F51,G51,E51),0))","=IF(H51="""","""",H51*F51)","=IF(I51="""","""",MIN(H51,MAX(I51-J51,0)))","=IF(H51="""","""",MAX(H51-K51,0))","=IF(L51="""","""",L51)","=IF(OR(M51="""",G51<=0),"""",IFERROR(-PMT(F51,G51,E51),0))","=IF(M51="""","""",M51*F51)","=IF(N51="""","""",MIN(M51,MAX(N51-O51,0)))","=IF(M51="""","""",MAX(M51-P51,0))","=IF(Q51="""","""",Q51)","=IF(OR(R51="""",G51<=0),"""",IFERROR(-PMT(F51,G51,E51),0))","=IF(R51="""","""",R51*F51)","=IF(S51="""","""",MIN(R51,MAX(S51-T51,0)))","=IF(R51="""","""",MAX(R51-U51,0))","=IF(V51="""","""",V51)","=IF(OR(W51="""",G51<=0),"""",IFERROR(-PMT(F51,G51,E51),0))","=IF(W51="""","""",W51*F51)","=IF(X51="""","""",MIN(W51,MAX(X51-Y51,0)))","=IF(W51="""","""",MAX(W51-Z51,0))","=IF(AA51="""","""",AA51)","=IF(OR(AB51="""",G51<=0),"""",IFERROR(-PMT(F51,G51,E51),0))","=IF(AB51="""","""",AB51*F51)","=IF(AC51="""","""",MIN(AB51,MAX(AC51-AD51,0)))","=IF(AB51="""","""",MAX(AB51-AE51,0))","=IF(AF51="""","""",AF51)","=IF(OR(AG51="""",G51<=0),"""",IFERROR(-PMT(F51,G51,E51),0))","=IF(AG51="""","""",AG51*F51)","=IF(AH51="""","""",MIN(AG51,MAX(AH51-AI51,0)))","=IF(AG51="""","""",MAX(AG51-AJ51,0))","=IF(AK51="""","""",AK51)","=IF(OR(AL51="""",G51<=0),"""",IFERROR(-PMT(F51,G51,E51),0))","=IF(AL51="""","""",AL51*F51)","=IF(AM51="""","""",MIN(AL51,MAX(AM51-AN51,0)))","=IF(AL51="""","""",MAX(AL51-AO51,0))","=IF(AP51="""","""",AP51)","=IF(OR(AQ51="""",G51<=0),"""",IFERROR(-PMT(F51,G51,E51),0))","=IF(AQ51="""","""",AQ51*F51)","=IF(AR51="""","""",MIN(AQ51,MAX(AR51-AS51,0)))","=IF(AQ51="""","""",MAX(AQ51-AT51,0))","=IF(AU51="""","""",AU51)","=IF(OR(AV51="""",G51<=0),"""",IFERROR(-PMT(F51,G51,E51),0))","=IF(AV51="""","""",AV51*F51)","=IF(AW51="""","""",MIN(AV51,MAX(AW51-AX51,0)))","=IF(AV51="""","""",MAX(AV51-AY51,0))","=IF(AZ51="""","""",AZ51)","=IF(OR(BA51="""",G51<=0),"""",IFERROR(-PMT(F51,G51,E51),0))","=IF(BA51="""","""",BA51*F51)","=IF(BB51="""","""",MIN(BA51,MAX(BB51-BC51,0)))","=IF(BA51="""","""",MAX(BA51-BD51,0))","=IF(BE51="""","""",BE51)","=IF(OR(BF51="""",G51<=0),"""",IFERROR(-PMT(F51,G51,E51),0))","=IF(BF51="""","""",BF51*F51)","=IF(BG51="""","""",MIN(BF51,MAX(BG51-BH51,0)))","=IF(BF51="""","""",MAX(BF51-BI51,0))","=IF(BJ51="""","""",BJ51)","=IF(OR(BK51="""",G51<=0),"""",IFERROR(-PMT(F51,G51,E51),0))","=IF(BK51="""","""",BK51*F51)","=IF(BL51="""","""",MIN(BK51,MAX(BL51-BM51,0)))","=IF(BK51="""","""",MAX(BK51-BN51,0))"
"=IF(B52="""","""",""LN""&TEXT(ROW()-1,""000""))","","=IFERROR(VLOOKUP(B52,Members!$B$2:$C$31,2,FALSE),"""")","","","=Settings!$B$10","","=IF(E52="""","""",E52)","=IF(OR(H52="""",G52<=0),"""",IFERROR(-PMT(F52,G52,E52),0))","=IF(H52="""","""",H52*F52)","=IF(I52="""","""",MIN(H52,MAX(I52-J52,0)))","=IF(H52="""","""",MAX(H52-K52,0))","=IF(L52="""","""",L52)","=IF(OR(M52="""",G52<=0),"""",IFERROR(-PMT(F52,G52,E52),0))","=IF(M52="""","""",M52*F52)","=IF(N52="""","""",MIN(M52,MAX(N52-O52,0)))","=IF(M52="""","""",MAX(M52-P52,0))","=IF(Q52="""","""",Q52)","=IF(OR(R52="""",G52<=0),"""",IFERROR(-PMT(F52,G52,E52),0))","=IF(R52="""","""",R52*F52)","=IF(S52="""","""",MIN(R52,MAX(S52-T52,0)))","=IF(R52="""","""",MAX(R52-U52,0))","=IF(V52="""","""",V52)","=IF(OR(W52="""",G52<=0),"""",IFERROR(-PMT(F52,G52,E52),0))","=IF(W52="""","""",W52*F52)","=IF(X52="""","""",MIN(W52,MAX(X52-Y52,0)))","=IF(W52="""","""",MAX(W52-Z52,0))","=IF(AA52="""","""",AA52)","=IF(OR(AB52="""",G52<=0),"""",IFERROR(-PMT(F52,G52,E52),0))","=IF(AB52="""","""",AB52*F52)","=IF(AC52="""","""",MIN(AB52,MAX(AC52-AD52,0)))","=IF(AB52="""","""",MAX(AB52-AE52,0))","=IF(AF52="""","""",AF52)","=IF(OR(AG52="""",G52<=0),"""",IFERROR(-PMT(F52,G52,E52),0))","=IF(AG52="""","""",AG52*F52)","=IF(AH52="""","""",MIN(AG52,MAX(AH52-AI52,0)))","=IF(AG52="""","""",MAX(AG52-AJ52,0))","=IF(AK52="""","""",AK52)","=IF(OR(AL52="""",G52<=0),"""",IFERROR(-PMT(F52,G52,E52),0))","=IF(AL52="""","""",AL52*F52)","=IF(AM52="""","""",MIN(AL52,MAX(AM52-AN52,0)))","=IF(AL52="""","""",MAX(AL52-AO52,0))","=IF(AP52="""","""",AP52)","=IF(OR(AQ52="""",G52<=0),"""",IFERROR(-PMT(F52,G52,E52),0))","=IF(AQ52="""","""",AQ52*F52)","=IF(AR52="""","""",MIN(AQ52,MAX(AR52-AS52,0)))","=IF(AQ52="""","""",MAX(AQ52-AT52,0))","=IF(AU52="""","""",AU52)","=IF(OR(AV52="""",G52<=0),"""",IFERROR(-PMT(F52,G52,E52),0))","=IF(AV52="""","""",AV52*F52)","=IF(AW52="""","""",MIN(AV52,MAX(AW52-AX52,0)))","=IF(AV52="""","""",MAX(AV52-AY52,0))","=IF(AZ52="""","""",AZ52)","=IF(OR(BA52="""",G52<=0),"""",IFERROR(-PMT(F52,G52,E52),0))","=IF(BA52="""","""",BA52*F52)","=IF(BB52="""","""",MIN(BA52,MAX(BB52-BC52,0)))","=IF(BA52="""","""",MAX(BA52-BD52,0))","=IF(BE52="""","""",BE52)","=IF(OR(BF52="""",G52<=0),"""",IFERROR(-PMT(F52,G52,E52),0))","=IF(BF52="""","""",BF52*F52)","=IF(BG52="""","""",MIN(BF52,MAX(BG52-BH52,0)))","=IF(BF52="""","""",MAX(BF52-BI52,0))","=IF(BJ52="""","""",BJ52)","=IF(OR(BK52="""",G52<=0),"""",IFERROR(-PMT(F52,G52,E52),0))","=IF(BK52="""","""",BK52*F52)","=IF(BL52="""","""",MIN(BK52,MAX(BL52-BM52,0)))","=IF(BK52="""","""",MAX(BK52-BN52,0))"
"=IF(B53="""","""",""LN""&TEXT(ROW()-1,""000""))","","=IFERROR(VLOOKUP(B53,Members!$B$2:$C$31,2,FALSE),"""")","","","=Settings!$B$10","","=IF(E53="""","""",E53)","=IF(OR(H53="""",G53<=0),"""",IFERROR(-PMT(F53,G53,E53),0))","=IF(H53="""","""",H53*F53)","=IF(I53="""","""",MIN(H53,MAX(I53-J53,0)))","=IF(H53="""","""",MAX(H53-K53,0))","=IF(L53="""","""",L53)","=IF(OR(M53="""",G53<=0),"""",IFERROR(-PMT(F53,G53,E53),0))","=IF(M53="""","""",M53*F53)","=IF(N53="""","""",MIN(M53,MAX(N53-O53,0)))","=IF(M53="""","""",MAX(M53-P53,0))","=IF(Q53="""","""",Q53)","=IF(OR(R53="""",G53<=0),"""",IFERROR(-PMT(F53,G53,E53),0))","=IF(R53="""","""",R53*F53)","=IF(S53="""","""",MIN(R53,MAX(S53-T53,0)))","=IF(R53="""","""",MAX(R53-U53,0))","=IF(V53="""","""",V53)","=IF(OR(W53="""",G53<=0),"""",IFERROR(-PMT(F53,G53,E53),0))","=IF(W53="""","""",W53*F53)","=IF(X53="""","""",MIN(W53,MAX(X53-Y53,0)))","=IF(W53="""","""",MAX(W53-Z53,0))","=IF(AA53="""","""",AA53)","=IF(OR(AB53="""",G53<=0),"""",IFERROR(-PMT(F53,G53,E53),0))","=IF(AB53="""","""",AB53*F53)","=IF(AC53="""","""",MIN(AB53,MAX(AC53-AD53,0)))","=IF(AB53="""","""",MAX(AB53-AE53,0))","=IF(AF53="""","""",AF53)","=IF(OR(AG53="""",G53<=0),"""",IFERROR(-PMT(F53,G53,E53),0))","=IF(AG53="""","""",AG53*F53)","=IF(AH53="""","""",MIN(AG53,MAX(AH53-AI53,0)))","=IF(AG53="""","""",MAX(AG53-AJ53,0))","=IF(AK53="""","""",AK53)","=IF(OR(AL53="""",G53<=0),"""",IFERROR(-PMT(F53,G53,E53),0))","=IF(AL53="""","""",AL53*F53)","=IF(AM53="""","""",MIN(AL53,MAX(AM53-AN53,0)))","=IF(AL53="""","""",MAX(AL53-AO53,0))","=IF(AP53="""","""",AP53)","=IF(OR(AQ53="""",G53<=0),"""",IFERROR(-PMT(F53,G53,E53),0))","=IF(AQ53="""","""",AQ53*F53)","=IF(AR53="""","""",MIN(AQ53,MAX(AR53-AS53,0)))","=IF(AQ53="""","""",MAX(AQ53-AT53,0))","=IF(AU53="""","""",AU53)","=IF(OR(AV53="""",G53<=0),"""",IFERROR(-PMT(F53,G53,E53),0))","=IF(AV53="""","""",AV53*F53)","=IF(AW53="""","""",MIN(AV53,MAX(AW53-AX53,0)))","=IF(AV53="""","""",MAX(AV53-AY53,0))","=IF(AZ53="""","""",AZ53)","=IF(OR(BA53="""",G53<=0),"""",IFERROR(-PMT(F53,G53,E53),0))","=IF(BA53="""","""",BA53*F53)","=IF(BB53="""","""",MIN(BA53,MAX(BB53-BC53,0)))","=IF(BA53="""","""",MAX(BA53-BD53,0))","=IF(BE53="""","""",BE53)","=IF(OR(BF53="""",G53<=0),"""",IFERROR(-PMT(F53,G53,E53),0))","=IF(BF53="""","""",BF53*F53)","=IF(BG53="""","""",MIN(BF53,MAX(BG53-BH53,0)))","=IF(BF53="""","""",MAX(BF53-BI53,0))","=IF(BJ53="""","""",BJ53)","=IF(OR(BK53="""",G53<=0),"""",IFERROR(-PMT(F53,G53,E53),0))","=IF(BK53="""","""",BK53*F53)","=IF(BL53="""","""",MIN(BK53,MAX(BL53-BM53,0)))","=IF(BK53="""","""",MAX(BK53-BN53,0))"
"=IF(B54="""","""",""LN""&TEXT(ROW()-1,""000""))","","=IFERROR(VLOOKUP(B54,Members!$B$2:$C$31,2,FALSE),"""")","","","=Settings!$B$10","","=IF(E54="""","""",E54)","=IF(OR(H54="""",G54<=0),"""",IFERROR(-PMT(F54,G54,E54),0))","=IF(H54="""","""",H54*F54)","=IF(I54="""","""",MIN(H54,MAX(I54-J54,0)))","=IF(H54="""","""",MAX(H54-K54,0))","=IF(L54="""","""",L54)","=IF(OR(M54="""",G54<=0),"""",IFERROR(-PMT(F54,G54,E54),0))","=IF(M54="""","""",M54*F54)","=IF(N54="""","""",MIN(M54,MAX(N54-O54,0)))","=IF(M54="""","""",MAX(M54-P54,0))","=IF(Q54="""","""",Q54)","=IF(OR(R54="""",G54<=0),"""",IFERROR(-PMT(F54,G54,E54),0))","=IF(R54="""","""",R54*F54)","=IF(S54="""","""",MIN(R54,MAX(S54-T54,0)))","=IF(R54="""","""",MAX(R54-U54,0))","=IF(V54="""","""",V54)","=IF(OR(W54="""",G54<=0),"""",IFERROR(-PMT(F54,G54,E54),0))","=IF(W54="""","""",W54*F54)","=IF(X54="""","""",MIN(W54,MAX(X54-Y54,0)))","=IF(W54="""","""",MAX(W54-Z54,0))","=IF(AA54="""","""",AA54)","=IF(OR(AB54="""",G54<=0),"""",IFERROR(-PMT(F54,G54,E54),0))","=IF(AB54="""","""",AB54*F54)","=IF(AC54="""","""",MIN(AB54,MAX(AC54-AD54,0)))","=IF(AB54="""","""",MAX(AB54-AE54,0))","=IF(AF54="""","""",AF54)","=IF(OR(AG54="""",G54<=0),"""",IFERROR(-PMT(F54,G54,E54),0))","=IF(AG54="""","""",AG54*F54)","=IF(AH54="""","""",MIN(AG54,MAX(AH54-AI54,0)))","=IF(AG54="""","""",MAX(AG54-AJ54,0))","=IF(AK54="""","""",AK54)","=IF(OR(AL54="""",G54<=0),"""",IFERROR(-PMT(F54,G54,E54),0))","=IF(AL54="""","""",AL54*F54)","=IF(AM54="""","""",MIN(AL54,MAX(AM54-AN54,0)))","=IF(AL54="""","""",MAX(AL54-AO54,0))","=IF(AP54="""","""",AP54)","=IF(OR(AQ54="""",G54<=0),"""",IFERROR(-PMT(F54,G54,E54),0))","=IF(AQ54="""","""",AQ54*F54)","=IF(AR54="""","""",MIN(AQ54,MAX(AR54-AS54,0)))","=IF(AQ54="""","""",MAX(AQ54-AT54,0))","=IF(AU54="""","""",AU54)","=IF(OR(AV54="""",G54<=0),"""",IFERROR(-PMT(F54,G54,E54),0))","=IF(AV54="""","""",AV54*F54)","=IF(AW54="""","""",MIN(AV54,MAX(AW54-AX54,0)))","=IF(AV54="""","""",MAX(AV54-AY54,0))","=IF(AZ54="""","""",AZ54)","=IF(OR(BA54="""",G54<=0),"""",IFERROR(-PMT(F54,G54,E54),0))","=IF(BA54="""","""",BA54*F54)","=IF(BB54="""","""",MIN(BA54,MAX(BB54-BC54,0)))","=IF(BA54="""","""",MAX(BA54-BD54,0))","=IF(BE54="""","""",BE54)","=IF(OR(BF54="""",G54<=0),"""",IFERROR(-PMT(F54,G54,E54),0))","=IF(BF54="""","""",BF54*F54)","=IF(BG54="""","""",MIN(BF54,MAX(BG54-BH54,0)))","=IF(BF54="""","""",MAX(BF54-BI54,0))","=IF(BJ54="""","""",BJ54)","=IF(OR(BK54="""",G54<=0),"""",IFERROR(-PMT(F54,G54,E54),0))","=IF(BK54="""","""",BK54*F54)","=IF(BL54="""","""",MIN(BK54,MAX(BL54-BM54,0)))","=IF(BK54="""","""",MAX(BK54-BN54,0))"
"=IF(B55="""","""",""LN""&TEXT(ROW()-1,""000""))","","=IFERROR(VLOOKUP(B55,Members!$B$2:$C$31,2,FALSE),"""")","","","=Settings!$B$10","","=IF(E55="""","""",E55)","=IF(OR(H55="""",G55<=0),"""",IFERROR(-PMT(F55,G55,E55),0))","=IF(H55="""","""",H55*F55)","=IF(I55="""","""",MIN(H55,MAX(I55-J55,0)))","=IF(H55="""","""",MAX(H55-K55,0))","=IF(L55="""","""",L55)","=IF(OR(M55="""",G55<=0),"""",IFERROR(-PMT(F55,G55,E55),0))","=IF(M55="""","""",M55*F55)","=IF(N55="""","""",MIN(M55,MAX(N55-O55,0)))","=IF(M55="""","""",MAX(M55-P55,0))","=IF(Q55="""","""",Q55)","=IF(OR(R55="""",G55<=0),"""",IFERROR(-PMT(F55,G55,E55),0))","=IF(R55="""","""",R55*F55)","=IF(S55="""","""",MIN(R55,MAX(S55-T55,0)))","=IF(R55="""","""",MAX(R55-U55,0))","=IF(V55="""","""",V55)","=IF(OR(W55="""",G55<=0),"""",IFERROR(-PMT(F55,G55,E55),0))","=IF(W55="""","""",W55*F55)","=IF(X55="""","""",MIN(W55,MAX(X55-Y55,0)))","=IF(W55="""","""",MAX(W55-Z55,0))","=IF(AA55="""","""",AA55)","=IF(OR(AB55="""",G55<=0),"""",IFERROR(-PMT(F55,G55,E55),0))","=IF(AB55="""","""",AB55*F55)","=IF(AC55="""","""",MIN(AB55,MAX(AC55-AD55,0)))","=IF(AB55="""","""",MAX(AB55-AE55,0))","=IF(AF55="""","""",AF55)","=IF(OR(AG55="""",G55<=0),"""",IFERROR(-PMT(F55,G55,E55),0))","=IF(AG55="""","""",AG55*F55)","=IF(AH55="""","""",MIN(AG55,MAX(AH55-AI55,0)))","=IF(AG55="""","""",MAX(AG55-AJ55,0))","=IF(AK55="""","""",AK55)","=IF(OR(AL55="""",G55<=0),"""",IFERROR(-PMT(F55,G55,E55),0))","=IF(AL55="""","""",AL55*F55)","=IF(AM55="""","""",MIN(AL55,MAX(AM55-AN55,0)))","=IF(AL55="""","""",MAX(AL55-AO55,0))","=IF(AP55="""","""",AP55)","=IF(OR(AQ55="""",G55<=0),"""",IFERROR(-PMT(F55,G55,E55),0))","=IF(AQ55="""","""",AQ55*F55)","=IF(AR55="""","""",MIN(AQ55,MAX(AR55-AS55,0)))","=IF(AQ55="""","""",MAX(AQ55-AT55,0))","=IF(AU55="""","""",AU55)","=IF(OR(AV55="""",G55<=0),"""",IFERROR(-PMT(F55,G55,E55),0))","=IF(AV55="""","""",AV55*F55)","=IF(AW55="""","""",MIN(AV55,MAX(AW55-AX55,0)))","=IF(AV55="""","""",MAX(AV55-AY55,0))","=IF(AZ55="""","""",AZ55)","=IF(OR(BA55="""",G55<=0),"""",IFERROR(-PMT(F55,G55,E55),0))","=IF(BA55="""","""",BA55*F55)","=IF(BB55="""","""",MIN(BA55,MAX(BB55-BC55,0)))","=IF(BA55="""","""",MAX(BA55-BD55,0))","=IF(BE55="""","""",BE55)","=IF(OR(BF55="""",G55<=0),"""",IFERROR(-PMT(F55,G55,E55),0))","=IF(BF55="""","""",BF55*F55)","=IF(BG55="""","""",MIN(BF55,MAX(BG55-BH55,0)))","=IF(BF55="""","""",MAX(BF55-BI55,0))","=IF(BJ55="""","""",BJ55)","=IF(OR(BK55="""",G55<=0),"""",IFERROR(-PMT(F55,G55,E55),0))","=IF(BK55="""","""",BK55*F55)","=IF(BL55="""","""",MIN(BK55,MAX(BL55-BM55,0)))","=IF(BK55="""","""",MAX(BK55-BN55,0))"
"=IF(B56="""","""",""LN""&TEXT(ROW()-1,""000""))","","=IFERROR(VLOOKUP(B56,Members!$B$2:$C$31,2,FALSE),"""")","","","=Settings!$B$10","","=IF(E56="""","""",E56)","=IF(OR(H56="""",G56<=0),"""",IFERROR(-PMT(F56,G56,E56),0))","=IF(H56="""","""",H56*F56)","=IF(I56="""","""",MIN(H56,MAX(I56-J56,0)))","=IF(H56="""","""",MAX(H56-K56,0))","=IF(L56="""","""",L56)","=IF(OR(M56="""",G56<=0),"""",IFERROR(-PMT(F56,G56,E56),0))","=IF(M56="""","""",M56*F56)","=IF(N56="""","""",MIN(M56,MAX(N56-O56,0)))","=IF(M56="""","""",MAX(M56-P56,0))","=IF(Q56="""","""",Q56)","=IF(OR(R56="""",G56<=0),"""",IFERROR(-PMT(F56,G56,E56),0))","=IF(R56="""","""",R56*F56)","=IF(S56="""","""",MIN(R56,MAX(S56-T56,0)))","=IF(R56="""","""",MAX(R56-U56,0))","=IF(V56="""","""",V56)","=IF(OR(W56="""",G56<=0),"""",IFERROR(-PMT(F56,G56,E56),0))","=IF(W56="""","""",W56*F56)","=IF(X56="""","""",MIN(W56,MAX(X56-Y56,0)))","=IF(W56="""","""",MAX(W56-Z56,0))","=IF(AA56="""","""",AA56)","=IF(OR(AB56="""",G56<=0),"""",IFERROR(-PMT(F56,G56,E56),0))","=IF(AB56="""","""",AB56*F56)","=IF(AC56="""","""",MIN(AB56,MAX(AC56-AD56,0)))","=IF(AB56="""","""",MAX(AB56-AE56,0))","=IF(AF56="""","""",AF56)","=IF(OR(AG56="""",G56<=0),"""",IFERROR(-PMT(F56,G56,E56),0))","=IF(AG56="""","""",AG56*F56)","=IF(AH56="""","""",MIN(AG56,MAX(AH56-AI56,0)))","=IF(AG56="""","""",MAX(AG56-AJ56,0))","=IF(AK56="""","""",AK56)","=IF(OR(AL56="""",G56<=0),"""",IFERROR(-PMT(F56,G56,E56),0))","=IF(AL56="""","""",AL56*F56)","=IF(AM56="""","""",MIN(AL56,MAX(AM56-AN56,0)))","=IF(AL56="""","""",MAX(AL56-AO56,0))","=IF(AP56="""","""",AP56)","=IF(OR(AQ56="""",G56<=0),"""",IFERROR(-PMT(F56,G56,E56),0))","=IF(AQ56="""","""",AQ56*F56)","=IF(AR56="""","""",MIN(AQ56,MAX(AR56-AS56,0)))","=IF(AQ56="""","""",MAX(AQ56-AT56,0))","=IF(AU56="""","""",AU56)","=IF(OR(AV56="""",G56<=0),"""",IFERROR(-PMT(F56,G56,E56),0))","=IF(AV56="""","""",AV56*F56)","=IF(AW56="""","""",MIN(AV56,MAX(AW56-AX56,0)))","=IF(AV56="""","""",MAX(AV56-AY56,0))","=IF(AZ56="""","""",AZ56)","=IF(OR(BA56="""",G56<=0),"""",IFERROR(-PMT(F56,G56,E56),0))","=IF(BA56="""","""",BA56*F56)","=IF(BB56="""","""",MIN(BA56,MAX(BB56-BC56,0)))","=IF(BA56="""","""",MAX(BA56-BD56,0))","=IF(BE56="""","""",BE56)","=IF(OR(BF56="""",G56<=0),"""",IFERROR(-PMT(F56,G56,E56),0))","=IF(BF56="""","""",BF56*F56)","=IF(BG56="""","""",MIN(BF56,MAX(BG56-BH56,0)))","=IF(BF56="""","""",MAX(BF56-BI56,0))","=IF(BJ56="""","""",BJ56)","=IF(OR(BK56="""",G56<=0),"""",IFERROR(-PMT(F56,G56,E56),0))","=IF(BK56="""","""",BK56*F56)","=IF(BL56="""","""",MIN(BK56,MAX(BL56-BM56,0)))","=IF(BK56="""","""",MAX(BK56-BN56,0))"
"=IF(B57="""","""",""LN""&TEXT(ROW()-1,""000""))","","=IFERROR(VLOOKUP(B57,Members!$B$2:$C$31,2,FALSE),"""")","","","=Settings!$B$10","","=IF(E57="""","""",E57)","=IF(OR(H57="""",G57<=0),"""",IFERROR(-PMT(F57,G57,E57),0))","=IF(H57="""","""",H57*F57)","=IF(I57="""","""",MIN(H57,MAX(I57-J57,0)))","=IF(H57="""","""",MAX(H57-K57,0))","=IF(L57="""","""",L57)","=IF(OR(M57="""",G57<=0),"""",IFERROR(-PMT(F57,G57,E57),0))","=IF(M57="""","""",M57*F57)","=IF(N57="""","""",MIN(M57,MAX(N57-O57,0)))","=IF(M57="""","""",MAX(M57-P57,0))","=IF(Q57="""","""",Q57)","=IF(OR(R57="""",G57<=0),"""",IFERROR(-PMT(F57,G57,E57),0))","=IF(R57="""","""",R57*F57)","=IF(S57="""","""",MIN(R57,MAX(S57-T57,0)))","=IF(R57="""","""",MAX(R57-U57,0))","=IF(V57="""","""",V57)","=IF(OR(W57="""",G57<=0),"""",IFERROR(-PMT(F57,G57,E57),0))","=IF(W57="""","""",W57*F57)","=IF(X57="""","""",MIN(W57,MAX(X57-Y57,0)))","=IF(W57="""","""",MAX(W57-Z57,0))","=IF(AA57="""","""",AA57)","=IF(OR(AB57="""",G57<=0),"""",IFERROR(-PMT(F57,G57,E57),0))","=IF(AB57="""","""",AB57*F57)","=IF(AC57="""","""",MIN(AB57,MAX(AC57-AD57,0)))","=IF(AB57="""","""",MAX(AB57-AE57,0))","=IF(AF57="""","""",AF57)","=IF(OR(AG57="""",G57<=0),"""",IFERROR(-PMT(F57,G57,E57),0))","=IF(AG57="""","""",AG57*F57)","=IF(AH57="""","""",MIN(AG57,MAX(AH57-AI57,0)))","=IF(AG57="""","""",MAX(AG57-AJ57,0))","=IF(AK57="""","""",AK57)","=IF(OR(AL57="""",G57<=0),"""",IFERROR(-PMT(F57,G57,E57),0))","=IF(AL57="""","""",AL57*F57)","=IF(AM57="""","""",MIN(AL57,MAX(AM57-AN57,0)))","=IF(AL57="""","""",MAX(AL57-AO57,0))","=IF(AP57="""","""",AP57)","=IF(OR(AQ57="""",G57<=0),"""",IFERROR(-PMT(F57,G57,E57),0))","=IF(AQ57="""","""",AQ57*F57)","=IF(AR57="""","""",MIN(AQ57,MAX(AR57-AS57,0)))","=IF(AQ57="""","""",MAX(AQ57-AT57,0))","=IF(AU57="""","""",AU57)","=IF(OR(AV57="""",G57<=0),"""",IFERROR(-PMT(F57,G57,E57),0))","=IF(AV57="""","""",AV57*F57)","=IF(AW57="""","""",MIN(AV57,MAX(AW57-AX57,0)))","=IF(AV57="""","""",MAX(AV57-AY57,0))","=IF(AZ57="""","""",AZ57)","=IF(OR(BA57="""",G57<=0),"""",IFERROR(-PMT(F57,G57,E57),0))","=IF(BA57="""","""",BA57*F57)","=IF(BB57="""","""",MIN(BA57,MAX(BB57-BC57,0)))","=IF(BA57="""","""",MAX(BA57-BD57,0))","=IF(BE57="""","""",BE57)","=IF(OR(BF57="""",G57<=0),"""",IFERROR(-PMT(F57,G57,E57),0))","=IF(BF57="""","""",BF57*F57)","=IF(BG57="""","""",MIN(BF57,MAX(BG57-BH57,0)))","=IF(BF57="""","""",MAX(BF57-BI57,0))","=IF(BJ57="""","""",BJ57)","=IF(OR(BK57="""",G57<=0),"""",IFERROR(-PMT(F57,G57,E57),0))","=IF(BK57="""","""",BK57*F57)","=IF(BL57="""","""",MIN(BK57,MAX(BL57-BM57,0)))","=IF(BK57="""","""",MAX(BK57-BN57,0))"
"=IF(B58="""","""",""LN""&TEXT(ROW()-1,""000""))","","=IFERROR(VLOOKUP(B58,Members!$B$2:$C$31,2,FALSE),"""")","","","=Settings!$B$10","","=IF(E58="""","""",E58)","=IF(OR(H58="""",G58<=0),"""",IFERROR(-PMT(F58,G58,E58),0))","=IF(H58="""","""",H58*F58)","=IF(I58="""","""",MIN(H58,MAX(I58-J58,0)))","=IF(H58="""","""",MAX(H58-K58,0))","=IF(L58="""","""",L58)","=IF(OR(M58="""",G58<=0),"""",IFERROR(-PMT(F58,G58,E58),0))","=IF(M58="""","""",M58*F58)","=IF(N58="""","""",MIN(M58,MAX(N58-O58,0)))","=IF(M58="""","""",MAX(M58-P58,0))","=IF(Q58="""","""",Q58)","=IF(OR(R58="""",G58<=0),"""",IFERROR(-PMT(F58,G58,E58),0))","=IF(R58="""","""",R58*F58)","=IF(S58="""","""",MIN(R58,MAX(S58-T58,0)))","=IF(R58="""","""",MAX(R58-U58,0))","=IF(V58="""","""",V58)","=IF(OR(W58="""",G58<=0),"""",IFERROR(-PMT(F58,G58,E58),0))","=IF(W58="""","""",W58*F58)","=IF(X58="""","""",MIN(W58,MAX(X58-Y58,0)))","=IF(W58="""","""",MAX(W58-Z58,0))","=IF(AA58="""","""",AA58)","=IF(OR(AB58="""",G58<=0),"""",IFERROR(-PMT(F58,G58,E58),0))","=IF(AB58="""","""",AB58*F58)","=IF(AC58="""","""",MIN(AB58,MAX(AC58-AD58,0)))","=IF(AB58="""","""",MAX(AB58-AE58,0))","=IF(AF58="""","""",AF58)","=IF(OR(AG58="""",G58<=0),"""",IFERROR(-PMT(F58,G58,E58),0))","=IF(AG58="""","""",AG58*F58)","=IF(AH58="""","""",MIN(AG58,MAX(AH58-AI58,0)))","=IF(AG58="""","""",MAX(AG58-AJ58,0))","=IF(AK58="""","""",AK58)","=IF(OR(AL58="""",G58<=0),"""",IFERROR(-PMT(F58,G58,E58),0))","=IF(AL58="""","""",AL58*F58)","=IF(AM58="""","""",MIN(AL58,MAX(AM58-AN58,0)))","=IF(AL58="""","""",MAX(AL58-AO58,0))","=IF(AP58="""","""",AP58)","=IF(OR(AQ58="""",G58<=0),"""",IFERROR(-PMT(F58,G58,E58),0))","=IF(AQ58="""","""",AQ58*F58)","=IF(AR58="""","""",MIN(AQ58,MAX(AR58-AS58,0)))","=IF(AQ58="""","""",MAX(AQ58-AT58,0))","=IF(AU58="""","""",AU58)","=IF(OR(AV58="""",G58<=0),"""",IFERROR(-PMT(F58,G58,E58),0))","=IF(AV58="""","""",AV58*F58)","=IF(AW58="""","""",MIN(AV58,MAX(AW58-AX58,0)))","=IF(AV58="""","""",MAX(AV58-AY58,0))","=IF(AZ58="""","""",AZ58)","=IF(OR(BA58="""",G58<=0),"""",IFERROR(-PMT(F58,G58,E58),0))","=IF(BA58="""","""",BA58*F58)","=IF(BB58="""","""",MIN(BA58,MAX(BB58-BC58,0)))","=IF(BA58="""","""",MAX(BA58-BD58,0))","=IF(BE58="""","""",BE58)","=IF(OR(BF58="""",G58<=0),"""",IFERROR(-PMT(F58,G58,E58),0))","=IF(BF58="""","""",BF58*F58)","=IF(BG58="""","""",MIN(BF58,MAX(BG58-BH58,0)))","=IF(BF58="""","""",MAX(BF58-BI58,0))","=IF(BJ58="""","""",BJ58)","=IF(OR(BK58="""",G58<=0),"""",IFERROR(-PMT(F58,G58,E58),0))","=IF(BK58="""","""",BK58*F58)","=IF(BL58="""","""",MIN(BK58,MAX(BL58-BM58,0)))","=IF(BK58="""","""",MAX(BK58-BN58,0))"
"=IF(B59="""","""",""LN""&TEXT(ROW()-1,""000""))","","=IFERROR(VLOOKUP(B59,Members!$B$2:$C$31,2,FALSE),"""")","","","=Settings!$B$10","","=IF(E59="""","""",E59)","=IF(OR(H59="""",G59<=0),"""",IFERROR(-PMT(F59,G59,E59),0))","=IF(H59="""","""",H59*F59)","=IF(I59="""","""",MIN(H59,MAX(I59-J59,0)))","=IF(H59="""","""",MAX(H59-K59,0))","=IF(L59="""","""",L59)","=IF(OR(M59="""",G59<=0),"""",IFERROR(-PMT(F59,G59,E59),0))","=IF(M59="""","""",M59*F59)","=IF(N59="""","""",MIN(M59,MAX(N59-O59,0)))","=IF(M59="""","""",MAX(M59-P59,0))","=IF(Q59="""","""",Q59)","=IF(OR(R59="""",G59<=0),"""",IFERROR(-PMT(F59,G59,E59),0))","=IF(R59="""","""",R59*F59)","=IF(S59="""","""",MIN(R59,MAX(S59-T59,0)))","=IF(R59="""","""",MAX(R59-U59,0))","=IF(V59="""","""",V59)","=IF(OR(W59="""",G59<=0),"""",IFERROR(-PMT(F59,G59,E59),0))","=IF(W59="""","""",W59*F59)","=IF(X59="""","""",MIN(W59,MAX(X59-Y59,0)))","=IF(W59="""","""",MAX(W59-Z59,0))","=IF(AA59="""","""",AA59)","=IF(OR(AB59="""",G59<=0),"""",IFERROR(-PMT(F59,G59,E59),0))","=IF(AB59="""","""",AB59*F59)","=IF(AC59="""","""",MIN(AB59,MAX(AC59-AD59,0)))","=IF(AB59="""","""",MAX(AB59-AE59,0))","=IF(AF59="""","""",AF59)","=IF(OR(AG59="""",G59<=0),"""",IFERROR(-PMT(F59,G59,E59),0))","=IF(AG59="""","""",AG59*F59)","=IF(AH59="""","""",MIN(AG59,MAX(AH59-AI59,0)))","=IF(AG59="""","""",MAX(AG59-AJ59,0))","=IF(AK59="""","""",AK59)","=IF(OR(AL59="""",G59<=0),"""",IFERROR(-PMT(F59,G59,E59),0))","=IF(AL59="""","""",AL59*F59)","=IF(AM59="""","""",MIN(AL59,MAX(AM59-AN59,0)))","=IF(AL59="""","""",MAX(AL59-AO59,0))","=IF(AP59="""","""",AP59)","=IF(OR(AQ59="""",G59<=0),"""",IFERROR(-PMT(F59,G59,E59),0))","=IF(AQ59="""","""",AQ59*F59)","=IF(AR59="""","""",MIN(AQ59,MAX(AR59-AS59,0)))","=IF(AQ59="""","""",MAX(AQ59-AT59,0))","=IF(AU59="""","""",AU59)","=IF(OR(AV59="""",G59<=0),"""",IFERROR(-PMT(F59,G59,E59),0))","=IF(AV59="""","""",AV59*F59)","=IF(AW59="""","""",MIN(AV59,MAX(AW59-AX59,0)))","=IF(AV59="""","""",MAX(AV59-AY59,0))","=IF(AZ59="""","""",AZ59)","=IF(OR(BA59="""",G59<=0),"""",IFERROR(-PMT(F59,G59,E59),0))","=IF(BA59="""","""",BA59*F59)","=IF(BB59="""","""",MIN(BA59,MAX(BB59-BC59,0)))","=IF(BA59="""","""",MAX(BA59-BD59,0))","=IF(BE59="""","""",BE59)","=IF(OR(BF59="""",G59<=0),"""",IFERROR(-PMT(F59,G59,E59),0))","=IF(BF59="""","""",BF59*F59)","=IF(BG59="""","""",MIN(BF59,MAX(BG59-BH59,0)))","=IF(BF59="""","""",MAX(BF59-BI59,0))","=IF(BJ59="""","""",BJ59)","=IF(OR(BK59="""",G59<=0),"""",IFERROR(-PMT(F59,G59,E59),0))","=IF(BK59="""","""",BK59*F59)","=IF(BL59="""","""",MIN(BK59,MAX(BL59-BM59,0)))","=IF(BK59="""","""",MAX(BK59-BN59,0))"
"=IF(B60="""","""",""LN""&TEXT(ROW()-1,""000""))","","=IFERROR(VLOOKUP(B60,Members!$B$2:$C$31,2,FALSE),"""")","","","=Settings!$B$10","","=IF(E60="""","""",E60)","=IF(OR(H60="""",G60<=0),"""",IFERROR(-PMT(F60,G60,E60),0))","=IF(H60="""","""",H60*F60)","=IF(I60="""","""",MIN(H60,MAX(I60-J60,0)))","=IF(H60="""","""",MAX(H60-K60,0))","=IF(L60="""","""",L60)","=IF(OR(M60="""",G60<=0),"""",IFERROR(-PMT(F60,G60,E60),0))","=IF(M60="""","""",M60*F60)","=IF(N60="""","""",MIN(M60,MAX(N60-O60,0)))","=IF(M60="""","""",MAX(M60-P60,0))","=IF(Q60="""","""",Q60)","=IF(OR(R60="""",G60<=0),"""",IFERROR(-PMT(F60,G60,E60),0))","=IF(R60="""","""",R60*F60)","=IF(S60="""","""",MIN(R60,MAX(S60-T60,0)))","=IF(R60="""","""",MAX(R60-U60,0))","=IF(V60="""","""",V60)","=IF(OR(W60="""",G60<=0),"""",IFERROR(-PMT(F60,G60,E60),0))","=IF(W60="""","""",W60*F60)","=IF(X60="""","""",MIN(W60,MAX(X60-Y60,0)))","=IF(W60="""","""",MAX(W60-Z60,0))","=IF(AA60="""","""",AA60)","=IF(OR(AB60="""",G60<=0),"""",IFERROR(-PMT(F60,G60,E60),0))","=IF(AB60="""","""",AB60*F60)","=IF(AC60="""","""",MIN(AB60,MAX(AC60-AD60,0)))","=IF(AB60="""","""",MAX(AB60-AE60,0))","=IF(AF60="""","""",AF60)","=IF(OR(AG60="""",G60<=0),"""",IFERROR(-PMT(F60,G60,E60),0))","=IF(AG60="""","""",AG60*F60)","=IF(AH60="""","""",MIN(AG60,MAX(AH60-AI60,0)))","=IF(AG60="""","""",MAX(AG60-AJ60,0))","=IF(AK60="""","""",AK60)","=IF(OR(AL60="""",G60<=0),"""",IFERROR(-PMT(F60,G60,E60),0))","=IF(AL60="""","""",AL60*F60)","=IF(AM60="""","""",MIN(AL60,MAX(AM60-AN60,0)))","=IF(AL60="""","""",MAX(AL60-AO60,0))","=IF(AP60="""","""",AP60)","=IF(OR(AQ60="""",G60<=0),"""",IFERROR(-PMT(F60,G60,E60),0))","=IF(AQ60="""","""",AQ60*F60)","=IF(AR60="""","""",MIN(AQ60,MAX(AR60-AS60,0)))","=IF(AQ60="""","""",MAX(AQ60-AT60,0))","=IF(AU60="""","""",AU60)","=IF(OR(AV60="""",G60<=0),"""",IFERROR(-PMT(F60,G60,E60),0))","=IF(AV60="""","""",AV60*F60)","=IF(AW60="""","""",MIN(AV60,MAX(AW60-AX60,0)))","=IF(AV60="""","""",MAX(AV60-AY60,0))","=IF(AZ60="""","""",AZ60)","=IF(OR(BA60="""",G60<=0),"""",IFERROR(-PMT(F60,G60,E60),0))","=IF(BA60="""","""",BA60*F60)","=IF(BB60="""","""",MIN(BA60,MAX(BB60-BC60,0)))","=IF(BA60="""","""",MAX(BA60-BD60,0))","=IF(BE60="""","""",BE60)","=IF(OR(BF60="""",G60<=0),"""",IFERROR(-PMT(F60,G60,E60),0))","=IF(BF60="""","""",BF60*F60)","=IF(BG60="""","""",MIN(BF60,MAX(BG60-BH60,0)))","=IF(BF60="""","""",MAX(BF60-BI60,0))","=IF(BJ60="""","""",BJ60)","=IF(OR(BK60="""",G60<=0),"""",IFERROR(-PMT(F60,G60,E60),0))","=IF(BK60="""","""",BK60*F60)","=IF(BL60="""","""",MIN(BK60,MAX(BL60-BM60,0)))","=IF(BK60="""","""",MAX(BK60-BN60,0))"
"=IF(B61="""","""",""LN""&TEXT(ROW()-1,""000""))","","=IFERROR(VLOOKUP(B61,Members!$B$2:$C$31,2,FALSE),"""")","","","=Settings!$B$10","","=IF(E61="""","""",E61)","=IF(OR(H61="""",G61<=0),"""",IFERROR(-PMT(F61,G61,E61),0))","=IF(H61="""","""",H61*F61)","=IF(I61="""","""",MIN(H61,MAX(I61-J61,0)))","=IF(H61="""","""",MAX(H61-K61,0))","=IF(L61="""","""",L61)","=IF(OR(M61="""",G61<=0),"""",IFERROR(-PMT(F61,G61,E61),0))","=IF(M61="""","""",M61*F61)","=IF(N61="""","""",MIN(M61,MAX(N61-O61,0)))","=IF(M61="""","""",MAX(M61-P61,0))","=IF(Q61="""","""",Q61)","=IF(OR(R61="""",G61<=0),"""",IFERROR(-PMT(F61,G61,E61),0))","=IF(R61="""","""",R61*F61)","=IF(S61="""","""",MIN(R61,MAX(S61-T61,0)))","=IF(R61="""","""",MAX(R61-U61,0))","=IF(V61="""","""",V61)","=IF(OR(W61="""",G61<=0),"""",IFERROR(-PMT(F61,G61,E61),0))","=IF(W61="""","""",W61*F61)","=IF(X61="""","""",MIN(W61,MAX(X61-Y61,0)))","=IF(W61="""","""",MAX(W61-Z61,0))","=IF(AA61="""","""",AA61)","=IF(OR(AB61="""",G61<=0),"""",IFERROR(-PMT(F61,G61,E61),0))","=IF(AB61="""","""",AB61*F61)","=IF(AC61="""","""",MIN(AB61,MAX(AC61-AD61,0)))","=IF(AB61="""","""",MAX(AB61-AE61,0))","=IF(AF61="""","""",AF61)","=IF(OR(AG61="""",G61<=0),"""",IFERROR(-PMT(F61,G61,E61),0))","=IF(AG61="""","""",AG61*F61)","=IF(AH61="""","""",MIN(AG61,MAX(AH61-AI61,0)))","=IF(AG61="""","""",MAX(AG61-AJ61,0))","=IF(AK61="""","""",AK61)","=IF(OR(AL61="""",G61<=0),"""",IFERROR(-PMT(F61,G61,E61),0))","=IF(AL61="""","""",AL61*F61)","=IF(AM61="""","""",MIN(AL61,MAX(AM61-AN61,0)))","=IF(AL61="""","""",MAX(AL61-AO61,0))","=IF(AP61="""","""",AP61)","=IF(OR(AQ61="""",G61<=0),"""",IFERROR(-PMT(F61,G61,E61),0))","=IF(AQ61="""","""",AQ61*F61)","=IF(AR61="""","""",MIN(AQ61,MAX(AR61-AS61,0)))","=IF(AQ61="""","""",MAX(AQ61-AT61,0))","=IF(AU61="""","""",AU61)","=IF(OR(AV61="""",G61<=0),"""",IFERROR(-PMT(F61,G61,E61),0))","=IF(AV61="""","""",AV61*F61)","=IF(AW61="""","""",MIN(AV61,MAX(AW61-AX61,0)))","=IF(AV61="""","""",MAX(AV61-AY61,0))","=IF(AZ61="""","""",AZ61)","=IF(OR(BA61="""",G61<=0),"""",IFERROR(-PMT(F61,G61,E61),0))","=IF(BA61="""","""",BA61*F61)","=IF(BB61="""","""",MIN(BA61,MAX(BB61-BC61,0)))","=IF(BA61="""","""",MAX(BA61-BD61,0))","=IF(BE61="""","""",BE61)","=IF(OR(BF61="""",G61<=0),"""",IFERROR(-PMT(F61,G61,E61),0))","=IF(BF61="""","""",BF61*F61)","=IF(BG61="""","""",MIN(BF61,MAX(BG61-BH61,0)))","=IF(BF61="""","""",MAX(BF61-BI61,0))","=IF(BJ61="""","""",BJ61)","=IF(OR(BK61="""",G61<=0),"""",IFERROR(-PMT(F61,G61,E61),0))","=IF(BK61="""","""",BK61*F61)","=IF(BL61="""","""",MIN(BK61,MAX(BL61-BM61,0)))","=IF(BK61="""","""",MAX(BK61-BN61,0))"
"=IF(B62="""","""",""LN""&TEXT(ROW()-1,""000""))","","=IFERROR(VLOOKUP(B62,Members!$B$2:$C$31,2,FALSE),"""")","","","=Settings!$B$10","","=IF(E62="""","""",E62)","=IF(OR(H62="""",G62<=0),"""",IFERROR(-PMT(F62,G62,E62),0))","=IF(H62="""","""",H62*F62)","=IF(I62="""","""",MIN(H62,MAX(I62-J62,0)))","=IF(H62="""","""",MAX(H62-K62,0))","=IF(L62="""","""",L62)","=IF(OR(M62="""",G62<=0),"""",IFERROR(-PMT(F62,G62,E62),0))","=IF(M62="""","""",M62*F62)","=IF(N62="""","""",MIN(M62,MAX(N62-O62,0)))","=IF(M62="""","""",MAX(M62-P62,0))","=IF(Q62="""","""",Q62)","=IF(OR(R62="""",G62<=0),"""",IFERROR(-PMT(F62,G62,E62),0))","=IF(R62="""","""",R62*F62)","=IF(S62="""","""",MIN(R62,MAX(S62-T62,0)))","=IF(R62="""","""",MAX(R62-U62,0))","=IF(V62="""","""",V62)","=IF(OR(W62="""",G62<=0),"""",IFERROR(-PMT(F62,G62,E62),0))","=IF(W62="""","""",W62*F62)","=IF(X62="""","""",MIN(W62,MAX(X62-Y62,0)))","=IF(W62="""","""",MAX(W62-Z62,0))","=IF(AA62="""","""",AA62)","=IF(OR(AB62="""",G62<=0),"""",IFERROR(-PMT(F62,G62,E62),0))","=IF(AB62="""","""",AB62*F62)","=IF(AC62="""","""",MIN(AB62,MAX(AC62-AD62,0)))","=IF(AB62="""","""",MAX(AB62-AE62,0))","=IF(AF62="""","""",AF62)","=IF(OR(AG62="""",G62<=0),"""",IFERROR(-PMT(F62,G62,E62),0))","=IF(AG62="""","""",AG62*F62)","=IF(AH62="""","""",MIN(AG62,MAX(AH62-AI62,0)))","=IF(AG62="""","""",MAX(AG62-AJ62,0))","=IF(AK62="""","""",AK62)","=IF(OR(AL62="""",G62<=0),"""",IFERROR(-PMT(F62,G62,E62),0))","=IF(AL62="""","""",AL62*F62)","=IF(AM62="""","""",MIN(AL62,MAX(AM62-AN62,0)))","=IF(AL62="""","""",MAX(AL62-AO62,0))","=IF(AP62="""","""",AP62)","=IF(OR(AQ62="""",G62<=0),"""",IFERROR(-PMT(F62,G62,E62),0))","=IF(AQ62="""","""",AQ62*F62)","=IF(AR62="""","""",MIN(AQ62,MAX(AR62-AS62,0)))","=IF(AQ62="""","""",MAX(AQ62-AT62,0))","=IF(AU62="""","""",AU62)","=IF(OR(AV62="""",G62<=0),"""",IFERROR(-PMT(F62,G62,E62),0))","=IF(AV62="""","""",AV62*F62)","=IF(AW62="""","""",MIN(AV62,MAX(AW62-AX62,0)))","=IF(AV62="""","""",MAX(AV62-AY62,0))","=IF(AZ62="""","""",AZ62)","=IF(OR(BA62="""",G62<=0),"""",IFERROR(-PMT(F62,G62,E62),0))","=IF(BA62="""","""",BA62*F62)","=IF(BB62="""","""",MIN(BA62,MAX(BB62-BC62,0)))","=IF(BA62="""","""",MAX(BA62-BD62,0))","=IF(BE62="""","""",BE62)","=IF(OR(BF62="""",G62<=0),"""",IFERROR(-PMT(F62,G62,E62),0))","=IF(BF62="""","""",BF62*F62)","=IF(BG62="""","""",MIN(BF62,MAX(BG62-BH62,0)))","=IF(BF62="""","""",MAX(BF62-BI62,0))","=IF(BJ62="""","""",BJ62)","=IF(OR(BK62="""",G62<=0),"""",IFERROR(-PMT(F62,G62,E62),0))","=IF(BK62="""","""",BK62*F62)","=IF(BL62="""","""",MIN(BK62,MAX(BL62-BM62,0)))","=IF(BK62="""","""",MAX(BK62-BN62,0))"
"=IF(B63="""","""",""LN""&TEXT(ROW()-1,""000""))","","=IFERROR(VLOOKUP(B63,Members!$B$2:$C$31,2,FALSE),"""")","","","=Settings!$B$10","","=IF(E63="""","""",E63)","=IF(OR(H63="""",G63<=0),"""",IFERROR(-PMT(F63,G63,E63),0))","=IF(H63="""","""",H63*F63)","=IF(I63="""","""",MIN(H63,MAX(I63-J63,0)))","=IF(H63="""","""",MAX(H63-K63,0))","=IF(L63="""","""",L63)","=IF(OR(M63="""",G63<=0),"""",IFERROR(-PMT(F63,G63,E63),0))","=IF(M63="""","""",M63*F63)","=IF(N63="""","""",MIN(M63,MAX(N63-O63,0)))","=IF(M63="""","""",MAX(M63-P63,0))","=IF(Q63="""","""",Q63)","=IF(OR(R63="""",G63<=0),"""",IFERROR(-PMT(F63,G63,E63),0))","=IF(R63="""","""",R63*F63)","=IF(S63="""","""",MIN(R63,MAX(S63-T63,0)))","=IF(R63="""","""",MAX(R63-U63,0))","=IF(V63="""","""",V63)","=IF(OR(W63="""",G63<=0),"""",IFERROR(-PMT(F63,G63,E63),0))","=IF(W63="""","""",W63*F63)","=IF(X63="""","""",MIN(W63,MAX(X63-Y63,0)))","=IF(W63="""","""",MAX(W63-Z63,0))","=IF(AA63="""","""",AA63)","=IF(OR(AB63="""",G63<=0),"""",IFERROR(-PMT(F63,G63,E63),0))","=IF(AB63="""","""",AB63*F63)","=IF(AC63="""","""",MIN(AB63,MAX(AC63-AD63,0)))","=IF(AB63="""","""",MAX(AB63-AE63,0))","=IF(AF63="""","""",AF63)","=IF(OR(AG63="""",G63<=0),"""",IFERROR(-PMT(F63,G63,E63),0))","=IF(AG63="""","""",AG63*F63)","=IF(AH63="""","""",MIN(AG63,MAX(AH63-AI63,0)))","=IF(AG63="""","""",MAX(AG63-AJ63,0))","=IF(AK63="""","""",AK63)","=IF(OR(AL63="""",G63<=0),"""",IFERROR(-PMT(F63,G63,E63),0))","=IF(AL63="""","""",AL63*F63)","=IF(AM63="""","""",MIN(AL63,MAX(AM63-AN63,0)))","=IF(AL63="""","""",MAX(AL63-AO63,0))","=IF(AP63="""","""",AP63)","=IF(OR(AQ63="""",G63<=0),"""",IFERROR(-PMT(F63,G63,E63),0))","=IF(AQ63="""","""",AQ63*F63)","=IF(AR63="""","""",MIN(AQ63,MAX(AR63-AS63,0)))","=IF(AQ63="""","""",MAX(AQ63-AT63,0))","=IF(AU63="""","""",AU63)","=IF(OR(AV63="""",G63<=0),"""",IFERROR(-PMT(F63,G63,E63),0))","=IF(AV63="""","""",AV63*F63)","=IF(AW63="""","""",MIN(AV63,MAX(AW63-AX63,0)))","=IF(AV63="""","""",MAX(AV63-AY63,0))","=IF(AZ63="""","""",AZ63)","=IF(OR(BA63="""",G63<=0),"""",IFERROR(-PMT(F63,G63,E63),0))","=IF(BA63="""","""",BA63*F63)","=IF(BB63="""","""",MIN(BA63,MAX(BB63-BC63,0)))","=IF(BA63="""","""",MAX(BA63-BD63,0))","=IF(BE63="""","""",BE63)","=IF(OR(BF63="""",G63<=0),"""",IFERROR(-PMT(F63,G63,E63),0))","=IF(BF63="""","""",BF63*F63)","=IF(BG63="""","""",MIN(BF63,MAX(BG63-BH63,0)))","=IF(BF63="""","""",MAX(BF63-BI63,0))","=IF(BJ63="""","""",BJ63)","=IF(OR(BK63="""",G63<=0),"""",IFERROR(-PMT(F63,G63,E63),0))","=IF(BK63="""","""",BK63*F63)","=IF(BL63="""","""",MIN(BK63,MAX(BL63-BM63,0)))","=IF(BK63="""","""",MAX(BK63-BN63,0))"
"=IF(B64="""","""",""LN""&TEXT(ROW()-1,""000""))","","=IFERROR(VLOOKUP(B64,Members!$B$2:$C$31,2,FALSE),"""")","","","=Settings!$B$10","","=IF(E64="""","""",E64)","=IF(OR(H64="""",G64<=0),"""",IFERROR(-PMT(F64,G64,E64),0))","=IF(H64="""","""",H64*F64)","=IF(I64="""","""",MIN(H64,MAX(I64-J64,0)))","=IF(H64="""","""",MAX(H64-K64,0))","=IF(L64="""","""",L64)","=IF(OR(M64="""",G64<=0),"""",IFERROR(-PMT(F64,G64,E64),0))","=IF(M64="""","""",M64*F64)","=IF(N64="""","""",MIN(M64,MAX(N64-O64,0)))","=IF(M64="""","""",MAX(M64-P64,0))","=IF(Q64="""","""",Q64)","=IF(OR(R64="""",G64<=0),"""",IFERROR(-PMT(F64,G64,E64),0))","=IF(R64="""","""",R64*F64)","=IF(S64="""","""",MIN(R64,MAX(S64-T64,0)))","=IF(R64="""","""",MAX(R64-U64,0))","=IF(V64="""","""",V64)","=IF(OR(W64="""",G64<=0),"""",IFERROR(-PMT(F64,G64,E64),0))","=IF(W64="""","""",W64*F64)","=IF(X64="""","""",MIN(W64,MAX(X64-Y64,0)))","=IF(W64="""","""",MAX(W64-Z64,0))","=IF(AA64="""","""",AA64)","=IF(OR(AB64="""",G64<=0),"""",IFERROR(-PMT(F64,G64,E64),0))","=IF(AB64="""","""",AB64*F64)","=IF(AC64="""","""",MIN(AB64,MAX(AC64-AD64,0)))","=IF(AB64="""","""",MAX(AB64-AE64,0))","=IF(AF64="""","""",AF64)","=IF(OR(AG64="""",G64<=0),"""",IFERROR(-PMT(F64,G64,E64),0))","=IF(AG64="""","""",AG64*F64)","=IF(AH64="""","""",MIN(AG64,MAX(AH64-AI64,0)))","=IF(AG64="""","""",MAX(AG64-AJ64,0))","=IF(AK64="""","""",AK64)","=IF(OR(AL64="""",G64<=0),"""",IFERROR(-PMT(F64,G64,E64),0))","=IF(AL64="""","""",AL64*F64)","=IF(AM64="""","""",MIN(AL64,MAX(AM64-AN64,0)))","=IF(AL64="""","""",MAX(AL64-AO64,0))","=IF(AP64="""","""",AP64)","=IF(OR(AQ64="""",G64<=0),"""",IFERROR(-PMT(F64,G64,E64),0))","=IF(AQ64="""","""",AQ64*F64)","=IF(AR64="""","""",MIN(AQ64,MAX(AR64-AS64,0)))","=IF(AQ64="""","""",MAX(AQ64-AT64,0))","=IF(AU64="""","""",AU64)","=IF(OR(AV64="""",G64<=0),"""",IFERROR(-PMT(F64,G64,E64),0))","=IF(AV64="""","""",AV64*F64)","=IF(AW64="""","""",MIN(AV64,MAX(AW64-AX64,0)))","=IF(AV64="""","""",MAX(AV64-AY64,0))","=IF(AZ64="""","""",AZ64)","=IF(OR(BA64="""",G64<=0),"""",IFERROR(-PMT(F64,G64,E64),0))","=IF(BA64="""","""",BA64*F64)","=IF(BB64="""","""",MIN(BA64,MAX(BB64-BC64,0)))","=IF(BA64="""","""",MAX(BA64-BD64,0))","=IF(BE64="""","""",BE64)","=IF(OR(BF64="""",G64<=0),"""",IFERROR(-PMT(F64,G64,E64),0))","=IF(BF64="""","""",BF64*F64)","=IF(BG64="""","""",MIN(BF64,MAX(BG64-BH64,0)))","=IF(BF64="""","""",MAX(BF64-BI64,0))","=IF(BJ64="""","""",BJ64)","=IF(OR(BK64="""",G64<=0),"""",IFERROR(-PMT(F64,G64,E64),0))","=IF(BK64="""","""",BK64*F64)","=IF(BL64="""","""",MIN(BK64,MAX(BL64-BM64,0)))","=IF(BK64="""","""",MAX(BK64-BN64,0))"
"=IF(B65="""","""",""LN""&TEXT(ROW()-1,""000""))","","=IFERROR(VLOOKUP(B65,Members!$B$2:$C$31,2,FALSE),"""")","","","=Settings!$B$10","","=IF(E65="""","""",E65)","=IF(OR(H65="""",G65<=0),"""",IFERROR(-PMT(F65,G65,E65),0))","=IF(H65="""","""",H65*F65)","=IF(I65="""","""",MIN(H65,MAX(I65-J65,0)))","=IF(H65="""","""",MAX(H65-K65,0))","=IF(L65="""","""",L65)","=IF(OR(M65="""",G65<=0),"""",IFERROR(-PMT(F65,G65,E65),0))","=IF(M65="""","""",M65*F65)","=IF(N65="""","""",MIN(M65,MAX(N65-O65,0)))","=IF(M65="""","""",MAX(M65-P65,0))","=IF(Q65="""","""",Q65)","=IF(OR(R65="""",G65<=0),"""",IFERROR(-PMT(F65,G65,E65),0))","=IF(R65="""","""",R65*F65)","=IF(S65="""","""",MIN(R65,MAX(S65-T65,0)))","=IF(R65="""","""",MAX(R65-U65,0))","=IF(V65="""","""",V65)","=IF(OR(W65="""",G65<=0),"""",IFERROR(-PMT(F65,G65,E65),0))","=IF(W65="""","""",W65*F65)","=IF(X65="""","""",MIN(W65,MAX(X65-Y65,0)))","=IF(W65="""","""",MAX(W65-Z65,0))","=IF(AA65="""","""",AA65)","=IF(OR(AB65="""",G65<=0),"""",IFERROR(-PMT(F65,G65,E65),0))","=IF(AB65="""","""",AB65*F65)","=IF(AC65="""","""",MIN(AB65,MAX(AC65-AD65,0)))","=IF(AB65="""","""",MAX(AB65-AE65,0))","=IF(AF65="""","""",AF65)","=IF(OR(AG65="""",G65<=0),"""",IFERROR(-PMT(F65,G65,E65),0))","=IF(AG65="""","""",AG65*F65)","=IF(AH65="""","""",MIN(AG65,MAX(AH65-AI65,0)))","=IF(AG65="""","""",MAX(AG65-AJ65,0))","=IF(AK65="""","""",AK65)","=IF(OR(AL65="""",G65<=0),"""",IFERROR(-PMT(F65,G65,E65),0))","=IF(AL65="""","""",AL65*F65)","=IF(AM65="""","""",MIN(AL65,MAX(AM65-AN65,0)))","=IF(AL65="""","""",MAX(AL65-AO65,0))","=IF(AP65="""","""",AP65)","=IF(OR(AQ65="""",G65<=0),"""",IFERROR(-PMT(F65,G65,E65),0))","=IF(AQ65="""","""",AQ65*F65)","=IF(AR65="""","""",MIN(AQ65,MAX(AR65-AS65,0)))","=IF(AQ65="""","""",MAX(AQ65-AT65,0))","=IF(AU65="""","""",AU65)","=IF(OR(AV65="""",G65<=0),"""",IFERROR(-PMT(F65,G65,E65),0))","=IF(AV65="""","""",AV65*F65)","=IF(AW65="""","""",MIN(AV65,MAX(AW65-AX65,0)))","=IF(AV65="""","""",MAX(AV65-AY65,0))","=IF(AZ65="""","""",AZ65)","=IF(OR(BA65="""",G65<=0),"""",IFERROR(-PMT(F65,G65,E65),0))","=IF(BA65="""","""",BA65*F65)","=IF(BB65="""","""",MIN(BA65,MAX(BB65-BC65,0)))","=IF(BA65="""","""",MAX(BA65-BD65,0))","=IF(BE65="""","""",BE65)","=IF(OR(BF65="""",G65<=0),"""",IFERROR(-PMT(F65,G65,E65),0))","=IF(BF65="""","""",BF65*F65)","=IF(BG65="""","""",MIN(BF65,MAX(BG65-BH65,0)))","=IF(BF65="""","""",MAX(BF65-BI65,0))","=IF(BJ65="""","""",BJ65)","=IF(OR(BK65="""",G65<=0),"""",IFERROR(-PMT(F65,G65,E65),0))","=IF(BK65="""","""",BK65*F65)","=IF(BL65="""","""",MIN(BK65,MAX(BL65-BM65,0)))","=IF(BK65="""","""",MAX(BK65-BN65,0))"
"=IF(B66="""","""",""LN""&TEXT(ROW()-1,""000""))","","=IFERROR(VLOOKUP(B66,Members!$B$2:$C$31,2,FALSE),"""")","","","=Settings!$B$10","","=IF(E66="""","""",E66)","=IF(OR(H66="""",G66<=0),"""",IFERROR(-PMT(F66,G66,E66),0))","=IF(H66="""","""",H66*F66)","=IF(I66="""","""",MIN(H66,MAX(I66-J66,0)))","=IF(H66="""","""",MAX(H66-K66,0))","=IF(L66="""","""",L66)","=IF(OR(M66="""",G66<=0),"""",IFERROR(-PMT(F66,G66,E66),0))","=IF(M66="""","""",M66*F66)","=IF(N66="""","""",MIN(M66,MAX(N66-O66,0)))","=IF(M66="""","""",MAX(M66-P66,0))","=IF(Q66="""","""",Q66)","=IF(OR(R66="""",G66<=0),"""",IFERROR(-PMT(F66,G66,E66),0))","=IF(R66="""","""",R66*F66)","=IF(S66="""","""",MIN(R66,MAX(S66-T66,0)))","=IF(R66="""","""",MAX(R66-U66,0))","=IF(V66="""","""",V66)","=IF(OR(W66="""",G66<=0),"""",IFERROR(-PMT(F66,G66,E66),0))","=IF(W66="""","""",W66*F66)","=IF(X66="""","""",MIN(W66,MAX(X66-Y66,0)))","=IF(W66="""","""",MAX(W66-Z66,0))","=IF(AA66="""","""",AA66)","=IF(OR(AB66="""",G66<=0),"""",IFERROR(-PMT(F66,G66,E66),0))","=IF(AB66="""","""",AB66*F66)","=IF(AC66="""","""",MIN(AB66,MAX(AC66-AD66,0)))","=IF(AB66="""","""",MAX(AB66-AE66,0))","=IF(AF66="""","""",AF66)","=IF(OR(AG66="""",G66<=0),"""",IFERROR(-PMT(F66,G66,E66),0))","=IF(AG66="""","""",AG66*F66)","=IF(AH66="""","""",MIN(AG66,MAX(AH66-AI66,0)))","=IF(AG66="""","""",MAX(AG66-AJ66,0))","=IF(AK66="""","""",AK66)","=IF(OR(AL66="""",G66<=0),"""",IFERROR(-PMT(F66,G66,E66),0))","=IF(AL66="""","""",AL66*F66)","=IF(AM66="""","""",MIN(AL66,MAX(AM66-AN66,0)))","=IF(AL66="""","""",MAX(AL66-AO66,0))","=IF(AP66="""","""",AP66)","=IF(OR(AQ66="""",G66<=0),"""",IFERROR(-PMT(F66,G66,E66),0))","=IF(AQ66="""","""",AQ66*F66)","=IF(AR66="""","""",MIN(AQ66,MAX(AR66-AS66,0)))","=IF(AQ66="""","""",MAX(AQ66-AT66,0))","=IF(AU66="""","""",AU66)","=IF(OR(AV66="""",G66<=0),"""",IFERROR(-PMT(F66,G66,E66),0))","=IF(AV66="""","""",AV66*F66)","=IF(AW66="""","""",MIN(AV66,MAX(AW66-AX66,0)))","=IF(AV66="""","""",MAX(AV66-AY66,0))","=IF(AZ66="""","""",AZ66)","=IF(OR(BA66="""",G66<=0),"""",IFERROR(-PMT(F66,G66,E66),0))","=IF(BA66="""","""",BA66*F66)","=IF(BB66="""","""",MIN(BA66,MAX(BB66-BC66,0)))","=IF(BA66="""","""",MAX(BA66-BD66,0))","=IF(BE66="""","""",BE66)","=IF(OR(BF66="""",G66<=0),"""",IFERROR(-PMT(F66,G66,E66),0))","=IF(BF66="""","""",BF66*F66)","=IF(BG66="""","""",MIN(BF66,MAX(BG66-BH66,0)))","=IF(BF66="""","""",MAX(BF66-BI66,0))","=IF(BJ66="""","""",BJ66)","=IF(OR(BK66="""",G66<=0),"""",IFERROR(-PMT(F66,G66,E66),0))","=IF(BK66="""","""",BK66*F66)","=IF(BL66="""","""",MIN(BK66,MAX(BL66-BM66,0)))","=IF(BK66="""","""",MAX(BK66-BN66,0))"
"=IF(B67="""","""",""LN""&TEXT(ROW()-1,""000""))","","=IFERROR(VLOOKUP(B67,Members!$B$2:$C$31,2,FALSE),"""")","","","=Settings!$B$10","","=IF(E67="""","""",E67)","=IF(OR(H67="""",G67<=0),"""",IFERROR(-PMT(F67,G67,E67),0))","=IF(H67="""","""",H67*F67)","=IF(I67="""","""",MIN(H67,MAX(I67-J67,0)))","=IF(H67="""","""",MAX(H67-K67,0))","=IF(L67="""","""",L67)","=IF(OR(M67="""",G67<=0),"""",IFERROR(-PMT(F67,G67,E67),0))","=IF(M67="""","""",M67*F67)","=IF(N67="""","""",MIN(M67,MAX(N67-O67,0)))","=IF(M67="""","""",MAX(M67-P67,0))","=IF(Q67="""","""",Q67)","=IF(OR(R67="""",G67<=0),"""",IFERROR(-PMT(F67,G67,E67),0))","=IF(R67="""","""",R67*F67)","=IF(S67="""","""",MIN(R67,MAX(S67-T67,0)))","=IF(R67="""","""",MAX(R67-U67,0))","=IF(V67="""","""",V67)","=IF(OR(W67="""",G67<=0),"""",IFERROR(-PMT(F67,G67,E67),0))","=IF(W67="""","""",W67*F67)","=IF(X67="""","""",MIN(W67,MAX(X67-Y67,0)))","=IF(W67="""","""",MAX(W67-Z67,0))","=IF(AA67="""","""",AA67)","=IF(OR(AB67="""",G67<=0),"""",IFERROR(-PMT(F67,G67,E67),0))","=IF(AB67="""","""",AB67*F67)","=IF(AC67="""","""",MIN(AB67,MAX(AC67-AD67,0)))","=IF(AB67="""","""",MAX(AB67-AE67,0))","=IF(AF67="""","""",AF67)","=IF(OR(AG67="""",G67<=0),"""",IFERROR(-PMT(F67,G67,E67),0))","=IF(AG67="""","""",AG67*F67)","=IF(AH67="""","""",MIN(AG67,MAX(AH67-AI67,0)))","=IF(AG67="""","""",MAX(AG67-AJ67,0))","=IF(AK67="""","""",AK67)","=IF(OR(AL67="""",G67<=0),"""",IFERROR(-PMT(F67,G67,E67),0))","=IF(AL67="""","""",AL67*F67)","=IF(AM67="""","""",MIN(AL67,MAX(AM67-AN67,0)))","=IF(AL67="""","""",MAX(AL67-AO67,0))","=IF(AP67="""","""",AP67)","=IF(OR(AQ67="""",G67<=0),"""",IFERROR(-PMT(F67,G67,E67),0))","=IF(AQ67="""","""",AQ67*F67)","=IF(AR67="""","""",MIN(AQ67,MAX(AR67-AS67,0)))","=IF(AQ67="""","""",MAX(AQ67-AT67,0))","=IF(AU67="""","""",AU67)","=IF(OR(AV67="""",G67<=0),"""",IFERROR(-PMT(F67,G67,E67),0))","=IF(AV67="""","""",AV67*F67)","=IF(AW67="""","""",MIN(AV67,MAX(AW67-AX67,0)))","=IF(AV67="""","""",MAX(AV67-AY67,0))","=IF(AZ67="""","""",AZ67)","=IF(OR(BA67="""",G67<=0),"""",IFERROR(-PMT(F67,G67,E67),0))","=IF(BA67="""","""",BA67*F67)","=IF(BB67="""","""",MIN(BA67,MAX(BB67-BC67,0)))","=IF(BA67="""","""",MAX(BA67-BD67,0))","=IF(BE67="""","""",BE67)","=IF(OR(BF67="""",G67<=0),"""",IFERROR(-PMT(F67,G67,E67),0))","=IF(BF67="""","""",BF67*F67)","=IF(BG67="""","""",MIN(BF67,MAX(BG67-BH67,0)))","=IF(BF67="""","""",MAX(BF67-BI67,0))","=IF(BJ67="""","""",BJ67)","=IF(OR(BK67="""",G67<=0),"""",IFERROR(-PMT(F67,G67,E67),0))","=IF(BK67="""","""",BK67*F67)","=IF(BL67="""","""",MIN(BK67,MAX(BL67-BM67,0)))","=IF(BK67="""","""",MAX(BK67-BN67,0))"
"=IF(B68="""","""",""LN""&TEXT(ROW()-1,""000""))","","=IFERROR(VLOOKUP(B68,Members!$B$2:$C$31,2,FALSE),"""")","","","=Settings!$B$10","","=IF(E68="""","""",E68)","=IF(OR(H68="""",G68<=0),"""",IFERROR(-PMT(F68,G68,E68),0))","=IF(H68="""","""",H68*F68)","=IF(I68="""","""",MIN(H68,MAX(I68-J68,0)))","=IF(H68="""","""",MAX(H68-K68,0))","=IF(L68="""","""",L68)","=IF(OR(M68="""",G68<=0),"""",IFERROR(-PMT(F68,G68,E68),0))","=IF(M68="""","""",M68*F68)","=IF(N68="""","""",MIN(M68,MAX(N68-O68,0)))","=IF(M68="""","""",MAX(M68-P68,0))","=IF(Q68="""","""",Q68)","=IF(OR(R68="""",G68<=0),"""",IFERROR(-PMT(F68,G68,E68),0))","=IF(R68="""","""",R68*F68)","=IF(S68="""","""",MIN(R68,MAX(S68-T68,0)))","=IF(R68="""","""",MAX(R68-U68,0))","=IF(V68="""","""",V68)","=IF(OR(W68="""",G68<=0),"""",IFERROR(-PMT(F68,G68,E68),0))","=IF(W68="""","""",W68*F68)","=IF(X68="""","""",MIN(W68,MAX(X68-Y68,0)))","=IF(W68="""","""",MAX(W68-Z68,0))","=IF(AA68="""","""",AA68)","=IF(OR(AB68="""",G68<=0),"""",IFERROR(-PMT(F68,G68,E68),0))","=IF(AB68="""","""",AB68*F68)","=IF(AC68="""","""",MIN(AB68,MAX(AC68-AD68,0)))","=IF(AB68="""","""",MAX(AB68-AE68,0))","=IF(AF68="""","""",AF68)","=IF(OR(AG68="""",G68<=0),"""",IFERROR(-PMT(F68,G68,E68),0))","=IF(AG68="""","""",AG68*F68)","=IF(AH68="""","""",MIN(AG68,MAX(AH68-AI68,0)))","=IF(AG68="""","""",MAX(AG68-AJ68,0))","=IF(AK68="""","""",AK68)","=IF(OR(AL68="""",G68<=0),"""",IFERROR(-PMT(F68,G68,E68),0))","=IF(AL68="""","""",AL68*F68)","=IF(AM68="""","""",MIN(AL68,MAX(AM68-AN68,0)))","=IF(AL68="""","""",MAX(AL68-AO68,0))","=IF(AP68="""","""",AP68)","=IF(OR(AQ68="""",G68<=0),"""",IFERROR(-PMT(F68,G68,E68),0))","=IF(AQ68="""","""",AQ68*F68)","=IF(AR68="""","""",MIN(AQ68,MAX(AR68-AS68,0)))","=IF(AQ68="""","""",MAX(AQ68-AT68,0))","=IF(AU68="""","""",AU68)","=IF(OR(AV68="""",G68<=0),"""",IFERROR(-PMT(F68,G68,E68),0))","=IF(AV68="""","""",AV68*F68)","=IF(AW68="""","""",MIN(AV68,MAX(AW68-AX68,0)))","=IF(AV68="""","""",MAX(AV68-AY68,0))","=IF(AZ68="""","""",AZ68)","=IF(OR(BA68="""",G68<=0),"""",IFERROR(-PMT(F68,G68,E68),0))","=IF(BA68="""","""",BA68*F68)","=IF(BB68="""","""",MIN(BA68,MAX(BB68-BC68,0)))","=IF(BA68="""","""",MAX(BA68-BD68,0))","=IF(BE68="""","""",BE68)","=IF(OR(BF68="""",G68<=0),"""",IFERROR(-PMT(F68,G68,E68),0))","=IF(BF68="""","""",BF68*F68)","=IF(BG68="""","""",MIN(BF68,MAX(BG68-BH68,0)))","=IF(BF68="""","""",MAX(BF68-BI68,0))","=IF(BJ68="""","""",BJ68)","=IF(OR(BK68="""",G68<=0),"""",IFERROR(-PMT(F68,G68,E68),0))","=IF(BK68="""","""",BK68*F68)","=IF(BL68="""","""",MIN(BK68,MAX(BL68-BM68,0)))","=IF(BK68="""","""",MAX(BK68-BN68,0))"
"=IF(B69="""","""",""LN""&TEXT(ROW()-1,""000""))","","=IFERROR(VLOOKUP(B69,Members!$B$2:$C$31,2,FALSE),"""")","","","=Settings!$B$10","","=IF(E69="""","""",E69)","=IF(OR(H69="""",G69<=0),"""",IFERROR(-PMT(F69,G69,E69),0))","=IF(H69="""","""",H69*F69)","=IF(I69="""","""",MIN(H69,MAX(I69-J69,0)))","=IF(H69="""","""",MAX(H69-K69,0))","=IF(L69="""","""",L69)","=IF(OR(M69="""",G69<=0),"""",IFERROR(-PMT(F69,G69,E69),0))","=IF(M69="""","""",M69*F69)","=IF(N69="""","""",MIN(M69,MAX(N69-O69,0)))","=IF(M69="""","""",MAX(M69-P69,0))","=IF(Q69="""","""",Q69)","=IF(OR(R69="""",G69<=0),"""",IFERROR(-PMT(F69,G69,E69),0))","=IF(R69="""","""",R69*F69)","=IF(S69="""","""",MIN(R69,MAX(S69-T69,0)))","=IF(R69="""","""",MAX(R69-U69,0))","=IF(V69="""","""",V69)","=IF(OR(W69="""",G69<=0),"""",IFERROR(-PMT(F69,G69,E69),0))","=IF(W69="""","""",W69*F69)","=IF(X69="""","""",MIN(W69,MAX(X69-Y69,0)))","=IF(W69="""","""",MAX(W69-Z69,0))","=IF(AA69="""","""",AA69)","=IF(OR(AB69="""",G69<=0),"""",IFERROR(-PMT(F69,G69,E69),0))","=IF(AB69="""","""",AB69*F69)","=IF(AC69="""","""",MIN(AB69,MAX(AC69-AD69,0)))","=IF(AB69="""","""",MAX(AB69-AE69,0))","=IF(AF69="""","""",AF69)","=IF(OR(AG69="""",G69<=0),"""",IFERROR(-PMT(F69,G69,E69),0))","=IF(AG69="""","""",AG69*F69)","=IF(AH69="""","""",MIN(AG69,MAX(AH69-AI69,0)))","=IF(AG69="""","""",MAX(AG69-AJ69,0))","=IF(AK69="""","""",AK69)","=IF(OR(AL69="""",G69<=0),"""",IFERROR(-PMT(F69,G69,E69),0))","=IF(AL69="""","""",AL69*F69)","=IF(AM69="""","""",MIN(AL69,MAX(AM69-AN69,0)))","=IF(AL69="""","""",MAX(AL69-AO69,0))","=IF(AP69="""","""",AP69)","=IF(OR(AQ69="""",G69<=0),"""",IFERROR(-PMT(F69,G69,E69),0))","=IF(AQ69="""","""",AQ69*F69)","=IF(AR69="""","""",MIN(AQ69,MAX(AR69-AS69,0)))","=IF(AQ69="""","""",MAX(AQ69-AT69,0))","=IF(AU69="""","""",AU69)","=IF(OR(AV69="""",G69<=0),"""",IFERROR(-PMT(F69,G69,E69),0))","=IF(AV69="""","""",AV69*F69)","=IF(AW69="""","""",MIN(AV69,MAX(AW69-AX69,0)))","=IF(AV69="""","""",MAX(AV69-AY69,0))","=IF(AZ69="""","""",AZ69)","=IF(OR(BA69="""",G69<=0),"""",IFERROR(-PMT(F69,G69,E69),0))","=IF(BA69="""","""",BA69*F69)","=IF(BB69="""","""",MIN(BA69,MAX(BB69-BC69,0)))","=IF(BA69="""","""",MAX(BA69-BD69,0))","=IF(BE69="""","""",BE69)","=IF(OR(BF69="""",G69<=0),"""",IFERROR(-PMT(F69,G69,E69),0))","=IF(BF69="""","""",BF69*F69)","=IF(BG69="""","""",MIN(BF69,MAX(BG69-BH69,0)))","=IF(BF69="""","""",MAX(BF69-BI69,0))","=IF(BJ69="""","""",BJ69)","=IF(OR(BK69="""",G69<=0),"""",IFERROR(-PMT(F69,G69,E69),0))","=IF(BK69="""","""",BK69*F69)","=IF(BL69="""","""",MIN(BK69,MAX(BL69-BM69,0)))","=IF(BK69="""","""",MAX(BK69-BN69,0))"
"=IF(B70="""","""",""LN""&TEXT(ROW()-1,""000""))","","=IFERROR(VLOOKUP(B70,Members!$B$2:$C$31,2,FALSE),"""")","","","=Settings!$B$10","","=IF(E70="""","""",E70)","=IF(OR(H70="""",G70<=0),"""",IFERROR(-PMT(F70,G70,E70),0))","=IF(H70="""","""",H70*F70)","=IF(I70="""","""",MIN(H70,MAX(I70-J70,0)))","=IF(H70="""","""",MAX(H70-K70,0))","=IF(L70="""","""",L70)","=IF(OR(M70="""",G70<=0),"""",IFERROR(-PMT(F70,G70,E70),0))","=IF(M70="""","""",M70*F70)","=IF(N70="""","""",MIN(M70,MAX(N70-O70,0)))","=IF(M70="""","""",MAX(M70-P70,0))","=IF(Q70="""","""",Q70)","=IF(OR(R70="""",G70<=0),"""",IFERROR(-PMT(F70,G70,E70),0))","=IF(R70="""","""",R70*F70)","=IF(S70="""","""",MIN(R70,MAX(S70-T70,0)))","=IF(R70="""","""",MAX(R70-U70,0))","=IF(V70="""","""",V70)","=IF(OR(W70="""",G70<=0),"""",IFERROR(-PMT(F70,G70,E70),0))","=IF(W70="""","""",W70*F70)","=IF(X70="""","""",MIN(W70,MAX(X70-Y70,0)))","=IF(W70="""","""",MAX(W70-Z70,0))","=IF(AA70="""","""",AA70)","=IF(OR(AB70="""",G70<=0),"""",IFERROR(-PMT(F70,G70,E70),0))","=IF(AB70="""","""",AB70*F70)","=IF(AC70="""","""",MIN(AB70,MAX(AC70-AD70,0)))","=IF(AB70="""","""",MAX(AB70-AE70,0))","=IF(AF70="""","""",AF70)","=IF(OR(AG70="""",G70<=0),"""",IFERROR(-PMT(F70,G70,E70),0))","=IF(AG70="""","""",AG70*F70)","=IF(AH70="""","""",MIN(AG70,MAX(AH70-AI70,0)))","=IF(AG70="""","""",MAX(AG70-AJ70,0))","=IF(AK70="""","""",AK70)","=IF(OR(AL70="""",G70<=0),"""",IFERROR(-PMT(F70,G70,E70),0))","=IF(AL70="""","""",AL70*F70)","=IF(AM70="""","""",MIN(AL70,MAX(AM70-AN70,0)))","=IF(AL70="""","""",MAX(AL70-AO70,0))","=IF(AP70="""","""",AP70)","=IF(OR(AQ70="""",G70<=0),"""",IFERROR(-PMT(F70,G70,E70),0))","=IF(AQ70="""","""",AQ70*F70)","=IF(AR70="""","""",MIN(AQ70,MAX(AR70-AS70,0)))","=IF(AQ70="""","""",MAX(AQ70-AT70,0))","=IF(AU70="""","""",AU70)","=IF(OR(AV70="""",G70<=0),"""",IFERROR(-PMT(F70,G70,E70),0))","=IF(AV70="""","""",AV70*F70)","=IF(AW70="""","""",MIN(AV70,MAX(AW70-AX70,0)))","=IF(AV70="""","""",MAX(AV70-AY70,0))","=IF(AZ70="""","""",AZ70)","=IF(OR(BA70="""",G70<=0),"""",IFERROR(-PMT(F70,G70,E70),0))","=IF(BA70="""","""",BA70*F70)","=IF(BB70="""","""",MIN(BA70,MAX(BB70-BC70,0)))","=IF(BA70="""","""",MAX(BA70-BD70,0))","=IF(BE70="""","""",BE70)","=IF(OR(BF70="""",G70<=0),"""",IFERROR(-PMT(F70,G70,E70),0))","=IF(BF70="""","""",BF70*F70)","=IF(BG70="""","""",MIN(BF70,MAX(BG70-BH70,0)))","=IF(BF70="""","""",MAX(BF70-BI70,0))","=IF(BJ70="""","""",BJ70)","=IF(OR(BK70="""",G70<=0),"""",IFERROR(-PMT(F70,G70,E70),0))","=IF(BK70="""","""",BK70*F70)","=IF(BL70="""","""",MIN(BK70,MAX(BL70-BM70,0)))","=IF(BK70="""","""",MAX(BK70-BN70,0))"
"=IF(B71="""","""",""LN""&TEXT(ROW()-1,""000""))","","=IFERROR(VLOOKUP(B71,Members!$B$2:$C$31,2,FALSE),"""")","","","=Settings!$B$10","","=IF(E71="""","""",E71)","=IF(OR(H71="""",G71<=0),"""",IFERROR(-PMT(F71,G71,E71),0))","=IF(H71="""","""",H71*F71)","=IF(I71="""","""",MIN(H71,MAX(I71-J71,0)))","=IF(H71="""","""",MAX(H71-K71,0))","=IF(L71="""","""",L71)","=IF(OR(M71="""",G71<=0),"""",IFERROR(-PMT(F71,G71,E71),0))","=IF(M71="""","""",M71*F71)","=IF(N71="""","""",MIN(M71,MAX(N71-O71,0)))","=IF(M71="""","""",MAX(M71-P71,0))","=IF(Q71="""","""",Q71)","=IF(OR(R71="""",G71<=0),"""",IFERROR(-PMT(F71,G71,E71),0))","=IF(R71="""","""",R71*F71)","=IF(S71="""","""",MIN(R71,MAX(S71-T71,0)))","=IF(R71="""","""",MAX(R71-U71,0))","=IF(V71="""","""",V71)","=IF(OR(W71="""",G71<=0),"""",IFERROR(-PMT(F71,G71,E71),0))","=IF(W71="""","""",W71*F71)","=IF(X71="""","""",MIN(W71,MAX(X71-Y71,0)))","=IF(W71="""","""",MAX(W71-Z71,0))","=IF(AA71="""","""",AA71)","=IF(OR(AB71="""",G71<=0),"""",IFERROR(-PMT(F71,G71,E71),0))","=IF(AB71="""","""",AB71*F71)","=IF(AC71="""","""",MIN(AB71,MAX(AC71-AD71,0)))","=IF(AB71="""","""",MAX(AB71-AE71,0))","=IF(AF71="""","""",AF71)","=IF(OR(AG71="""",G71<=0),"""",IFERROR(-PMT(F71,G71,E71),0))","=IF(AG71="""","""",AG71*F71)","=IF(AH71="""","""",MIN(AG71,MAX(AH71-AI71,0)))","=IF(AG71="""","""",MAX(AG71-AJ71,0))","=IF(AK71="""","""",AK71)","=IF(OR(AL71="""",G71<=0),"""",IFERROR(-PMT(F71,G71,E71),0))","=IF(AL71="""","""",AL71*F71)","=IF(AM71="""","""",MIN(AL71,MAX(AM71-AN71,0)))","=IF(AL71="""","""",MAX(AL71-AO71,0))","=IF(AP71="""","""",AP71)","=IF(OR(AQ71="""",G71<=0),"""",IFERROR(-PMT(F71,G71,E71),0))","=IF(AQ71="""","""",AQ71*F71)","=IF(AR71="""","""",MIN(AQ71,MAX(AR71-AS71,0)))","=IF(AQ71="""","""",MAX(AQ71-AT71,0))","=IF(AU71="""","""",AU71)","=IF(OR(AV71="""",G71<=0),"""",IFERROR(-PMT(F71,G71,E71),0))","=IF(AV71="""","""",AV71*F71)","=IF(AW71="""","""",MIN(AV71,MAX(AW71-AX71,0)))","=IF(AV71="""","""",MAX(AV71-AY71,0))","=IF(AZ71="""","""",AZ71)","=IF(OR(BA71="""",G71<=0),"""",IFERROR(-PMT(F71,G71,E71),0))","=IF(BA71="""","""",BA71*F71)","=IF(BB71="""","""",MIN(BA71,MAX(BB71-BC71,0)))","=IF(BA71="""","""",MAX(BA71-BD71,0))","=IF(BE71="""","""",BE71)","=IF(OR(BF71="""",G71<=0),"""",IFERROR(-PMT(F71,G71,E71),0))","=IF(BF71="""","""",BF71*F71)","=IF(BG71="""","""",MIN(BF71,MAX(BG71-BH71,0)))","=IF(BF71="""","""",MAX(BF71-BI71,0))","=IF(BJ71="""","""",BJ71)","=IF(OR(BK71="""",G71<=0),"""",IFERROR(-PMT(F71,G71,E71),0))","=IF(BK71="""","""",BK71*F71)","=IF(BL71="""","""",MIN(BK71,MAX(BL71-BM71,0)))","=IF(BK71="""","""",MAX(BK71-BN71,0))"
"=IF(B72="""","""",""LN""&TEXT(ROW()-1,""000""))","","=IFERROR(VLOOKUP(B72,Members!$B$2:$C$31,2,FALSE),"""")","","","=Settings!$B$10","","=IF(E72="""","""",E72)","=IF(OR(H72="""",G72<=0),"""",IFERROR(-PMT(F72,G72,E72),0))","=IF(H72="""","""",H72*F72)","=IF(I72="""","""",MIN(H72,MAX(I72-J72,0)))","=IF(H72="""","""",MAX(H72-K72,0))","=IF(L72="""","""",L72)","=IF(OR(M72="""",G72<=0),"""",IFERROR(-PMT(F72,G72,E72),0))","=IF(M72="""","""",M72*F72)","=IF(N72="""","""",MIN(M72,MAX(N72-O72,0)))","=IF(M72="""","""",MAX(M72-P72,0))","=IF(Q72="""","""",Q72)","=IF(OR(R72="""",G72<=0),"""",IFERROR(-PMT(F72,G72,E72),0))","=IF(R72="""","""",R72*F72)","=IF(S72="""","""",MIN(R72,MAX(S72-T72,0)))","=IF(R72="""","""",MAX(R72-U72,0))","=IF(V72="""","""",V72)","=IF(OR(W72="""",G72<=0),"""",IFERROR(-PMT(F72,G72,E72),0))","=IF(W72="""","""",W72*F72)","=IF(X72="""","""",MIN(W72,MAX(X72-Y72,0)))","=IF(W72="""","""",MAX(W72-Z72,0))","=IF(AA72="""","""",AA72)","=IF(OR(AB72="""",G72<=0),"""",IFERROR(-PMT(F72,G72,E72),0))","=IF(AB72="""","""",AB72*F72)","=IF(AC72="""","""",MIN(AB72,MAX(AC72-AD72,0)))","=IF(AB72="""","""",MAX(AB72-AE72,0))","=IF(AF72="""","""",AF72)","=IF(OR(AG72="""",G72<=0),"""",IFERROR(-PMT(F72,G72,E72),0))","=IF(AG72="""","""",AG72*F72)","=IF(AH72="""","""",MIN(AG72,MAX(AH72-AI72,0)))","=IF(AG72="""","""",MAX(AG72-AJ72,0))","=IF(AK72="""","""",AK72)","=IF(OR(AL72="""",G72<=0),"""",IFERROR(-PMT(F72,G72,E72),0))","=IF(AL72="""","""",AL72*F72)","=IF(AM72="""","""",MIN(AL72,MAX(AM72-AN72,0)))","=IF(AL72="""","""",MAX(AL72-AO72,0))","=IF(AP72="""","""",AP72)","=IF(OR(AQ72="""",G72<=0),"""",IFERROR(-PMT(F72,G72,E72),0))","=IF(AQ72="""","""",AQ72*F72)","=IF(AR72="""","""",MIN(AQ72,MAX(AR72-AS72,0)))","=IF(AQ72="""","""",MAX(AQ72-AT72,0))","=IF(AU72="""","""",AU72)","=IF(OR(AV72="""",G72<=0),"""",IFERROR(-PMT(F72,G72,E72),0))","=IF(AV72="""","""",AV72*F72)","=IF(AW72="""","""",MIN(AV72,MAX(AW72-AX72,0)))","=IF(AV72="""","""",MAX(AV72-AY72,0))","=IF(AZ72="""","""",AZ72)","=IF(OR(BA72="""",G72<=0),"""",IFERROR(-PMT(F72,G72,E72),0))","=IF(BA72="""","""",BA72*F72)","=IF(BB72="""","""",MIN(BA72,MAX(BB72-BC72,0)))","=IF(BA72="""","""",MAX(BA72-BD72,0))","=IF(BE72="""","""",BE72)","=IF(OR(BF72="""",G72<=0),"""",IFERROR(-PMT(F72,G72,E72),0))","=IF(BF72="""","""",BF72*F72)","=IF(BG72="""","""",MIN(BF72,MAX(BG72-BH72,0)))","=IF(BF72="""","""",MAX(BF72-BI72,0))","=IF(BJ72="""","""",BJ72)","=IF(OR(BK72="""",G72<=0),"""",IFERROR(-PMT(F72,G72,E72),0))","=IF(BK72="""","""",BK72*F72)","=IF(BL72="""","""",MIN(BK72,MAX(BL72-BM72,0)))","=IF(BK72="""","""",MAX(BK72-BN72,0))"
"=IF(B73="""","""",""LN""&TEXT(ROW()-1,""000""))","","=IFERROR(VLOOKUP(B73,Members!$B$2:$C$31,2,FALSE),"""")","","","=Settings!$B$10","","=IF(E73="""","""",E73)","=IF(OR(H73="""",G73<=0),"""",IFERROR(-PMT(F73,G73,E73),0))","=IF(H73="""","""",H73*F73)","=IF(I73="""","""",MIN(H73,MAX(I73-J73,0)))","=IF(H73="""","""",MAX(H73-K73,0))","=IF(L73="""","""",L73)","=IF(OR(M73="""",G73<=0),"""",IFERROR(-PMT(F73,G73,E73),0))","=IF(M73="""","""",M73*F73)","=IF(N73="""","""",MIN(M73,MAX(N73-O73,0)))","=IF(M73="""","""",MAX(M73-P73,0))","=IF(Q73="""","""",Q73)","=IF(OR(R73="""",G73<=0),"""",IFERROR(-PMT(F73,G73,E73),0))","=IF(R73="""","""",R73*F73)","=IF(S73="""","""",MIN(R73,MAX(S73-T73,0)))","=IF(R73="""","""",MAX(R73-U73,0))","=IF(V73="""","""",V73)","=IF(OR(W73="""",G73<=0),"""",IFERROR(-PMT(F73,G73,E73),0))","=IF(W73="""","""",W73*F73)","=IF(X73="""","""",MIN(W73,MAX(X73-Y73,0)))","=IF(W73="""","""",MAX(W73-Z73,0))","=IF(AA73="""","""",AA73)","=IF(OR(AB73="""",G73<=0),"""",IFERROR(-PMT(F73,G73,E73),0))","=IF(AB73="""","""",AB73*F73)","=IF(AC73="""","""",MIN(AB73,MAX(AC73-AD73,0)))","=IF(AB73="""","""",MAX(AB73-AE73,0))","=IF(AF73="""","""",AF73)","=IF(OR(AG73="""",G73<=0),"""",IFERROR(-PMT(F73,G73,E73),0))","=IF(AG73="""","""",AG73*F73)","=IF(AH73="""","""",MIN(AG73,MAX(AH73-AI73,0)))","=IF(AG73="""","""",MAX(AG73-AJ73,0))","=IF(AK73="""","""",AK73)","=IF(OR(AL73="""",G73<=0),"""",IFERROR(-PMT(F73,G73,E73),0))","=IF(AL73="""","""",AL73*F73)","=IF(AM73="""","""",MIN(AL73,MAX(AM73-AN73,0)))","=IF(AL73="""","""",MAX(AL73-AO73,0))","=IF(AP73="""","""",AP73)","=IF(OR(AQ73="""",G73<=0),"""",IFERROR(-PMT(F73,G73,E73),0))","=IF(AQ73="""","""",AQ73*F73)","=IF(AR73="""","""",MIN(AQ73,MAX(AR73-AS73,0)))","=IF(AQ73="""","""",MAX(AQ73-AT73,0))","=IF(AU73="""","""",AU73)","=IF(OR(AV73="""",G73<=0),"""",IFERROR(-PMT(F73,G73,E73),0))","=IF(AV73="""","""",AV73*F73)","=IF(AW73="""","""",MIN(AV73,MAX(AW73-AX73,0)))","=IF(AV73="""","""",MAX(AV73-AY73,0))","=IF(AZ73="""","""",AZ73)","=IF(OR(BA73="""",G73<=0),"""",IFERROR(-PMT(F73,G73,E73),0))","=IF(BA73="""","""",BA73*F73)","=IF(BB73="""","""",MIN(BA73,MAX(BB73-BC73,0)))","=IF(BA73="""","""",MAX(BA73-BD73,0))","=IF(BE73="""","""",BE73)","=IF(OR(BF73="""",G73<=0),"""",IFERROR(-PMT(F73,G73,E73),0))","=IF(BF73="""","""",BF73*F73)","=IF(BG73="""","""",MIN(BF73,MAX(BG73-BH73,0)))","=IF(BF73="""","""",MAX(BF73-BI73,0))","=IF(BJ73="""","""",BJ73)","=IF(OR(BK73="""",G73<=0),"""",IFERROR(-PMT(F73,G73,E73),0))","=IF(BK73="""","""",BK73*F73)","=IF(BL73="""","""",MIN(BK73,MAX(BL73-BM73,0)))","=IF(BK73="""","""",MAX(BK73-BN73,0))"
"=IF(B74="""","""",""LN""&TEXT(ROW()-1,""000""))","","=IFERROR(VLOOKUP(B74,Members!$B$2:$C$31,2,FALSE),"""")","","","=Settings!$B$10","","=IF(E74="""","""",E74)","=IF(OR(H74="""",G74<=0),"""",IFERROR(-PMT(F74,G74,E74),0))","=IF(H74="""","""",H74*F74)","=IF(I74="""","""",MIN(H74,MAX(I74-J74,0)))","=IF(H74="""","""",MAX(H74-K74,0))","=IF(L74="""","""",L74)","=IF(OR(M74="""",G74<=0),"""",IFERROR(-PMT(F74,G74,E74),0))","=IF(M74="""","""",M74*F74)","=IF(N74="""","""",MIN(M74,MAX(N74-O74,0)))","=IF(M74="""","""",MAX(M74-P74,0))","=IF(Q74="""","""",Q74)","=IF(OR(R74="""",G74<=0),"""",IFERROR(-PMT(F74,G74,E74),0))","=IF(R74="""","""",R74*F74)","=IF(S74="""","""",MIN(R74,MAX(S74-T74,0)))","=IF(R74="""","""",MAX(R74-U74,0))","=IF(V74="""","""",V74)","=IF(OR(W74="""",G74<=0),"""",IFERROR(-PMT(F74,G74,E74),0))","=IF(W74="""","""",W74*F74)","=IF(X74="""","""",MIN(W74,MAX(X74-Y74,0)))","=IF(W74="""","""",MAX(W74-Z74,0))","=IF(AA74="""","""",AA74)","=IF(OR(AB74="""",G74<=0),"""",IFERROR(-PMT(F74,G74,E74),0))","=IF(AB74="""","""",AB74*F74)","=IF(AC74="""","""",MIN(AB74,MAX(AC74-AD74,0)))","=IF(AB74="""","""",MAX(AB74-AE74,0))","=IF(AF74="""","""",AF74)","=IF(OR(AG74="""",G74<=0),"""",IFERROR(-PMT(F74,G74,E74),0))","=IF(AG74="""","""",AG74*F74)","=IF(AH74="""","""",MIN(AG74,MAX(AH74-AI74,0)))","=IF(AG74="""","""",MAX(AG74-AJ74,0))","=IF(AK74="""","""",AK74)","=IF(OR(AL74="""",G74<=0),"""",IFERROR(-PMT(F74,G74,E74),0))","=IF(AL74="""","""",AL74*F74)","=IF(AM74="""","""",MIN(AL74,MAX(AM74-AN74,0)))","=IF(AL74="""","""",MAX(AL74-AO74,0))","=IF(AP74="""","""",AP74)","=IF(OR(AQ74="""",G74<=0),"""",IFERROR(-PMT(F74,G74,E74),0))","=IF(AQ74="""","""",AQ74*F74)","=IF(AR74="""","""",MIN(AQ74,MAX(AR74-AS74,0)))","=IF(AQ74="""","""",MAX(AQ74-AT74,0))","=IF(AU74="""","""",AU74)","=IF(OR(AV74="""",G74<=0),"""",IFERROR(-PMT(F74,G74,E74),0))","=IF(AV74="""","""",AV74*F74)","=IF(AW74="""","""",MIN(AV74,MAX(AW74-AX74,0)))","=IF(AV74="""","""",MAX(AV74-AY74,0))","=IF(AZ74="""","""",AZ74)","=IF(OR(BA74="""",G74<=0),"""",IFERROR(-PMT(F74,G74,E74),0))","=IF(BA74="""","""",BA74*F74)","=IF(BB74="""","""",MIN(BA74,MAX(BB74-BC74,0)))","=IF(BA74="""","""",MAX(BA74-BD74,0))","=IF(BE74="""","""",BE74)","=IF(OR(BF74="""",G74<=0),"""",IFERROR(-PMT(F74,G74,E74),0))","=IF(BF74="""","""",BF74*F74)","=IF(BG74="""","""",MIN(BF74,MAX(BG74-BH74,0)))","=IF(BF74="""","""",MAX(BF74-BI74,0))","=IF(BJ74="""","""",BJ74)","=IF(OR(BK74="""",G74<=0),"""",IFERROR(-PMT(F74,G74,E74),0))","=IF(BK74="""","""",BK74*F74)","=IF(BL74="""","""",MIN(BK74,MAX(BL74-BM74,0)))","=IF(BK74="""","""",MAX(BK74-BN74,0))"
"=IF(B75="""","""",""LN""&TEXT(ROW()-1,""000""))","","=IFERROR(VLOOKUP(B75,Members!$B$2:$C$31,2,FALSE),"""")","","","=Settings!$B$10","","=IF(E75="""","""",E75)","=IF(OR(H75="""",G75<=0),"""",IFERROR(-PMT(F75,G75,E75),0))","=IF(H75="""","""",H75*F75)","=IF(I75="""","""",MIN(H75,MAX(I75-J75,0)))","=IF(H75="""","""",MAX(H75-K75,0))","=IF(L75="""","""",L75)","=IF(OR(M75="""",G75<=0),"""",IFERROR(-PMT(F75,G75,E75),0))","=IF(M75="""","""",M75*F75)","=IF(N75="""","""",MIN(M75,MAX(N75-O75,0)))","=IF(M75="""","""",MAX(M75-P75,0))","=IF(Q75="""","""",Q75)","=IF(OR(R75="""",G75<=0),"""",IFERROR(-PMT(F75,G75,E75),0))","=IF(R75="""","""",R75*F75)","=IF(S75="""","""",MIN(R75,MAX(S75-T75,0)))","=IF(R75="""","""",MAX(R75-U75,0))","=IF(V75="""","""",V75)","=IF(OR(W75="""",G75<=0),"""",IFERROR(-PMT(F75,G75,E75),0))","=IF(W75="""","""",W75*F75)","=IF(X75="""","""",MIN(W75,MAX(X75-Y75,0)))","=IF(W75="""","""",MAX(W75-Z75,0))","=IF(AA75="""","""",AA75)","=IF(OR(AB75="""",G75<=0),"""",IFERROR(-PMT(F75,G75,E75),0))","=IF(AB75="""","""",AB75*F75)","=IF(AC75="""","""",MIN(AB75,MAX(AC75-AD75,0)))","=IF(AB75="""","""",MAX(AB75-AE75,0))","=IF(AF75="""","""",AF75)","=IF(OR(AG75="""",G75<=0),"""",IFERROR(-PMT(F75,G75,E75),0))","=IF(AG75="""","""",AG75*F75)","=IF(AH75="""","""",MIN(AG75,MAX(AH75-AI75,0)))","=IF(AG75="""","""",MAX(AG75-AJ75,0))","=IF(AK75="""","""",AK75)","=IF(OR(AL75="""",G75<=0),"""",IFERROR(-PMT(F75,G75,E75),0))","=IF(AL75="""","""",AL75*F75)","=IF(AM75="""","""",MIN(AL75,MAX(AM75-AN75,0)))","=IF(AL75="""","""",MAX(AL75-AO75,0))","=IF(AP75="""","""",AP75)","=IF(OR(AQ75="""",G75<=0),"""",IFERROR(-PMT(F75,G75,E75),0))","=IF(AQ75="""","""",AQ75*F75)","=IF(AR75="""","""",MIN(AQ75,MAX(AR75-AS75,0)))","=IF(AQ75="""","""",MAX(AQ75-AT75,0))","=IF(AU75="""","""",AU75)","=IF(OR(AV75="""",G75<=0),"""",IFERROR(-PMT(F75,G75,E75),0))","=IF(AV75="""","""",AV75*F75)","=IF(AW75="""","""",MIN(AV75,MAX(AW75-AX75,0)))","=IF(AV75="""","""",MAX(AV75-AY75,0))","=IF(AZ75="""","""",AZ75)","=IF(OR(BA75="""",G75<=0),"""",IFERROR(-PMT(F75,G75,E75),0))","=IF(BA75="""","""",BA75*F75)","=IF(BB75="""","""",MIN(BA75,MAX(BB75-BC75,0)))","=IF(BA75="""","""",MAX(BA75-BD75,0))","=IF(BE75="""","""",BE75)","=IF(OR(BF75="""",G75<=0),"""",IFERROR(-PMT(F75,G75,E75),0))","=IF(BF75="""","""",BF75*F75)","=IF(BG75="""","""",MIN(BF75,MAX(BG75-BH75,0)))","=IF(BF75="""","""",MAX(BF75-BI75,0))","=IF(BJ75="""","""",BJ75)","=IF(OR(BK75="""",G75<=0),"""",IFERROR(-PMT(F75,G75,E75),0))","=IF(BK75="""","""",BK75*F75)","=IF(BL75="""","""",MIN(BK75,MAX(BL75-BM75,0)))","=IF(BK75="""","""",MAX(BK75-BN75,0))"
"=IF(B76="""","""",""LN""&TEXT(ROW()-1,""000""))","","=IFERROR(VLOOKUP(B76,Members!$B$2:$C$31,2,FALSE),"""")","","","=Settings!$B$10","","=IF(E76="""","""",E76)","=IF(OR(H76="""",G76<=0),"""",IFERROR(-PMT(F76,G76,E76),0))","=IF(H76="""","""",H76*F76)","=IF(I76="""","""",MIN(H76,MAX(I76-J76,0)))","=IF(H76="""","""",MAX(H76-K76,0))","=IF(L76="""","""",L76)","=IF(OR(M76="""",G76<=0),"""",IFERROR(-PMT(F76,G76,E76),0))","=IF(M76="""","""",M76*F76)","=IF(N76="""","""",MIN(M76,MAX(N76-O76,0)))","=IF(M76="""","""",MAX(M76-P76,0))","=IF(Q76="""","""",Q76)","=IF(OR(R76="""",G76<=0),"""",IFERROR(-PMT(F76,G76,E76),0))","=IF(R76="""","""",R76*F76)","=IF(S76="""","""",MIN(R76,MAX(S76-T76,0)))","=IF(R76="""","""",MAX(R76-U76,0))","=IF(V76="""","""",V76)","=IF(OR(W76="""",G76<=0),"""",IFERROR(-PMT(F76,G76,E76),0))","=IF(W76="""","""",W76*F76)","=IF(X76="""","""",MIN(W76,MAX(X76-Y76,0)))","=IF(W76="""","""",MAX(W76-Z76,0))","=IF(AA76="""","""",AA76)","=IF(OR(AB76="""",G76<=0),"""",IFERROR(-PMT(F76,G76,E76),0))","=IF(AB76="""","""",AB76*F76)","=IF(AC76="""","""",MIN(AB76,MAX(AC76-AD76,0)))","=IF(AB76="""","""",MAX(AB76-AE76,0))","=IF(AF76="""","""",AF76)","=IF(OR(AG76="""",G76<=0),"""",IFERROR(-PMT(F76,G76,E76),0))","=IF(AG76="""","""",AG76*F76)","=IF(AH76="""","""",MIN(AG76,MAX(AH76-AI76,0)))","=IF(AG76="""","""",MAX(AG76-AJ76,0))","=IF(AK76="""","""",AK76)","=IF(OR(AL76="""",G76<=0),"""",IFERROR(-PMT(F76,G76,E76),0))","=IF(AL76="""","""",AL76*F76)","=IF(AM76="""","""",MIN(AL76,MAX(AM76-AN76,0)))","=IF(AL76="""","""",MAX(AL76-AO76,0))","=IF(AP76="""","""",AP76)","=IF(OR(AQ76="""",G76<=0),"""",IFERROR(-PMT(F76,G76,E76),0))","=IF(AQ76="""","""",AQ76*F76)","=IF(AR76="""","""",MIN(AQ76,MAX(AR76-AS76,0)))","=IF(AQ76="""","""",MAX(AQ76-AT76,0))","=IF(AU76="""","""",AU76)","=IF(OR(AV76="""",G76<=0),"""",IFERROR(-PMT(F76,G76,E76),0))","=IF(AV76="""","""",AV76*F76)","=IF(AW76="""","""",MIN(AV76,MAX(AW76-AX76,0)))","=IF(AV76="""","""",MAX(AV76-AY76,0))","=IF(AZ76="""","""",AZ76)","=IF(OR(BA76="""",G76<=0),"""",IFERROR(-PMT(F76,G76,E76),0))","=IF(BA76="""","""",BA76*F76)","=IF(BB76="""","""",MIN(BA76,MAX(BB76-BC76,0)))","=IF(BA76="""","""",MAX(BA76-BD76,0))","=IF(BE76="""","""",BE76)","=IF(OR(BF76="""",G76<=0),"""",IFERROR(-PMT(F76,G76,E76),0))","=IF(BF76="""","""",BF76*F76)","=IF(BG76="""","""",MIN(BF76,MAX(BG76-BH76,0)))","=IF(BF76="""","""",MAX(BF76-BI76,0))","=IF(BJ76="""","""",BJ76)","=IF(OR(BK76="""",G76<=0),"""",IFERROR(-PMT(F76,G76,E76),0))","=IF(BK76="""","""",BK76*F76)","=IF(BL76="""","""",MIN(BK76,MAX(BL76-BM76,0)))","=IF(BK76="""","""",MAX(BK76-BN76,0))"
"=IF(B77="""","""",""LN""&TEXT(ROW()-1,""000""))","","=IFERROR(VLOOKUP(B77,Members!$B$2:$C$31,2,FALSE),"""")","","","=Settings!$B$10","","=IF(E77="""","""",E77)","=IF(OR(H77="""",G77<=0),"""",IFERROR(-PMT(F77,G77,E77),0))","=IF(H77="""","""",H77*F77)","=IF(I77="""","""",MIN(H77,MAX(I77-J77,0)))","=IF(H77="""","""",MAX(H77-K77,0))","=IF(L77="""","""",L77)","=IF(OR(M77="""",G77<=0),"""",IFERROR(-PMT(F77,G77,E77),0))","=IF(M77="""","""",M77*F77)","=IF(N77="""","""",MIN(M77,MAX(N77-O77,0)))","=IF(M77="""","""",MAX(M77-P77,0))","=IF(Q77="""","""",Q77)","=IF(OR(R77="""",G77<=0),"""",IFERROR(-PMT(F77,G77,E77),0))","=IF(R77="""","""",R77*F77)","=IF(S77="""","""",MIN(R77,MAX(S77-T77,0)))","=IF(R77="""","""",MAX(R77-U77,0))","=IF(V77="""","""",V77)","=IF(OR(W77="""",G77<=0),"""",IFERROR(-PMT(F77,G77,E77),0))","=IF(W77="""","""",W77*F77)","=IF(X77="""","""",MIN(W77,MAX(X77-Y77,0)))","=IF(W77="""","""",MAX(W77-Z77,0))","=IF(AA77="""","""",AA77)","=IF(OR(AB77="""",G77<=0),"""",IFERROR(-PMT(F77,G77,E77),0))","=IF(AB77="""","""",AB77*F77)","=IF(AC77="""","""",MIN(AB77,MAX(AC77-AD77,0)))","=IF(AB77="""","""",MAX(AB77-AE77,0))","=IF(AF77="""","""",AF77)","=IF(OR(AG77="""",G77<=0),"""",IFERROR(-PMT(F77,G77,E77),0))","=IF(AG77="""","""",AG77*F77)","=IF(AH77="""","""",MIN(AG77,MAX(AH77-AI77,0)))","=IF(AG77="""","""",MAX(AG77-AJ77,0))","=IF(AK77="""","""",AK77)","=IF(OR(AL77="""",G77<=0),"""",IFERROR(-PMT(F77,G77,E77),0))","=IF(AL77="""","""",AL77*F77)","=IF(AM77="""","""",MIN(AL77,MAX(AM77-AN77,0)))","=IF(AL77="""","""",MAX(AL77-AO77,0))","=IF(AP77="""","""",AP77)","=IF(OR(AQ77="""",G77<=0),"""",IFERROR(-PMT(F77,G77,E77),0))","=IF(AQ77="""","""",AQ77*F77)","=IF(AR77="""","""",MIN(AQ77,MAX(AR77-AS77,0)))","=IF(AQ77="""","""",MAX(AQ77-AT77,0))","=IF(AU77="""","""",AU77)","=IF(OR(AV77="""",G77<=0),"""",IFERROR(-PMT(F77,G77,E77),0))","=IF(AV77="""","""",AV77*F77)","=IF(AW77="""","""",MIN(AV77,MAX(AW77-AX77,0)))","=IF(AV77="""","""",MAX(AV77-AY77,0))","=IF(AZ77="""","""",AZ77)","=IF(OR(BA77="""",G77<=0),"""",IFERROR(-PMT(F77,G77,E77),0))","=IF(BA77="""","""",BA77*F77)","=IF(BB77="""","""",MIN(BA77,MAX(BB77-BC77,0)))","=IF(BA77="""","""",MAX(BA77-BD77,0))","=IF(BE77="""","""",BE77)","=IF(OR(BF77="""",G77<=0),"""",IFERROR(-PMT(F77,G77,E77),0))","=IF(BF77="""","""",BF77*F77)","=IF(BG77="""","""",MIN(BF77,MAX(BG77-BH77,0)))","=IF(BF77="""","""",MAX(BF77-BI77,0))","=IF(BJ77="""","""",BJ77)","=IF(OR(BK77="""",G77<=0),"""",IFERROR(-PMT(F77,G77,E77),0))","=IF(BK77="""","""",BK77*F77)","=IF(BL77="""","""",MIN(BK77,MAX(BL77-BM77,0)))","=IF(BK77="""","""",MAX(BK77-BN77,0))"
"=IF(B78="""","""",""LN""&TEXT(ROW()-1,""000""))","","=IFERROR(VLOOKUP(B78,Members!$B$2:$C$31,2,FALSE),"""")","","","=Settings!$B$10","","=IF(E78="""","""",E78)","=IF(OR(H78="""",G78<=0),"""",IFERROR(-PMT(F78,G78,E78),0))","=IF(H78="""","""",H78*F78)","=IF(I78="""","""",MIN(H78,MAX(I78-J78,0)))","=IF(H78="""","""",MAX(H78-K78,0))","=IF(L78="""","""",L78)","=IF(OR(M78="""",G78<=0),"""",IFERROR(-PMT(F78,G78,E78),0))","=IF(M78="""","""",M78*F78)","=IF(N78="""","""",MIN(M78,MAX(N78-O78,0)))","=IF(M78="""","""",MAX(M78-P78,0))","=IF(Q78="""","""",Q78)","=IF(OR(R78="""",G78<=0),"""",IFERROR(-PMT(F78,G78,E78),0))","=IF(R78="""","""",R78*F78)","=IF(S78="""","""",MIN(R78,MAX(S78-T78,0)))","=IF(R78="""","""",MAX(R78-U78,0))","=IF(V78="""","""",V78)","=IF(OR(W78="""",G78<=0),"""",IFERROR(-PMT(F78,G78,E78),0))","=IF(W78="""","""",W78*F78)","=IF(X78="""","""",MIN(W78,MAX(X78-Y78,0)))","=IF(W78="""","""",MAX(W78-Z78,0))","=IF(AA78="""","""",AA78)","=IF(OR(AB78="""",G78<=0),"""",IFERROR(-PMT(F78,G78,E78),0))","=IF(AB78="""","""",AB78*F78)","=IF(AC78="""","""",MIN(AB78,MAX(AC78-AD78,0)))","=IF(AB78="""","""",MAX(AB78-AE78,0))","=IF(AF78="""","""",AF78)","=IF(OR(AG78="""",G78<=0),"""",IFERROR(-PMT(F78,G78,E78),0))","=IF(AG78="""","""",AG78*F78)","=IF(AH78="""","""",MIN(AG78,MAX(AH78-AI78,0)))","=IF(AG78="""","""",MAX(AG78-AJ78,0))","=IF(AK78="""","""",AK78)","=IF(OR(AL78="""",G78<=0),"""",IFERROR(-PMT(F78,G78,E78),0))","=IF(AL78="""","""",AL78*F78)","=IF(AM78="""","""",MIN(AL78,MAX(AM78-AN78,0)))","=IF(AL78="""","""",MAX(AL78-AO78,0))","=IF(AP78="""","""",AP78)","=IF(OR(AQ78="""",G78<=0),"""",IFERROR(-PMT(F78,G78,E78),0))","=IF(AQ78="""","""",AQ78*F78)","=IF(AR78="""","""",MIN(AQ78,MAX(AR78-AS78,0)))","=IF(AQ78="""","""",MAX(AQ78-AT78,0))","=IF(AU78="""","""",AU78)","=IF(OR(AV78="""",G78<=0),"""",IFERROR(-PMT(F78,G78,E78),0))","=IF(AV78="""","""",AV78*F78)","=IF(AW78="""","""",MIN(AV78,MAX(AW78-AX78,0)))","=IF(AV78="""","""",MAX(AV78-AY78,0))","=IF(AZ78="""","""",AZ78)","=IF(OR(BA78="""",G78<=0),"""",IFERROR(-PMT(F78,G78,E78),0))","=IF(BA78="""","""",BA78*F78)","=IF(BB78="""","""",MIN(BA78,MAX(BB78-BC78,0)))","=IF(BA78="""","""",MAX(BA78-BD78,0))","=IF(BE78="""","""",BE78)","=IF(OR(BF78="""",G78<=0),"""",IFERROR(-PMT(F78,G78,E78),0))","=IF(BF78="""","""",BF78*F78)","=IF(BG78="""","""",MIN(BF78,MAX(BG78-BH78,0)))","=IF(BF78="""","""",MAX(BF78-BI78,0))","=IF(BJ78="""","""",BJ78)","=IF(OR(BK78="""",G78<=0),"""",IFERROR(-PMT(F78,G78,E78),0))","=IF(BK78="""","""",BK78*F78)","=IF(BL78="""","""",MIN(BK78,MAX(BL78-BM78,0)))","=IF(BK78="""","""",MAX(BK78-BN78,0))"
"=IF(B79="""","""",""LN""&TEXT(ROW()-1,""000""))","","=IFERROR(VLOOKUP(B79,Members!$B$2:$C$31,2,FALSE),"""")","","","=Settings!$B$10","","=IF(E79="""","""",E79)","=IF(OR(H79="""",G79<=0),"""",IFERROR(-PMT(F79,G79,E79),0))","=IF(H79="""","""",H79*F79)","=IF(I79="""","""",MIN(H79,MAX(I79-J79,0)))","=IF(H79="""","""",MAX(H79-K79,0))","=IF(L79="""","""",L79)","=IF(OR(M79="""",G79<=0),"""",IFERROR(-PMT(F79,G79,E79),0))","=IF(M79="""","""",M79*F79)","=IF(N79="""","""",MIN(M79,MAX(N79-O79,0)))","=IF(M79="""","""",MAX(M79-P79,0))","=IF(Q79="""","""",Q79)","=IF(OR(R79="""",G79<=0),"""",IFERROR(-PMT(F79,G79,E79),0))","=IF(R79="""","""",R79*F79)","=IF(S79="""","""",MIN(R79,MAX(S79-T79,0)))","=IF(R79="""","""",MAX(R79-U79,0))","=IF(V79="""","""",V79)","=IF(OR(W79="""",G79<=0),"""",IFERROR(-PMT(F79,G79,E79),0))","=IF(W79="""","""",W79*F79)","=IF(X79="""","""",MIN(W79,MAX(X79-Y79,0)))","=IF(W79="""","""",MAX(W79-Z79,0))","=IF(AA79="""","""",AA79)","=IF(OR(AB79="""",G79<=0),"""",IFERROR(-PMT(F79,G79,E79),0))","=IF(AB79="""","""",AB79*F79)","=IF(AC79="""","""",MIN(AB79,MAX(AC79-AD79,0)))","=IF(AB79="""","""",MAX(AB79-AE79,0))","=IF(AF79="""","""",AF79)","=IF(OR(AG79="""",G79<=0),"""",IFERROR(-PMT(F79,G79,E79),0))","=IF(AG79="""","""",AG79*F79)","=IF(AH79="""","""",MIN(AG79,MAX(AH79-AI79,0)))","=IF(AG79="""","""",MAX(AG79-AJ79,0))","=IF(AK79="""","""",AK79)","=IF(OR(AL79="""",G79<=0),"""",IFERROR(-PMT(F79,G79,E79),0))","=IF(AL79="""","""",AL79*F79)","=IF(AM79="""","""",MIN(AL79,MAX(AM79-AN79,0)))","=IF(AL79="""","""",MAX(AL79-AO79,0))","=IF(AP79="""","""",AP79)","=IF(OR(AQ79="""",G79<=0),"""",IFERROR(-PMT(F79,G79,E79),0))","=IF(AQ79="""","""",AQ79*F79)","=IF(AR79="""","""",MIN(AQ79,MAX(AR79-AS79,0)))","=IF(AQ79="""","""",MAX(AQ79-AT79,0))","=IF(AU79="""","""",AU79)","=IF(OR(AV79="""",G79<=0),"""",IFERROR(-PMT(F79,G79,E79),0))","=IF(AV79="""","""",AV79*F79)","=IF(AW79="""","""",MIN(AV79,MAX(AW79-AX79,0)))","=IF(AV79="""","""",MAX(AV79-AY79,0))","=IF(AZ79="""","""",AZ79)","=IF(OR(BA79="""",G79<=0),"""",IFERROR(-PMT(F79,G79,E79),0))","=IF(BA79="""","""",BA79*F79)","=IF(BB79="""","""",MIN(BA79,MAX(BB79-BC79,0)))","=IF(BA79="""","""",MAX(BA79-BD79,0))","=IF(BE79="""","""",BE79)","=IF(OR(BF79="""",G79<=0),"""",IFERROR(-PMT(F79,G79,E79),0))","=IF(BF79="""","""",BF79*F79)","=IF(BG79="""","""",MIN(BF79,MAX(BG79-BH79,0)))","=IF(BF79="""","""",MAX(BF79-BI79,0))","=IF(BJ79="""","""",BJ79)","=IF(OR(BK79="""",G79<=0),"""",IFERROR(-PMT(F79,G79,E79),0))","=IF(BK79="""","""",BK79*F79)","=IF(BL79="""","""",MIN(BK79,MAX(BL79-BM79,0)))","=IF(BK79="""","""",MAX(BK79-BN79,0))"
"=IF(B80="""","""",""LN""&TEXT(ROW()-1,""000""))","","=IFERROR(VLOOKUP(B80,Members!$B$2:$C$31,2,FALSE),"""")","","","=Settings!$B$10","","=IF(E80="""","""",E80)","=IF(OR(H80="""",G80<=0),"""",IFERROR(-PMT(F80,G80,E80),0))","=IF(H80="""","""",H80*F80)","=IF(I80="""","""",MIN(H80,MAX(I80-J80,0)))","=IF(H80="""","""",MAX(H80-K80,0))","=IF(L80="""","""",L80)","=IF(OR(M80="""",G80<=0),"""",IFERROR(-PMT(F80,G80,E80),0))","=IF(M80="""","""",M80*F80)","=IF(N80="""","""",MIN(M80,MAX(N80-O80,0)))","=IF(M80="""","""",MAX(M80-P80,0))","=IF(Q80="""","""",Q80)","=IF(OR(R80="""",G80<=0),"""",IFERROR(-PMT(F80,G80,E80),0))","=IF(R80="""","""",R80*F80)","=IF(S80="""","""",MIN(R80,MAX(S80-T80,0)))","=IF(R80="""","""",MAX(R80-U80,0))","=IF(V80="""","""",V80)","=IF(OR(W80="""",G80<=0),"""",IFERROR(-PMT(F80,G80,E80),0))","=IF(W80="""","""",W80*F80)","=IF(X80="""","""",MIN(W80,MAX(X80-Y80,0)))","=IF(W80="""","""",MAX(W80-Z80,0))","=IF(AA80="""","""",AA80)","=IF(OR(AB80="""",G80<=0),"""",IFERROR(-PMT(F80,G80,E80),0))","=IF(AB80="""","""",AB80*F80)","=IF(AC80="""","""",MIN(AB80,MAX(AC80-AD80,0)))","=IF(AB80="""","""",MAX(AB80-AE80,0))","=IF(AF80="""","""",AF80)","=IF(OR(AG80="""",G80<=0),"""",IFERROR(-PMT(F80,G80,E80),0))","=IF(AG80="""","""",AG80*F80)","=IF(AH80="""","""",MIN(AG80,MAX(AH80-AI80,0)))","=IF(AG80="""","""",MAX(AG80-AJ80,0))","=IF(AK80="""","""",AK80)","=IF(OR(AL80="""",G80<=0),"""",IFERROR(-PMT(F80,G80,E80),0))","=IF(AL80="""","""",AL80*F80)","=IF(AM80="""","""",MIN(AL80,MAX(AM80-AN80,0)))","=IF(AL80="""","""",MAX(AL80-AO80,0))","=IF(AP80="""","""",AP80)","=IF(OR(AQ80="""",G80<=0),"""",IFERROR(-PMT(F80,G80,E80),0))","=IF(AQ80="""","""",AQ80*F80)","=IF(AR80="""","""",MIN(AQ80,MAX(AR80-AS80,0)))","=IF(AQ80="""","""",MAX(AQ80-AT80,0))","=IF(AU80="""","""",AU80)","=IF(OR(AV80="""",G80<=0),"""",IFERROR(-PMT(F80,G80,E80),0))","=IF(AV80="""","""",AV80*F80)","=IF(AW80="""","""",MIN(AV80,MAX(AW80-AX80,0)))","=IF(AV80="""","""",MAX(AV80-AY80,0))","=IF(AZ80="""","""",AZ80)","=IF(OR(BA80="""",G80<=0),"""",IFERROR(-PMT(F80,G80,E80),0))","=IF(BA80="""","""",BA80*F80)","=IF(BB80="""","""",MIN(BA80,MAX(BB80-BC80,0)))","=IF(BA80="""","""",MAX(BA80-BD80,0))","=IF(BE80="""","""",BE80)","=IF(OR(BF80="""",G80<=0),"""",IFERROR(-PMT(F80,G80,E80),0))","=IF(BF80="""","""",BF80*F80)","=IF(BG80="""","""",MIN(BF80,MAX(BG80-BH80,0)))","=IF(BF80="""","""",MAX(BF80-BI80,0))","=IF(BJ80="""","""",BJ80)","=IF(OR(BK80="""",G80<=0),"""",IFERROR(-PMT(F80,G80,E80),0))","=IF(BK80="""","""",BK80*F80)","=IF(BL80="""","""",MIN(BK80,MAX(BL80-BM80,0)))","=IF(BK80="""","""",MAX(BK80-BN80,0))"
"=IF(B81="""","""",""LN""&TEXT(ROW()-1,""000""))","","=IFERROR(VLOOKUP(B81,Members!$B$2:$C$31,2,FALSE),"""")","","","=Settings!$B$10","","=IF(E81="""","""",E81)","=IF(OR(H81="""",G81<=0),"""",IFERROR(-PMT(F81,G81,E81),0))","=IF(H81="""","""",H81*F81)","=IF(I81="""","""",MIN(H81,MAX(I81-J81,0)))","=IF(H81="""","""",MAX(H81-K81,0))","=IF(L81="""","""",L81)","=IF(OR(M81="""",G81<=0),"""",IFERROR(-PMT(F81,G81,E81),0))","=IF(M81="""","""",M81*F81)","=IF(N81="""","""",MIN(M81,MAX(N81-O81,0)))","=IF(M81="""","""",MAX(M81-P81,0))","=IF(Q81="""","""",Q81)","=IF(OR(R81="""",G81<=0),"""",IFERROR(-PMT(F81,G81,E81),0))","=IF(R81="""","""",R81*F81)","=IF(S81="""","""",MIN(R81,MAX(S81-T81,0)))","=IF(R81="""","""",MAX(R81-U81,0))","=IF(V81="""","""",V81)","=IF(OR(W81="""",G81<=0),"""",IFERROR(-PMT(F81,G81,E81),0))","=IF(W81="""","""",W81*F81)","=IF(X81="""","""",MIN(W81,MAX(X81-Y81,0)))","=IF(W81="""","""",MAX(W81-Z81,0))","=IF(AA81="""","""",AA81)","=IF(OR(AB81="""",G81<=0),"""",IFERROR(-PMT(F81,G81,E81),0))","=IF(AB81="""","""",AB81*F81)","=IF(AC81="""","""",MIN(AB81,MAX(AC81-AD81,0)))","=IF(AB81="""","""",MAX(AB81-AE81,0))","=IF(AF81="""","""",AF81)","=IF(OR(AG81="""",G81<=0),"""",IFERROR(-PMT(F81,G81,E81),0))","=IF(AG81="""","""",AG81*F81)","=IF(AH81="""","""",MIN(AG81,MAX(AH81-AI81,0)))","=IF(AG81="""","""",MAX(AG81-AJ81,0))","=IF(AK81="""","""",AK81)","=IF(OR(AL81="""",G81<=0),"""",IFERROR(-PMT(F81,G81,E81),0))","=IF(AL81="""","""",AL81*F81)","=IF(AM81="""","""",MIN(AL81,MAX(AM81-AN81,0)))","=IF(AL81="""","""",MAX(AL81-AO81,0))","=IF(AP81="""","""",AP81)","=IF(OR(AQ81="""",G81<=0),"""",IFERROR(-PMT(F81,G81,E81),0))","=IF(AQ81="""","""",AQ81*F81)","=IF(AR81="""","""",MIN(AQ81,MAX(AR81-AS81,0)))","=IF(AQ81="""","""",MAX(AQ81-AT81,0))","=IF(AU81="""","""",AU81)","=IF(OR(AV81="""",G81<=0),"""",IFERROR(-PMT(F81,G81,E81),0))","=IF(AV81="""","""",AV81*F81)","=IF(AW81="""","""",MIN(AV81,MAX(AW81-AX81,0)))","=IF(AV81="""","""",MAX(AV81-AY81,0))","=IF(AZ81="""","""",AZ81)","=IF(OR(BA81="""",G81<=0),"""",IFERROR(-PMT(F81,G81,E81),0))","=IF(BA81="""","""",BA81*F81)","=IF(BB81="""","""",MIN(BA81,MAX(BB81-BC81,0)))","=IF(BA81="""","""",MAX(BA81-BD81,0))","=IF(BE81="""","""",BE81)","=IF(OR(BF81="""",G81<=0),"""",IFERROR(-PMT(F81,G81,E81),0))","=IF(BF81="""","""",BF81*F81)","=IF(BG81="""","""",MIN(BF81,MAX(BG81-BH81,0)))","=IF(BF81="""","""",MAX(BF81-BI81,0))","=IF(BJ81="""","""",BJ81)","=IF(OR(BK81="""",G81<=0),"""",IFERROR(-PMT(F81,G81,E81),0))","=IF(BK81="""","""",BK81*F81)","=IF(BL81="""","""",MIN(BK81,MAX(BL81-BM81,0)))","=IF(BK81="""","""",MAX(BK81-BN81,0))"
"=IF(B82="""","""",""LN""&TEXT(ROW()-1,""000""))","","=IFERROR(VLOOKUP(B82,Members!$B$2:$C$31,2,FALSE),"""")","","","=Settings!$B$10","","=IF(E82="""","""",E82)","=IF(OR(H82="""",G82<=0),"""",IFERROR(-PMT(F82,G82,E82),0))","=IF(H82="""","""",H82*F82)","=IF(I82="""","""",MIN(H82,MAX(I82-J82,0)))","=IF(H82="""","""",MAX(H82-K82,0))","=IF(L82="""","""",L82)","=IF(OR(M82="""",G82<=0),"""",IFERROR(-PMT(F82,G82,E82),0))","=IF(M82="""","""",M82*F82)","=IF(N82="""","""",MIN(M82,MAX(N82-O82,0)))","=IF(M82="""","""",MAX(M82-P82,0))","=IF(Q82="""","""",Q82)","=IF(OR(R82="""",G82<=0),"""",IFERROR(-PMT(F82,G82,E82),0))","=IF(R82="""","""",R82*F82)","=IF(S82="""","""",MIN(R82,MAX(S82-T82,0)))","=IF(R82="""","""",MAX(R82-U82,0))","=IF(V82="""","""",V82)","=IF(OR(W82="""",G82<=0),"""",IFERROR(-PMT(F82,G82,E82),0))","=IF(W82="""","""",W82*F82)","=IF(X82="""","""",MIN(W82,MAX(X82-Y82,0)))","=IF(W82="""","""",MAX(W82-Z82,0))","=IF(AA82="""","""",AA82)","=IF(OR(AB82="""",G82<=0),"""",IFERROR(-PMT(F82,G82,E82),0))","=IF(AB82="""","""",AB82*F82)","=IF(AC82="""","""",MIN(AB82,MAX(AC82-AD82,0)))","=IF(AB82="""","""",MAX(AB82-AE82,0))","=IF(AF82="""","""",AF82)","=IF(OR(AG82="""",G82<=0),"""",IFERROR(-PMT(F82,G82,E82),0))","=IF(AG82="""","""",AG82*F82)","=IF(AH82="""","""",MIN(AG82,MAX(AH82-AI82,0)))","=IF(AG82="""","""",MAX(AG82-AJ82,0))","=IF(AK82="""","""",AK82)","=IF(OR(AL82="""",G82<=0),"""",IFERROR(-PMT(F82,G82,E82),0))","=IF(AL82="""","""",AL82*F82)","=IF(AM82="""","""",MIN(AL82,MAX(AM82-AN82,0)))","=IF(AL82="""","""",MAX(AL82-AO82,0))","=IF(AP82="""","""",AP82)","=IF(OR(AQ82="""",G82<=0),"""",IFERROR(-PMT(F82,G82,E82),0))","=IF(AQ82="""","""",AQ82*F82)","=IF(AR82="""","""",MIN(AQ82,MAX(AR82-AS82,0)))","=IF(AQ82="""","""",MAX(AQ82-AT82,0))","=IF(AU82="""","""",AU82)","=IF(OR(AV82="""",G82<=0),"""",IFERROR(-PMT(F82,G82,E82),0))","=IF(AV82="""","""",AV82*F82)","=IF(AW82="""","""",MIN(AV82,MAX(AW82-AX82,0)))","=IF(AV82="""","""",MAX(AV82-AY82,0))","=IF(AZ82="""","""",AZ82)","=IF(OR(BA82="""",G82<=0),"""",IFERROR(-PMT(F82,G82,E82),0))","=IF(BA82="""","""",BA82*F82)","=IF(BB82="""","""",MIN(BA82,MAX(BB82-BC82,0)))","=IF(BA82="""","""",MAX(BA82-BD82,0))","=IF(BE82="""","""",BE82)","=IF(OR(BF82="""",G82<=0),"""",IFERROR(-PMT(F82,G82,E82),0))","=IF(BF82="""","""",BF82*F82)","=IF(BG82="""","""",MIN(BF82,MAX(BG82-BH82,0)))","=IF(BF82="""","""",MAX(BF82-BI82,0))","=IF(BJ82="""","""",BJ82)","=IF(OR(BK82="""",G82<=0),"""",IFERROR(-PMT(F82,G82,E82),0))","=IF(BK82="""","""",BK82*F82)","=IF(BL82="""","""",MIN(BK82,MAX(BL82-BM82,0)))","=IF(BK82="""","""",MAX(BK82-BN82,0))"
"=IF(B83="""","""",""LN""&TEXT(ROW()-1,""000""))","","=IFERROR(VLOOKUP(B83,Members!$B$2:$C$31,2,FALSE),"""")","","","=Settings!$B$10","","=IF(E83="""","""",E83)","=IF(OR(H83="""",G83<=0),"""",IFERROR(-PMT(F83,G83,E83),0))","=IF(H83="""","""",H83*F83)","=IF(I83="""","""",MIN(H83,MAX(I83-J83,0)))","=IF(H83="""","""",MAX(H83-K83,0))","=IF(L83="""","""",L83)","=IF(OR(M83="""",G83<=0),"""",IFERROR(-PMT(F83,G83,E83),0))","=IF(M83="""","""",M83*F83)","=IF(N83="""","""",MIN(M83,MAX(N83-O83,0)))","=IF(M83="""","""",MAX(M83-P83,0))","=IF(Q83="""","""",Q83)","=IF(OR(R83="""",G83<=0),"""",IFERROR(-PMT(F83,G83,E83),0))","=IF(R83="""","""",R83*F83)","=IF(S83="""","""",MIN(R83,MAX(S83-T83,0)))","=IF(R83="""","""",MAX(R83-U83,0))","=IF(V83="""","""",V83)","=IF(OR(W83="""",G83<=0),"""",IFERROR(-PMT(F83,G83,E83),0))","=IF(W83="""","""",W83*F83)","=IF(X83="""","""",MIN(W83,MAX(X83-Y83,0)))","=IF(W83="""","""",MAX(W83-Z83,0))","=IF(AA83="""","""",AA83)","=IF(OR(AB83="""",G83<=0),"""",IFERROR(-PMT(F83,G83,E83),0))","=IF(AB83="""","""",AB83*F83)","=IF(AC83="""","""",MIN(AB83,MAX(AC83-AD83,0)))","=IF(AB83="""","""",MAX(AB83-AE83,0))","=IF(AF83="""","""",AF83)","=IF(OR(AG83="""",G83<=0),"""",IFERROR(-PMT(F83,G83,E83),0))","=IF(AG83="""","""",AG83*F83)","=IF(AH83="""","""",MIN(AG83,MAX(AH83-AI83,0)))","=IF(AG83="""","""",MAX(AG83-AJ83,0))","=IF(AK83="""","""",AK83)","=IF(OR(AL83="""",G83<=0),"""",IFERROR(-PMT(F83,G83,E83),0))","=IF(AL83="""","""",AL83*F83)","=IF(AM83="""","""",MIN(AL83,MAX(AM83-AN83,0)))","=IF(AL83="""","""",MAX(AL83-AO83,0))","=IF(AP83="""","""",AP83)","=IF(OR(AQ83="""",G83<=0),"""",IFERROR(-PMT(F83,G83,E83),0))","=IF(AQ83="""","""",AQ83*F83)","=IF(AR83="""","""",MIN(AQ83,MAX(AR83-AS83,0)))","=IF(AQ83="""","""",MAX(AQ83-AT83,0))","=IF(AU83="""","""",AU83)","=IF(OR(AV83="""",G83<=0),"""",IFERROR(-PMT(F83,G83,E83),0))","=IF(AV83="""","""",AV83*F83)","=IF(AW83="""","""",MIN(AV83,MAX(AW83-AX83,0)))","=IF(AV83="""","""",MAX(AV83-AY83,0))","=IF(AZ83="""","""",AZ83)","=IF(OR(BA83="""",G83<=0),"""",IFERROR(-PMT(F83,G83,E83),0))","=IF(BA83="""","""",BA83*F83)","=IF(BB83="""","""",MIN(BA83,MAX(BB83-BC83,0)))","=IF(BA83="""","""",MAX(BA83-BD83,0))","=IF(BE83="""","""",BE83)","=IF(OR(BF83="""",G83<=0),"""",IFERROR(-PMT(F83,G83,E83),0))","=IF(BF83="""","""",BF83*F83)","=IF(BG83="""","""",MIN(BF83,MAX(BG83-BH83,0)))","=IF(BF83="""","""",MAX(BF83-BI83,0))","=IF(BJ83="""","""",BJ83)","=IF(OR(BK83="""",G83<=0),"""",IFERROR(-PMT(F83,G83,E83),0))","=IF(BK83="""","""",BK83*F83)","=IF(BL83="""","""",MIN(BK83,MAX(BL83-BM83,0)))","=IF(BK83="""","""",MAX(BK83-BN83,0))"
"=IF(B84="""","""",""LN""&TEXT(ROW()-1,""000""))","","=IFERROR(VLOOKUP(B84,Members!$B$2:$C$31,2,FALSE),"""")","","","=Settings!$B$10","","=IF(E84="""","""",E84)","=IF(OR(H84="""",G84<=0),"""",IFERROR(-PMT(F84,G84,E84),0))","=IF(H84="""","""",H84*F84)","=IF(I84="""","""",MIN(H84,MAX(I84-J84,0)))","=IF(H84="""","""",MAX(H84-K84,0))","=IF(L84="""","""",L84)","=IF(OR(M84="""",G84<=0),"""",IFERROR(-PMT(F84,G84,E84),0))","=IF(M84="""","""",M84*F84)","=IF(N84="""","""",MIN(M84,MAX(N84-O84,0)))","=IF(M84="""","""",MAX(M84-P84,0))","=IF(Q84="""","""",Q84)","=IF(OR(R84="""",G84<=0),"""",IFERROR(-PMT(F84,G84,E84),0))","=IF(R84="""","""",R84*F84)","=IF(S84="""","""",MIN(R84,MAX(S84-T84,0)))","=IF(R84="""","""",MAX(R84-U84,0))","=IF(V84="""","""",V84)","=IF(OR(W84="""",G84<=0),"""",IFERROR(-PMT(F84,G84,E84),0))","=IF(W84="""","""",W84*F84)","=IF(X84="""","""",MIN(W84,MAX(X84-Y84,0)))","=IF(W84="""","""",MAX(W84-Z84,0))","=IF(AA84="""","""",AA84)","=IF(OR(AB84="""",G84<=0),"""",IFERROR(-PMT(F84,G84,E84),0))","=IF(AB84="""","""",AB84*F84)","=IF(AC84="""","""",MIN(AB84,MAX(AC84-AD84,0)))","=IF(AB84="""","""",MAX(AB84-AE84,0))","=IF(AF84="""","""",AF84)","=IF(OR(AG84="""",G84<=0),"""",IFERROR(-PMT(F84,G84,E84),0))","=IF(AG84="""","""",AG84*F84)","=IF(AH84="""","""",MIN(AG84,MAX(AH84-AI84,0)))","=IF(AG84="""","""",MAX(AG84-AJ84,0))","=IF(AK84="""","""",AK84)","=IF(OR(AL84="""",G84<=0),"""",IFERROR(-PMT(F84,G84,E84),0))","=IF(AL84="""","""",AL84*F84)","=IF(AM84="""","""",MIN(AL84,MAX(AM84-AN84,0)))","=IF(AL84="""","""",MAX(AL84-AO84,0))","=IF(AP84="""","""",AP84)","=IF(OR(AQ84="""",G84<=0),"""",IFERROR(-PMT(F84,G84,E84),0))","=IF(AQ84="""","""",AQ84*F84)","=IF(AR84="""","""",MIN(AQ84,MAX(AR84-AS84,0)))","=IF(AQ84="""","""",MAX(AQ84-AT84,0))","=IF(AU84="""","""",AU84)","=IF(OR(AV84="""",G84<=0),"""",IFERROR(-PMT(F84,G84,E84),0))","=IF(AV84="""","""",AV84*F84)","=IF(AW84="""","""",MIN(AV84,MAX(AW84-AX84,0)))","=IF(AV84="""","""",MAX(AV84-AY84,0))","=IF(AZ84="""","""",AZ84)","=IF(OR(BA84="""",G84<=0),"""",IFERROR(-PMT(F84,G84,E84),0))","=IF(BA84="""","""",BA84*F84)","=IF(BB84="""","""",MIN(BA84,MAX(BB84-BC84,0)))","=IF(BA84="""","""",MAX(BA84-BD84,0))","=IF(BE84="""","""",BE84)","=IF(OR(BF84="""",G84<=0),"""",IFERROR(-PMT(F84,G84,E84),0))","=IF(BF84="""","""",BF84*F84)","=IF(BG84="""","""",MIN(BF84,MAX(BG84-BH84,0)))","=IF(BF84="""","""",MAX(BF84-BI84,0))","=IF(BJ84="""","""",BJ84)","=IF(OR(BK84="""",G84<=0),"""",IFERROR(-PMT(F84,G84,E84),0))","=IF(BK84="""","""",BK84*F84)","=IF(BL84="""","""",MIN(BK84,MAX(BL84-BM84,0)))","=IF(BK84="""","""",MAX(BK84-BN84,0))"
"=IF(B85="""","""",""LN""&TEXT(ROW()-1,""000""))","","=IFERROR(VLOOKUP(B85,Members!$B$2:$C$31,2,FALSE),"""")","","","=Settings!$B$10","","=IF(E85="""","""",E85)","=IF(OR(H85="""",G85<=0),"""",IFERROR(-PMT(F85,G85,E85),0))","=IF(H85="""","""",H85*F85)","=IF(I85="""","""",MIN(H85,MAX(I85-J85,0)))","=IF(H85="""","""",MAX(H85-K85,0))","=IF(L85="""","""",L85)","=IF(OR(M85="""",G85<=0),"""",IFERROR(-PMT(F85,G85,E85),0))","=IF(M85="""","""",M85*F85)","=IF(N85="""","""",MIN(M85,MAX(N85-O85,0)))","=IF(M85="""","""",MAX(M85-P85,0))","=IF(Q85="""","""",Q85)","=IF(OR(R85="""",G85<=0),"""",IFERROR(-PMT(F85,G85,E85),0))","=IF(R85="""","""",R85*F85)","=IF(S85="""","""",MIN(R85,MAX(S85-T85,0)))","=IF(R85="""","""",MAX(R85-U85,0))","=IF(V85="""","""",V85)","=IF(OR(W85="""",G85<=0),"""",IFERROR(-PMT(F85,G85,E85),0))","=IF(W85="""","""",W85*F85)","=IF(X85="""","""",MIN(W85,MAX(X85-Y85,0)))","=IF(W85="""","""",MAX(W85-Z85,0))","=IF(AA85="""","""",AA85)","=IF(OR(AB85="""",G85<=0),"""",IFERROR(-PMT(F85,G85,E85),0))","=IF(AB85="""","""",AB85*F85)","=IF(AC85="""","""",MIN(AB85,MAX(AC85-AD85,0)))","=IF(AB85="""","""",MAX(AB85-AE85,0))","=IF(AF85="""","""",AF85)","=IF(OR(AG85="""",G85<=0),"""",IFERROR(-PMT(F85,G85,E85),0))","=IF(AG85="""","""",AG85*F85)","=IF(AH85="""","""",MIN(AG85,MAX(AH85-AI85,0)))","=IF(AG85="""","""",MAX(AG85-AJ85,0))","=IF(AK85="""","""",AK85)","=IF(OR(AL85="""",G85<=0),"""",IFERROR(-PMT(F85,G85,E85),0))","=IF(AL85="""","""",AL85*F85)","=IF(AM85="""","""",MIN(AL85,MAX(AM85-AN85,0)))","=IF(AL85="""","""",MAX(AL85-AO85,0))","=IF(AP85="""","""",AP85)","=IF(OR(AQ85="""",G85<=0),"""",IFERROR(-PMT(F85,G85,E85),0))","=IF(AQ85="""","""",AQ85*F85)","=IF(AR85="""","""",MIN(AQ85,MAX(AR85-AS85,0)))","=IF(AQ85="""","""",MAX(AQ85-AT85,0))","=IF(AU85="""","""",AU85)","=IF(OR(AV85="""",G85<=0),"""",IFERROR(-PMT(F85,G85,E85),0))","=IF(AV85="""","""",AV85*F85)","=IF(AW85="""","""",MIN(AV85,MAX(AW85-AX85,0)))","=IF(AV85="""","""",MAX(AV85-AY85,0))","=IF(AZ85="""","""",AZ85)","=IF(OR(BA85="""",G85<=0),"""",IFERROR(-PMT(F85,G85,E85),0))","=IF(BA85="""","""",BA85*F85)","=IF(BB85="""","""",MIN(BA85,MAX(BB85-BC85,0)))","=IF(BA85="""","""",MAX(BA85-BD85,0))","=IF(BE85="""","""",BE85)","=IF(OR(BF85="""",G85<=0),"""",IFERROR(-PMT(F85,G85,E85),0))","=IF(BF85="""","""",BF85*F85)","=IF(BG85="""","""",MIN(BF85,MAX(BG85-BH85,0)))","=IF(BF85="""","""",MAX(BF85-BI85,0))","=IF(BJ85="""","""",BJ85)","=IF(OR(BK85="""",G85<=0),"""",IFERROR(-PMT(F85,G85,E85),0))","=IF(BK85="""","""",BK85*F85)","=IF(BL85="""","""",MIN(BK85,MAX(BL85-BM85,0)))","=IF(BK85="""","""",MAX(BK85-BN85,0))"
"=IF(B86="""","""",""LN""&TEXT(ROW()-1,""000""))","","=IFERROR(VLOOKUP(B86,Members!$B$2:$C$31,2,FALSE),"""")","","","=Settings!$B$10","","=IF(E86="""","""",E86)","=IF(OR(H86="""",G86<=0),"""",IFERROR(-PMT(F86,G86,E86),0))","=IF(H86="""","""",H86*F86)","=IF(I86="""","""",MIN(H86,MAX(I86-J86,0)))","=IF(H86="""","""",MAX(H86-K86,0))","=IF(L86="""","""",L86)","=IF(OR(M86="""",G86<=0),"""",IFERROR(-PMT(F86,G86,E86),0))","=IF(M86="""","""",M86*F86)","=IF(N86="""","""",MIN(M86,MAX(N86-O86,0)))","=IF(M86="""","""",MAX(M86-P86,0))","=IF(Q86="""","""",Q86)","=IF(OR(R86="""",G86<=0),"""",IFERROR(-PMT(F86,G86,E86),0))","=IF(R86="""","""",R86*F86)","=IF(S86="""","""",MIN(R86,MAX(S86-T86,0)))","=IF(R86="""","""",MAX(R86-U86,0))","=IF(V86="""","""",V86)","=IF(OR(W86="""",G86<=0),"""",IFERROR(-PMT(F86,G86,E86),0))","=IF(W86="""","""",W86*F86)","=IF(X86="""","""",MIN(W86,MAX(X86-Y86,0)))","=IF(W86="""","""",MAX(W86-Z86,0))","=IF(AA86="""","""",AA86)","=IF(OR(AB86="""",G86<=0),"""",IFERROR(-PMT(F86,G86,E86),0))","=IF(AB86="""","""",AB86*F86)","=IF(AC86="""","""",MIN(AB86,MAX(AC86-AD86,0)))","=IF(AB86="""","""",MAX(AB86-AE86,0))","=IF(AF86="""","""",AF86)","=IF(OR(AG86="""",G86<=0),"""",IFERROR(-PMT(F86,G86,E86),0))","=IF(AG86="""","""",AG86*F86)","=IF(AH86="""","""",MIN(AG86,MAX(AH86-AI86,0)))","=IF(AG86="""","""",MAX(AG86-AJ86,0))","=IF(AK86="""","""",AK86)","=IF(OR(AL86="""",G86<=0),"""",IFERROR(-PMT(F86,G86,E86),0))","=IF(AL86="""","""",AL86*F86)","=IF(AM86="""","""",MIN(AL86,MAX(AM86-AN86,0)))","=IF(AL86="""","""",MAX(AL86-AO86,0))","=IF(AP86="""","""",AP86)","=IF(OR(AQ86="""",G86<=0),"""",IFERROR(-PMT(F86,G86,E86),0))","=IF(AQ86="""","""",AQ86*F86)","=IF(AR86="""","""",MIN(AQ86,MAX(AR86-AS86,0)))","=IF(AQ86="""","""",MAX(AQ86-AT86,0))","=IF(AU86="""","""",AU86)","=IF(OR(AV86="""",G86<=0),"""",IFERROR(-PMT(F86,G86,E86),0))","=IF(AV86="""","""",AV86*F86)","=IF(AW86="""","""",MIN(AV86,MAX(AW86-AX86,0)))","=IF(AV86="""","""",MAX(AV86-AY86,0))","=IF(AZ86="""","""",AZ86)","=IF(OR(BA86="""",G86<=0),"""",IFERROR(-PMT(F86,G86,E86),0))","=IF(BA86="""","""",BA86*F86)","=IF(BB86="""","""",MIN(BA86,MAX(BB86-BC86,0)))","=IF(BA86="""","""",MAX(BA86-BD86,0))","=IF(BE86="""","""",BE86)","=IF(OR(BF86="""",G86<=0),"""",IFERROR(-PMT(F86,G86,E86),0))","=IF(BF86="""","""",BF86*F86)","=IF(BG86="""","""",MIN(BF86,MAX(BG86-BH86,0)))","=IF(BF86="""","""",MAX(BF86-BI86,0))","=IF(BJ86="""","""",BJ86)","=IF(OR(BK86="""",G86<=0),"""",IFERROR(-PMT(F86,G86,E86),0))","=IF(BK86="""","""",BK86*F86)","=IF(BL86="""","""",MIN(BK86,MAX(BL86-BM86,0)))","=IF(BK86="""","""",MAX(BK86-BN86,0))"
"=IF(B87="""","""",""LN""&TEXT(ROW()-1,""000""))","","=IFERROR(VLOOKUP(B87,Members!$B$2:$C$31,2,FALSE),"""")","","","=Settings!$B$10","","=IF(E87="""","""",E87)","=IF(OR(H87="""",G87<=0),"""",IFERROR(-PMT(F87,G87,E87),0))","=IF(H87="""","""",H87*F87)","=IF(I87="""","""",MIN(H87,MAX(I87-J87,0)))","=IF(H87="""","""",MAX(H87-K87,0))","=IF(L87="""","""",L87)","=IF(OR(M87="""",G87<=0),"""",IFERROR(-PMT(F87,G87,E87),0))","=IF(M87="""","""",M87*F87)","=IF(N87="""","""",MIN(M87,MAX(N87-O87,0)))","=IF(M87="""","""",MAX(M87-P87,0))","=IF(Q87="""","""",Q87)","=IF(OR(R87="""",G87<=0),"""",IFERROR(-PMT(F87,G87,E87),0))","=IF(R87="""","""",R87*F87)","=IF(S87="""","""",MIN(R87,MAX(S87-T87,0)))","=IF(R87="""","""",MAX(R87-U87,0))","=IF(V87="""","""",V87)","=IF(OR(W87="""",G87<=0),"""",IFERROR(-PMT(F87,G87,E87),0))","=IF(W87="""","""",W87*F87)","=IF(X87="""","""",MIN(W87,MAX(X87-Y87,0)))","=IF(W87="""","""",MAX(W87-Z87,0))","=IF(AA87="""","""",AA87)","=IF(OR(AB87="""",G87<=0),"""",IFERROR(-PMT(F87,G87,E87),0))","=IF(AB87="""","""",AB87*F87)","=IF(AC87="""","""",MIN(AB87,MAX(AC87-AD87,0)))","=IF(AB87="""","""",MAX(AB87-AE87,0))","=IF(AF87="""","""",AF87)","=IF(OR(AG87="""",G87<=0),"""",IFERROR(-PMT(F87,G87,E87),0))","=IF(AG87="""","""",AG87*F87)","=IF(AH87="""","""",MIN(AG87,MAX(AH87-AI87,0)))","=IF(AG87="""","""",MAX(AG87-AJ87,0))","=IF(AK87="""","""",AK87)","=IF(OR(AL87="""",G87<=0),"""",IFERROR(-PMT(F87,G87,E87),0))","=IF(AL87="""","""",AL87*F87)","=IF(AM87="""","""",MIN(AL87,MAX(AM87-AN87,0)))","=IF(AL87="""","""",MAX(AL87-AO87,0))","=IF(AP87="""","""",AP87)","=IF(OR(AQ87="""",G87<=0),"""",IFERROR(-PMT(F87,G87,E87),0))","=IF(AQ87="""","""",AQ87*F87)","=IF(AR87="""","""",MIN(AQ87,MAX(AR87-AS87,0)))","=IF(AQ87="""","""",MAX(AQ87-AT87,0))","=IF(AU87="""","""",AU87)","=IF(OR(AV87="""",G87<=0),"""",IFERROR(-PMT(F87,G87,E87),0))","=IF(AV87="""","""",AV87*F87)","=IF(AW87="""","""",MIN(AV87,MAX(AW87-AX87,0)))","=IF(AV87="""","""",MAX(AV87-AY87,0))","=IF(AZ87="""","""",AZ87)","=IF(OR(BA87="""",G87<=0),"""",IFERROR(-PMT(F87,G87,E87),0))","=IF(BA87="""","""",BA87*F87)","=IF(BB87="""","""",MIN(BA87,MAX(BB87-BC87,0)))","=IF(BA87="""","""",MAX(BA87-BD87,0))","=IF(BE87="""","""",BE87)","=IF(OR(BF87="""",G87<=0),"""",IFERROR(-PMT(F87,G87,E87),0))","=IF(BF87="""","""",BF87*F87)","=IF(BG87="""","""",MIN(BF87,MAX(BG87-BH87,0)))","=IF(BF87="""","""",MAX(BF87-BI87,0))","=IF(BJ87="""","""",BJ87)","=IF(OR(BK87="""",G87<=0),"""",IFERROR(-PMT(F87,G87,E87),0))","=IF(BK87="""","""",BK87*F87)","=IF(BL87="""","""",MIN(BK87,MAX(BL87-BM87,0)))","=IF(BK87="""","""",MAX(BK87-BN87,0))"
"=IF(B88="""","""",""LN""&TEXT(ROW()-1,""000""))","","=IFERROR(VLOOKUP(B88,Members!$B$2:$C$31,2,FALSE),"""")","","","=Settings!$B$10","","=IF(E88="""","""",E88)","=IF(OR(H88="""",G88<=0),"""",IFERROR(-PMT(F88,G88,E88),0))","=IF(H88="""","""",H88*F88)","=IF(I88="""","""",MIN(H88,MAX(I88-J88,0)))","=IF(H88="""","""",MAX(H88-K88,0))","=IF(L88="""","""",L88)","=IF(OR(M88="""",G88<=0),"""",IFERROR(-PMT(F88,G88,E88),0))","=IF(M88="""","""",M88*F88)","=IF(N88="""","""",MIN(M88,MAX(N88-O88,0)))","=IF(M88="""","""",MAX(M88-P88,0))","=IF(Q88="""","""",Q88)","=IF(OR(R88="""",G88<=0),"""",IFERROR(-PMT(F88,G88,E88),0))","=IF(R88="""","""",R88*F88)","=IF(S88="""","""",MIN(R88,MAX(S88-T88,0)))","=IF(R88="""","""",MAX(R88-U88,0))","=IF(V88="""","""",V88)","=IF(OR(W88="""",G88<=0),"""",IFERROR(-PMT(F88,G88,E88),0))","=IF(W88="""","""",W88*F88)","=IF(X88="""","""",MIN(W88,MAX(X88-Y88,0)))","=IF(W88="""","""",MAX(W88-Z88,0))","=IF(AA88="""","""",AA88)","=IF(OR(AB88="""",G88<=0),"""",IFERROR(-PMT(F88,G88,E88),0))","=IF(AB88="""","""",AB88*F88)","=IF(AC88="""","""",MIN(AB88,MAX(AC88-AD88,0)))","=IF(AB88="""","""",MAX(AB88-AE88,0))","=IF(AF88="""","""",AF88)","=IF(OR(AG88="""",G88<=0),"""",IFERROR(-PMT(F88,G88,E88),0))","=IF(AG88="""","""",AG88*F88)","=IF(AH88="""","""",MIN(AG88,MAX(AH88-AI88,0)))","=IF(AG88="""","""",MAX(AG88-AJ88,0))","=IF(AK88="""","""",AK88)","=IF(OR(AL88="""",G88<=0),"""",IFERROR(-PMT(F88,G88,E88),0))","=IF(AL88="""","""",AL88*F88)","=IF(AM88="""","""",MIN(AL88,MAX(AM88-AN88,0)))","=IF(AL88="""","""",MAX(AL88-AO88,0))","=IF(AP88="""","""",AP88)","=IF(OR(AQ88="""",G88<=0),"""",IFERROR(-PMT(F88,G88,E88),0))","=IF(AQ88="""","""",AQ88*F88)","=IF(AR88="""","""",MIN(AQ88,MAX(AR88-AS88,0)))","=IF(AQ88="""","""",MAX(AQ88-AT88,0))","=IF(AU88="""","""",AU88)","=IF(OR(AV88="""",G88<=0),"""",IFERROR(-PMT(F88,G88,E88),0))","=IF(AV88="""","""",AV88*F88)","=IF(AW88="""","""",MIN(AV88,MAX(AW88-AX88,0)))","=IF(AV88="""","""",MAX(AV88-AY88,0))","=IF(AZ88="""","""",AZ88)","=IF(OR(BA88="""",G88<=0),"""",IFERROR(-PMT(F88,G88,E88),0))","=IF(BA88="""","""",BA88*F88)","=IF(BB88="""","""",MIN(BA88,MAX(BB88-BC88,0)))","=IF(BA88="""","""",MAX(BA88-BD88,0))","=IF(BE88="""","""",BE88)","=IF(OR(BF88="""",G88<=0),"""",IFERROR(-PMT(F88,G88,E88),0))","=IF(BF88="""","""",BF88*F88)","=IF(BG88="""","""",MIN(BF88,MAX(BG88-BH88,0)))","=IF(BF88="""","""",MAX(BF88-BI88,0))","=IF(BJ88="""","""",BJ88)","=IF(OR(BK88="""",G88<=0),"""",IFERROR(-PMT(F88,G88,E88),0))","=IF(BK88="""","""",BK88*F88)","=IF(BL88="""","""",MIN(BK88,MAX(BL88-BM88,0)))","=IF(BK88="""","""",MAX(BK88-BN88,0))"
"=IF(B89="""","""",""LN""&TEXT(ROW()-1,""000""))","","=IFERROR(VLOOKUP(B89,Members!$B$2:$C$31,2,FALSE),"""")","","","=Settings!$B$10","","=IF(E89="""","""",E89)","=IF(OR(H89="""",G89<=0),"""",IFERROR(-PMT(F89,G89,E89),0))","=IF(H89="""","""",H89*F89)","=IF(I89="""","""",MIN(H89,MAX(I89-J89,0)))","=IF(H89="""","""",MAX(H89-K89,0))","=IF(L89="""","""",L89)","=IF(OR(M89="""",G89<=0),"""",IFERROR(-PMT(F89,G89,E89),0))","=IF(M89="""","""",M89*F89)","=IF(N89="""","""",MIN(M89,MAX(N89-O89,0)))","=IF(M89="""","""",MAX(M89-P89,0))","=IF(Q89="""","""",Q89)","=IF(OR(R89="""",G89<=0),"""",IFERROR(-PMT(F89,G89,E89),0))","=IF(R89="""","""",R89*F89)","=IF(S89="""","""",MIN(R89,MAX(S89-T89,0)))","=IF(R89="""","""",MAX(R89-U89,0))","=IF(V89="""","""",V89)","=IF(OR(W89="""",G89<=0),"""",IFERROR(-PMT(F89,G89,E89),0))","=IF(W89="""","""",W89*F89)","=IF(X89="""","""",MIN(W89,MAX(X89-Y89,0)))","=IF(W89="""","""",MAX(W89-Z89,0))","=IF(AA89="""","""",AA89)","=IF(OR(AB89="""",G89<=0),"""",IFERROR(-PMT(F89,G89,E89),0))","=IF(AB89="""","""",AB89*F89)","=IF(AC89="""","""",MIN(AB89,MAX(AC89-AD89,0)))","=IF(AB89="""","""",MAX(AB89-AE89,0))","=IF(AF89="""","""",AF89)","=IF(OR(AG89="""",G89<=0),"""",IFERROR(-PMT(F89,G89,E89),0))","=IF(AG89="""","""",AG89*F89)","=IF(AH89="""","""",MIN(AG89,MAX(AH89-AI89,0)))","=IF(AG89="""","""",MAX(AG89-AJ89,0))","=IF(AK89="""","""",AK89)","=IF(OR(AL89="""",G89<=0),"""",IFERROR(-PMT(F89,G89,E89),0))","=IF(AL89="""","""",AL89*F89)","=IF(AM89="""","""",MIN(AL89,MAX(AM89-AN89,0)))","=IF(AL89="""","""",MAX(AL89-AO89,0))","=IF(AP89="""","""",AP89)","=IF(OR(AQ89="""",G89<=0),"""",IFERROR(-PMT(F89,G89,E89),0))","=IF(AQ89="""","""",AQ89*F89)","=IF(AR89="""","""",MIN(AQ89,MAX(AR89-AS89,0)))","=IF(AQ89="""","""",MAX(AQ89-AT89,0))","=IF(AU89="""","""",AU89)","=IF(OR(AV89="""",G89<=0),"""",IFERROR(-PMT(F89,G89,E89),0))","=IF(AV89="""","""",AV89*F89)","=IF(AW89="""","""",MIN(AV89,MAX(AW89-AX89,0)))","=IF(AV89="""","""",MAX(AV89-AY89,0))","=IF(AZ89="""","""",AZ89)","=IF(OR(BA89="""",G89<=0),"""",IFERROR(-PMT(F89,G89,E89),0))","=IF(BA89="""","""",BA89*F89)","=IF(BB89="""","""",MIN(BA89,MAX(BB89-BC89,0)))","=IF(BA89="""","""",MAX(BA89-BD89,0))","=IF(BE89="""","""",BE89)","=IF(OR(BF89="""",G89<=0),"""",IFERROR(-PMT(F89,G89,E89),0))","=IF(BF89="""","""",BF89*F89)","=IF(BG89="""","""",MIN(BF89,MAX(BG89-BH89,0)))","=IF(BF89="""","""",MAX(BF89-BI89,0))","=IF(BJ89="""","""",BJ89)","=IF(OR(BK89="""",G89<=0),"""",IFERROR(-PMT(F89,G89,E89),0))","=IF(BK89="""","""",BK89*F89)","=IF(BL89="""","""",MIN(BK89,MAX(BL89-BM89,0)))","=IF(BK89="""","""",MAX(BK89-BN89,0))"
"=IF(B90="""","""",""LN""&TEXT(ROW()-1,""000""))","","=IFERROR(VLOOKUP(B90,Members!$B$2:$C$31,2,FALSE),"""")","","","=Settings!$B$10","","=IF(E90="""","""",E90)","=IF(OR(H90="""",G90<=0),"""",IFERROR(-PMT(F90,G90,E90),0))","=IF(H90="""","""",H90*F90)","=IF(I90="""","""",MIN(H90,MAX(I90-J90,0)))","=IF(H90="""","""",MAX(H90-K90,0))","=IF(L90="""","""",L90)","=IF(OR(M90="""",G90<=0),"""",IFERROR(-PMT(F90,G90,E90),0))","=IF(M90="""","""",M90*F90)","=IF(N90="""","""",MIN(M90,MAX(N90-O90,0)))","=IF(M90="""","""",MAX(M90-P90,0))","=IF(Q90="""","""",Q90)","=IF(OR(R90="""",G90<=0),"""",IFERROR(-PMT(F90,G90,E90),0))","=IF(R90="""","""",R90*F90)","=IF(S90="""","""",MIN(R90,MAX(S90-T90,0)))","=IF(R90="""","""",MAX(R90-U90,0))","=IF(V90="""","""",V90)","=IF(OR(W90="""",G90<=0),"""",IFERROR(-PMT(F90,G90,E90),0))","=IF(W90="""","""",W90*F90)","=IF(X90="""","""",MIN(W90,MAX(X90-Y90,0)))","=IF(W90="""","""",MAX(W90-Z90,0))","=IF(AA90="""","""",AA90)","=IF(OR(AB90="""",G90<=0),"""",IFERROR(-PMT(F90,G90,E90),0))","=IF(AB90="""","""",AB90*F90)","=IF(AC90="""","""",MIN(AB90,MAX(AC90-AD90,0)))","=IF(AB90="""","""",MAX(AB90-AE90,0))","=IF(AF90="""","""",AF90)","=IF(OR(AG90="""",G90<=0),"""",IFERROR(-PMT(F90,G90,E90),0))","=IF(AG90="""","""",AG90*F90)","=IF(AH90="""","""",MIN(AG90,MAX(AH90-AI90,0)))","=IF(AG90="""","""",MAX(AG90-AJ90,0))","=IF(AK90="""","""",AK90)","=IF(OR(AL90="""",G90<=0),"""",IFERROR(-PMT(F90,G90,E90),0))","=IF(AL90="""","""",AL90*F90)","=IF(AM90="""","""",MIN(AL90,MAX(AM90-AN90,0)))","=IF(AL90="""","""",MAX(AL90-AO90,0))","=IF(AP90="""","""",AP90)","=IF(OR(AQ90="""",G90<=0),"""",IFERROR(-PMT(F90,G90,E90),0))","=IF(AQ90="""","""",AQ90*F90)","=IF(AR90="""","""",MIN(AQ90,MAX(AR90-AS90,0)))","=IF(AQ90="""","""",MAX(AQ90-AT90,0))","=IF(AU90="""","""",AU90)","=IF(OR(AV90="""",G90<=0),"""",IFERROR(-PMT(F90,G90,E90),0))","=IF(AV90="""","""",AV90*F90)","=IF(AW90="""","""",MIN(AV90,MAX(AW90-AX90,0)))","=IF(AV90="""","""",MAX(AV90-AY90,0))","=IF(AZ90="""","""",AZ90)","=IF(OR(BA90="""",G90<=0),"""",IFERROR(-PMT(F90,G90,E90),0))","=IF(BA90="""","""",BA90*F90)","=IF(BB90="""","""",MIN(BA90,MAX(BB90-BC90,0)))","=IF(BA90="""","""",MAX(BA90-BD90,0))","=IF(BE90="""","""",BE90)","=IF(OR(BF90="""",G90<=0),"""",IFERROR(-PMT(F90,G90,E90),0))","=IF(BF90="""","""",BF90*F90)","=IF(BG90="""","""",MIN(BF90,MAX(BG90-BH90,0)))","=IF(BF90="""","""",MAX(BF90-BI90,0))","=IF(BJ90="""","""",BJ90)","=IF(OR(BK90="""",G90<=0),"""",IFERROR(-PMT(F90,G90,E90),0))","=IF(BK90="""","""",BK90*F90)","=IF(BL90="""","""",MIN(BK90,MAX(BL90-BM90,0)))","=IF(BK90="""","""",MAX(BK90-BN90,0))"
"=IF(B91="""","""",""LN""&TEXT(ROW()-1,""000""))","","=IFERROR(VLOOKUP(B91,Members!$B$2:$C$31,2,FALSE),"""")","","","=Settings!$B$10","","=IF(E91="""","""",E91)","=IF(OR(H91="""",G91<=0),"""",IFERROR(-PMT(F91,G91,E91),0))","=IF(H91="""","""",H91*F91)","=IF(I91="""","""",MIN(H91,MAX(I91-J91,0)))","=IF(H91="""","""",MAX(H91-K91,0))","=IF(L91="""","""",L91)","=IF(OR(M91="""",G91<=0),"""",IFERROR(-PMT(F91,G91,E91),0))","=IF(M91="""","""",M91*F91)","=IF(N91="""","""",MIN(M91,MAX(N91-O91,0)))","=IF(M91="""","""",MAX(M91-P91,0))","=IF(Q91="""","""",Q91)","=IF(OR(R91="""",G91<=0),"""",IFERROR(-PMT(F91,G91,E91),0))","=IF(R91="""","""",R91*F91)","=IF(S91="""","""",MIN(R91,MAX(S91-T91,0)))","=IF(R91="""","""",MAX(R91-U91,0))","=IF(V91="""","""",V91)","=IF(OR(W91="""",G91<=0),"""",IFERROR(-PMT(F91,G91,E91),0))","=IF(W91="""","""",W91*F91)","=IF(X91="""","""",MIN(W91,MAX(X91-Y91,0)))","=IF(W91="""","""",MAX(W91-Z91,0))","=IF(AA91="""","""",AA91)","=IF(OR(AB91="""",G91<=0),"""",IFERROR(-PMT(F91,G91,E91),0))","=IF(AB91="""","""",AB91*F91)","=IF(AC91="""","""",MIN(AB91,MAX(AC91-AD91,0)))","=IF(AB91="""","""",MAX(AB91-AE91,0))","=IF(AF91="""","""",AF91)","=IF(OR(AG91="""",G91<=0),"""",IFERROR(-PMT(F91,G91,E91),0))","=IF(AG91="""","""",AG91*F91)","=IF(AH91="""","""",MIN(AG91,MAX(AH91-AI91,0)))","=IF(AG91="""","""",MAX(AG91-AJ91,0))","=IF(AK91="""","""",AK91)","=IF(OR(AL91="""",G91<=0),"""",IFERROR(-PMT(F91,G91,E91),0))","=IF(AL91="""","""",AL91*F91)","=IF(AM91="""","""",MIN(AL91,MAX(AM91-AN91,0)))","=IF(AL91="""","""",MAX(AL91-AO91,0))","=IF(AP91="""","""",AP91)","=IF(OR(AQ91="""",G91<=0),"""",IFERROR(-PMT(F91,G91,E91),0))","=IF(AQ91="""","""",AQ91*F91)","=IF(AR91="""","""",MIN(AQ91,MAX(AR91-AS91,0)))","=IF(AQ91="""","""",MAX(AQ91-AT91,0))","=IF(AU91="""","""",AU91)","=IF(OR(AV91="""",G91<=0),"""",IFERROR(-PMT(F91,G91,E91),0))","=IF(AV91="""","""",AV91*F91)","=IF(AW91="""","""",MIN(AV91,MAX(AW91-AX91,0)))","=IF(AV91="""","""",MAX(AV91-AY91,0))","=IF(AZ91="""","""",AZ91)","=IF(OR(BA91="""",G91<=0),"""",IFERROR(-PMT(F91,G91,E91),0))","=IF(BA91="""","""",BA91*F91)","=IF(BB91="""","""",MIN(BA91,MAX(BB91-BC91,0)))","=IF(BA91="""","""",MAX(BA91-BD91,0))","=IF(BE91="""","""",BE91)","=IF(OR(BF91="""",G91<=0),"""",IFERROR(-PMT(F91,G91,E91),0))","=IF(BF91="""","""",BF91*F91)","=IF(BG91="""","""",MIN(BF91,MAX(BG91-BH91,0)))","=IF(BF91="""","""",MAX(BF91-BI91,0))","=IF(BJ91="""","""",BJ91)","=IF(OR(BK91="""",G91<=0),"""",IFERROR(-PMT(F91,G91,E91),0))","=IF(BK91="""","""",BK91*F91)","=IF(BL91="""","""",MIN(BK91,MAX(BL91-BM91,0)))","=IF(BK91="""","""",MAX(BK91-BN91,0))"
"=IF(B92="""","""",""LN""&TEXT(ROW()-1,""000""))","","=IFERROR(VLOOKUP(B92,Members!$B$2:$C$31,2,FALSE),"""")","","","=Settings!$B$10","","=IF(E92="""","""",E92)","=IF(OR(H92="""",G92<=0),"""",IFERROR(-PMT(F92,G92,E92),0))","=IF(H92="""","""",H92*F92)","=IF(I92="""","""",MIN(H92,MAX(I92-J92,0)))","=IF(H92="""","""",MAX(H92-K92,0))","=IF(L92="""","""",L92)","=IF(OR(M92="""",G92<=0),"""",IFERROR(-PMT(F92,G92,E92),0))","=IF(M92="""","""",M92*F92)","=IF(N92="""","""",MIN(M92,MAX(N92-O92,0)))","=IF(M92="""","""",MAX(M92-P92,0))","=IF(Q92="""","""",Q92)","=IF(OR(R92="""",G92<=0),"""",IFERROR(-PMT(F92,G92,E92),0))","=IF(R92="""","""",R92*F92)","=IF(S92="""","""",MIN(R92,MAX(S92-T92,0)))","=IF(R92="""","""",MAX(R92-U92,0))","=IF(V92="""","""",V92)","=IF(OR(W92="""",G92<=0),"""",IFERROR(-PMT(F92,G92,E92),0))","=IF(W92="""","""",W92*F92)","=IF(X92="""","""",MIN(W92,MAX(X92-Y92,0)))","=IF(W92="""","""",MAX(W92-Z92,0))","=IF(AA92="""","""",AA92)","=IF(OR(AB92="""",G92<=0),"""",IFERROR(-PMT(F92,G92,E92),0))","=IF(AB92="""","""",AB92*F92)","=IF(AC92="""","""",MIN(AB92,MAX(AC92-AD92,0)))","=IF(AB92="""","""",MAX(AB92-AE92,0))","=IF(AF92="""","""",AF92)","=IF(OR(AG92="""",G92<=0),"""",IFERROR(-PMT(F92,G92,E92),0))","=IF(AG92="""","""",AG92*F92)","=IF(AH92="""","""",MIN(AG92,MAX(AH92-AI92,0)))","=IF(AG92="""","""",MAX(AG92-AJ92,0))","=IF(AK92="""","""",AK92)","=IF(OR(AL92="""",G92<=0),"""",IFERROR(-PMT(F92,G92,E92),0))","=IF(AL92="""","""",AL92*F92)","=IF(AM92="""","""",MIN(AL92,MAX(AM92-AN92,0)))","=IF(AL92="""","""",MAX(AL92-AO92,0))","=IF(AP92="""","""",AP92)","=IF(OR(AQ92="""",G92<=0),"""",IFERROR(-PMT(F92,G92,E92),0))","=IF(AQ92="""","""",AQ92*F92)","=IF(AR92="""","""",MIN(AQ92,MAX(AR92-AS92,0)))","=IF(AQ92="""","""",MAX(AQ92-AT92,0))","=IF(AU92="""","""",AU92)","=IF(OR(AV92="""",G92<=0),"""",IFERROR(-PMT(F92,G92,E92),0))","=IF(AV92="""","""",AV92*F92)","=IF(AW92="""","""",MIN(AV92,MAX(AW92-AX92,0)))","=IF(AV92="""","""",MAX(AV92-AY92,0))","=IF(AZ92="""","""",AZ92)","=IF(OR(BA92="""",G92<=0),"""",IFERROR(-PMT(F92,G92,E92),0))","=IF(BA92="""","""",BA92*F92)","=IF(BB92="""","""",MIN(BA92,MAX(BB92-BC92,0)))","=IF(BA92="""","""",MAX(BA92-BD92,0))","=IF(BE92="""","""",BE92)","=IF(OR(BF92="""",G92<=0),"""",IFERROR(-PMT(F92,G92,E92),0))","=IF(BF92="""","""",BF92*F92)","=IF(BG92="""","""",MIN(BF92,MAX(BG92-BH92,0)))","=IF(BF92="""","""",MAX(BF92-BI92,0))","=IF(BJ92="""","""",BJ92)","=IF(OR(BK92="""",G92<=0),"""",IFERROR(-PMT(F92,G92,E92),0))","=IF(BK92="""","""",BK92*F92)","=IF(BL92="""","""",MIN(BK92,MAX(BL92-BM92,0)))","=IF(BK92="""","""",MAX(BK92-BN92,0))"
"=IF(B93="""","""",""LN""&TEXT(ROW()-1,""000""))","","=IFERROR(VLOOKUP(B93,Members!$B$2:$C$31,2,FALSE),"""")","","","=Settings!$B$10","","=IF(E93="""","""",E93)","=IF(OR(H93="""",G93<=0),"""",IFERROR(-PMT(F93,G93,E93),0))","=IF(H93="""","""",H93*F93)","=IF(I93="""","""",MIN(H93,MAX(I93-J93,0)))","=IF(H93="""","""",MAX(H93-K93,0))","=IF(L93="""","""",L93)","=IF(OR(M93="""",G93<=0),"""",IFERROR(-PMT(F93,G93,E93),0))","=IF(M93="""","""",M93*F93)","=IF(N93="""","""",MIN(M93,MAX(N93-O93,0)))","=IF(M93="""","""",MAX(M93-P93,0))","=IF(Q93="""","""",Q93)","=IF(OR(R93="""",G93<=0),"""",IFERROR(-PMT(F93,G93,E93),0))","=IF(R93="""","""",R93*F93)","=IF(S93="""","""",MIN(R93,MAX(S93-T93,0)))","=IF(R93="""","""",MAX(R93-U93,0))","=IF(V93="""","""",V93)","=IF(OR(W93="""",G93<=0),"""",IFERROR(-PMT(F93,G93,E93),0))","=IF(W93="""","""",W93*F93)","=IF(X93="""","""",MIN(W93,MAX(X93-Y93,0)))","=IF(W93="""","""",MAX(W93-Z93,0))","=IF(AA93="""","""",AA93)","=IF(OR(AB93="""",G93<=0),"""",IFERROR(-PMT(F93,G93,E93),0))","=IF(AB93="""","""",AB93*F93)","=IF(AC93="""","""",MIN(AB93,MAX(AC93-AD93,0)))","=IF(AB93="""","""",MAX(AB93-AE93,0))","=IF(AF93="""","""",AF93)","=IF(OR(AG93="""",G93<=0),"""",IFERROR(-PMT(F93,G93,E93),0))","=IF(AG93="""","""",AG93*F93)","=IF(AH93="""","""",MIN(AG93,MAX(AH93-AI93,0)))","=IF(AG93="""","""",MAX(AG93-AJ93,0))","=IF(AK93="""","""",AK93)","=IF(OR(AL93="""",G93<=0),"""",IFERROR(-PMT(F93,G93,E93),0))","=IF(AL93="""","""",AL93*F93)","=IF(AM93="""","""",MIN(AL93,MAX(AM93-AN93,0)))","=IF(AL93="""","""",MAX(AL93-AO93,0))","=IF(AP93="""","""",AP93)","=IF(OR(AQ93="""",G93<=0),"""",IFERROR(-PMT(F93,G93,E93),0))","=IF(AQ93="""","""",AQ93*F93)","=IF(AR93="""","""",MIN(AQ93,MAX(AR93-AS93,0)))","=IF(AQ93="""","""",MAX(AQ93-AT93,0))","=IF(AU93="""","""",AU93)","=IF(OR(AV93="""",G93<=0),"""",IFERROR(-PMT(F93,G93,E93),0))","=IF(AV93="""","""",AV93*F93)","=IF(AW93="""","""",MIN(AV93,MAX(AW93-AX93,0)))","=IF(AV93="""","""",MAX(AV93-AY93,0))","=IF(AZ93="""","""",AZ93)","=IF(OR(BA93="""",G93<=0),"""",IFERROR(-PMT(F93,G93,E93),0))","=IF(BA93="""","""",BA93*F93)","=IF(BB93="""","""",MIN(BA93,MAX(BB93-BC93,0)))","=IF(BA93="""","""",MAX(BA93-BD93,0))","=IF(BE93="""","""",BE93)","=IF(OR(BF93="""",G93<=0),"""",IFERROR(-PMT(F93,G93,E93),0))","=IF(BF93="""","""",BF93*F93)","=IF(BG93="""","""",MIN(BF93,MAX(BG93-BH93,0)))","=IF(BF93="""","""",MAX(BF93-BI93,0))","=IF(BJ93="""","""",BJ93)","=IF(OR(BK93="""",G93<=0),"""",IFERROR(-PMT(F93,G93,E93),0))","=IF(BK93="""","""",BK93*F93)","=IF(BL93="""","""",MIN(BK93,MAX(BL93-BM93,0)))","=IF(BK93="""","""",MAX(BK93-BN93,0))"
"=IF(B94="""","""",""LN""&TEXT(ROW()-1,""000""))","","=IFERROR(VLOOKUP(B94,Members!$B$2:$C$31,2,FALSE),"""")","","","=Settings!$B$10","","=IF(E94="""","""",E94)","=IF(OR(H94="""",G94<=0),"""",IFERROR(-PMT(F94,G94,E94),0))","=IF(H94="""","""",H94*F94)","=IF(I94="""","""",MIN(H94,MAX(I94-J94,0)))","=IF(H94="""","""",MAX(H94-K94,0))","=IF(L94="""","""",L94)","=IF(OR(M94="""",G94<=0),"""",IFERROR(-PMT(F94,G94,E94),0))","=IF(M94="""","""",M94*F94)","=IF(N94="""","""",MIN(M94,MAX(N94-O94,0)))","=IF(M94="""","""",MAX(M94-P94,0))","=IF(Q94="""","""",Q94)","=IF(OR(R94="""",G94<=0),"""",IFERROR(-PMT(F94,G94,E94),0))","=IF(R94="""","""",R94*F94)","=IF(S94="""","""",MIN(R94,MAX(S94-T94,0)))","=IF(R94="""","""",MAX(R94-U94,0))","=IF(V94="""","""",V94)","=IF(OR(W94="""",G94<=0),"""",IFERROR(-PMT(F94,G94,E94),0))","=IF(W94="""","""",W94*F94)","=IF(X94="""","""",MIN(W94,MAX(X94-Y94,0)))","=IF(W94="""","""",MAX(W94-Z94,0))","=IF(AA94="""","""",AA94)","=IF(OR(AB94="""",G94<=0),"""",IFERROR(-PMT(F94,G94,E94),0))","=IF(AB94="""","""",AB94*F94)","=IF(AC94="""","""",MIN(AB94,MAX(AC94-AD94,0)))","=IF(AB94="""","""",MAX(AB94-AE94,0))","=IF(AF94="""","""",AF94)","=IF(OR(AG94="""",G94<=0),"""",IFERROR(-PMT(F94,G94,E94),0))","=IF(AG94="""","""",AG94*F94)","=IF(AH94="""","""",MIN(AG94,MAX(AH94-AI94,0)))","=IF(AG94="""","""",MAX(AG94-AJ94,0))","=IF(AK94="""","""",AK94)","=IF(OR(AL94="""",G94<=0),"""",IFERROR(-PMT(F94,G94,E94),0))","=IF(AL94="""","""",AL94*F94)","=IF(AM94="""","""",MIN(AL94,MAX(AM94-AN94,0)))","=IF(AL94="""","""",MAX(AL94-AO94,0))","=IF(AP94="""","""",AP94)","=IF(OR(AQ94="""",G94<=0),"""",IFERROR(-PMT(F94,G94,E94),0))","=IF(AQ94="""","""",AQ94*F94)","=IF(AR94="""","""",MIN(AQ94,MAX(AR94-AS94,0)))","=IF(AQ94="""","""",MAX(AQ94-AT94,0))","=IF(AU94="""","""",AU94)","=IF(OR(AV94="""",G94<=0),"""",IFERROR(-PMT(F94,G94,E94),0))","=IF(AV94="""","""",AV94*F94)","=IF(AW94="""","""",MIN(AV94,MAX(AW94-AX94,0)))","=IF(AV94="""","""",MAX(AV94-AY94,0))","=IF(AZ94="""","""",AZ94)","=IF(OR(BA94="""",G94<=0),"""",IFERROR(-PMT(F94,G94,E94),0))","=IF(BA94="""","""",BA94*F94)","=IF(BB94="""","""",MIN(BA94,MAX(BB94-BC94,0)))","=IF(BA94="""","""",MAX(BA94-BD94,0))","=IF(BE94="""","""",BE94)","=IF(OR(BF94="""",G94<=0),"""",IFERROR(-PMT(F94,G94,E94),0))","=IF(BF94="""","""",BF94*F94)","=IF(BG94="""","""",MIN(BF94,MAX(BG94-BH94,0)))","=IF(BF94="""","""",MAX(BF94-BI94,0))","=IF(BJ94="""","""",BJ94)","=IF(OR(BK94="""",G94<=0),"""",IFERROR(-PMT(F94,G94,E94),0))","=IF(BK94="""","""",BK94*F94)","=IF(BL94="""","""",MIN(BK94,MAX(BL94-BM94,0)))","=IF(BK94="""","""",MAX(BK94-BN94,0))"
"=IF(B95="""","""",""LN""&TEXT(ROW()-1,""000""))","","=IFERROR(VLOOKUP(B95,Members!$B$2:$C$31,2,FALSE),"""")","","","=Settings!$B$10","","=IF(E95="""","""",E95)","=IF(OR(H95="""",G95<=0),"""",IFERROR(-PMT(F95,G95,E95),0))","=IF(H95="""","""",H95*F95)","=IF(I95="""","""",MIN(H95,MAX(I95-J95,0)))","=IF(H95="""","""",MAX(H95-K95,0))","=IF(L95="""","""",L95)","=IF(OR(M95="""",G95<=0),"""",IFERROR(-PMT(F95,G95,E95),0))","=IF(M95="""","""",M95*F95)","=IF(N95="""","""",MIN(M95,MAX(N95-O95,0)))","=IF(M95="""","""",MAX(M95-P95,0))","=IF(Q95="""","""",Q95)","=IF(OR(R95="""",G95<=0),"""",IFERROR(-PMT(F95,G95,E95),0))","=IF(R95="""","""",R95*F95)","=IF(S95="""","""",MIN(R95,MAX(S95-T95,0)))","=IF(R95="""","""",MAX(R95-U95,0))","=IF(V95="""","""",V95)","=IF(OR(W95="""",G95<=0),"""",IFERROR(-PMT(F95,G95,E95),0))","=IF(W95="""","""",W95*F95)","=IF(X95="""","""",MIN(W95,MAX(X95-Y95,0)))","=IF(W95="""","""",MAX(W95-Z95,0))","=IF(AA95="""","""",AA95)","=IF(OR(AB95="""",G95<=0),"""",IFERROR(-PMT(F95,G95,E95),0))","=IF(AB95="""","""",AB95*F95)","=IF(AC95="""","""",MIN(AB95,MAX(AC95-AD95,0)))","=IF(AB95="""","""",MAX(AB95-AE95,0))","=IF(AF95="""","""",AF95)","=IF(OR(AG95="""",G95<=0),"""",IFERROR(-PMT(F95,G95,E95),0))","=IF(AG95="""","""",AG95*F95)","=IF(AH95="""","""",MIN(AG95,MAX(AH95-AI95,0)))","=IF(AG95="""","""",MAX(AG95-AJ95,0))","=IF(AK95="""","""",AK95)","=IF(OR(AL95="""",G95<=0),"""",IFERROR(-PMT(F95,G95,E95),0))","=IF(AL95="""","""",AL95*F95)","=IF(AM95="""","""",MIN(AL95,MAX(AM95-AN95,0)))","=IF(AL95="""","""",MAX(AL95-AO95,0))","=IF(AP95="""","""",AP95)","=IF(OR(AQ95="""",G95<=0),"""",IFERROR(-PMT(F95,G95,E95),0))","=IF(AQ95="""","""",AQ95*F95)","=IF(AR95="""","""",MIN(AQ95,MAX(AR95-AS95,0)))","=IF(AQ95="""","""",MAX(AQ95-AT95,0))","=IF(AU95="""","""",AU95)","=IF(OR(AV95="""",G95<=0),"""",IFERROR(-PMT(F95,G95,E95),0))","=IF(AV95="""","""",AV95*F95)","=IF(AW95="""","""",MIN(AV95,MAX(AW95-AX95,0)))","=IF(AV95="""","""",MAX(AV95-AY95,0))","=IF(AZ95="""","""",AZ95)","=IF(OR(BA95="""",G95<=0),"""",IFERROR(-PMT(F95,G95,E95),0))","=IF(BA95="""","""",BA95*F95)","=IF(BB95="""","""",MIN(BA95,MAX(BB95-BC95,0)))","=IF(BA95="""","""",MAX(BA95-BD95,0))","=IF(BE95="""","""",BE95)","=IF(OR(BF95="""",G95<=0),"""",IFERROR(-PMT(F95,G95,E95),0))","=IF(BF95="""","""",BF95*F95)","=IF(BG95="""","""",MIN(BF95,MAX(BG95-BH95,0)))","=IF(BF95="""","""",MAX(BF95-BI95,0))","=IF(BJ95="""","""",BJ95)","=IF(OR(BK95="""",G95<=0),"""",IFERROR(-PMT(F95,G95,E95),0))","=IF(BK95="""","""",BK95*F95)","=IF(BL95="""","""",MIN(BK95,MAX(BL95-BM95,0)))","=IF(BK95="""","""",MAX(BK95-BN95,0))"
"=IF(B96="""","""",""LN""&TEXT(ROW()-1,""000""))","","=IFERROR(VLOOKUP(B96,Members!$B$2:$C$31,2,FALSE),"""")","","","=Settings!$B$10","","=IF(E96="""","""",E96)","=IF(OR(H96="""",G96<=0),"""",IFERROR(-PMT(F96,G96,E96),0))","=IF(H96="""","""",H96*F96)","=IF(I96="""","""",MIN(H96,MAX(I96-J96,0)))","=IF(H96="""","""",MAX(H96-K96,0))","=IF(L96="""","""",L96)","=IF(OR(M96="""",G96<=0),"""",IFERROR(-PMT(F96,G96,E96),0))","=IF(M96="""","""",M96*F96)","=IF(N96="""","""",MIN(M96,MAX(N96-O96,0)))","=IF(M96="""","""",MAX(M96-P96,0))","=IF(Q96="""","""",Q96)","=IF(OR(R96="""",G96<=0),"""",IFERROR(-PMT(F96,G96,E96),0))","=IF(R96="""","""",R96*F96)","=IF(S96="""","""",MIN(R96,MAX(S96-T96,0)))","=IF(R96="""","""",MAX(R96-U96,0))","=IF(V96="""","""",V96)","=IF(OR(W96="""",G96<=0),"""",IFERROR(-PMT(F96,G96,E96),0))","=IF(W96="""","""",W96*F96)","=IF(X96="""","""",MIN(W96,MAX(X96-Y96,0)))","=IF(W96="""","""",MAX(W96-Z96,0))","=IF(AA96="""","""",AA96)","=IF(OR(AB96="""",G96<=0),"""",IFERROR(-PMT(F96,G96,E96),0))","=IF(AB96="""","""",AB96*F96)","=IF(AC96="""","""",MIN(AB96,MAX(AC96-AD96,0)))","=IF(AB96="""","""",MAX(AB96-AE96,0))","=IF(AF96="""","""",AF96)","=IF(OR(AG96="""",G96<=0),"""",IFERROR(-PMT(F96,G96,E96),0))","=IF(AG96="""","""",AG96*F96)","=IF(AH96="""","""",MIN(AG96,MAX(AH96-AI96,0)))","=IF(AG96="""","""",MAX(AG96-AJ96,0))","=IF(AK96="""","""",AK96)","=IF(OR(AL96="""",G96<=0),"""",IFERROR(-PMT(F96,G96,E96),0))","=IF(AL96="""","""",AL96*F96)","=IF(AM96="""","""",MIN(AL96,MAX(AM96-AN96,0)))","=IF(AL96="""","""",MAX(AL96-AO96,0))","=IF(AP96="""","""",AP96)","=IF(OR(AQ96="""",G96<=0),"""",IFERROR(-PMT(F96,G96,E96),0))","=IF(AQ96="""","""",AQ96*F96)","=IF(AR96="""","""",MIN(AQ96,MAX(AR96-AS96,0)))","=IF(AQ96="""","""",MAX(AQ96-AT96,0))","=IF(AU96="""","""",AU96)","=IF(OR(AV96="""",G96<=0),"""",IFERROR(-PMT(F96,G96,E96),0))","=IF(AV96="""","""",AV96*F96)","=IF(AW96="""","""",MIN(AV96,MAX(AW96-AX96,0)))","=IF(AV96="""","""",MAX(AV96-AY96,0))","=IF(AZ96="""","""",AZ96)","=IF(OR(BA96="""",G96<=0),"""",IFERROR(-PMT(F96,G96,E96),0))","=IF(BA96="""","""",BA96*F96)","=IF(BB96="""","""",MIN(BA96,MAX(BB96-BC96,0)))","=IF(BA96="""","""",MAX(BA96-BD96,0))","=IF(BE96="""","""",BE96)","=IF(OR(BF96="""",G96<=0),"""",IFERROR(-PMT(F96,G96,E96),0))","=IF(BF96="""","""",BF96*F96)","=IF(BG96="""","""",MIN(BF96,MAX(BG96-BH96,0)))","=IF(BF96="""","""",MAX(BF96-BI96,0))","=IF(BJ96="""","""",BJ96)","=IF(OR(BK96="""",G96<=0),"""",IFERROR(-PMT(F96,G96,E96),0))","=IF(BK96="""","""",BK96*F96)","=IF(BL96="""","""",MIN(BK96,MAX(BL96-BM96,0)))","=IF(BK96="""","""",MAX(BK96-BN96,0))"
"=IF(B97="""","""",""LN""&TEXT(ROW()-1,""000""))","","=IFERROR(VLOOKUP(B97,Members!$B$2:$C$31,2,FALSE),"""")","","","=Settings!$B$10","","=IF(E97="""","""",E97)","=IF(OR(H97="""",G97<=0),"""",IFERROR(-PMT(F97,G97,E97),0))","=IF(H97="""","""",H97*F97)","=IF(I97="""","""",MIN(H97,MAX(I97-J97,0)))","=IF(H97="""","""",MAX(H97-K97,0))","=IF(L97="""","""",L97)","=IF(OR(M97="""",G97<=0),"""",IFERROR(-PMT(F97,G97,E97),0))","=IF(M97="""","""",M97*F97)","=IF(N97="""","""",MIN(M97,MAX(N97-O97,0)))","=IF(M97="""","""",MAX(M97-P97,0))","=IF(Q97="""","""",Q97)","=IF(OR(R97="""",G97<=0),"""",IFERROR(-PMT(F97,G97,E97),0))","=IF(R97="""","""",R97*F97)","=IF(S97="""","""",MIN(R97,MAX(S97-T97,0)))","=IF(R97="""","""",MAX(R97-U97,0))","=IF(V97="""","""",V97)","=IF(OR(W97="""",G97<=0),"""",IFERROR(-PMT(F97,G97,E97),0))","=IF(W97="""","""",W97*F97)","=IF(X97="""","""",MIN(W97,MAX(X97-Y97,0)))","=IF(W97="""","""",MAX(W97-Z97,0))","=IF(AA97="""","""",AA97)","=IF(OR(AB97="""",G97<=0),"""",IFERROR(-PMT(F97,G97,E97),0))","=IF(AB97="""","""",AB97*F97)","=IF(AC97="""","""",MIN(AB97,MAX(AC97-AD97,0)))","=IF(AB97="""","""",MAX(AB97-AE97,0))","=IF(AF97="""","""",AF97)","=IF(OR(AG97="""",G97<=0),"""",IFERROR(-PMT(F97,G97,E97),0))","=IF(AG97="""","""",AG97*F97)","=IF(AH97="""","""",MIN(AG97,MAX(AH97-AI97,0)))","=IF(AG97="""","""",MAX(AG97-AJ97,0))","=IF(AK97="""","""",AK97)","=IF(OR(AL97="""",G97<=0),"""",IFERROR(-PMT(F97,G97,E97),0))","=IF(AL97="""","""",AL97*F97)","=IF(AM97="""","""",MIN(AL97,MAX(AM97-AN97,0)))","=IF(AL97="""","""",MAX(AL97-AO97,0))","=IF(AP97="""","""",AP97)","=IF(OR(AQ97="""",G97<=0),"""",IFERROR(-PMT(F97,G97,E97),0))","=IF(AQ97="""","""",AQ97*F97)","=IF(AR97="""","""",MIN(AQ97,MAX(AR97-AS97,0)))","=IF(AQ97="""","""",MAX(AQ97-AT97,0))","=IF(AU97="""","""",AU97)","=IF(OR(AV97="""",G97<=0),"""",IFERROR(-PMT(F97,G97,E97),0))","=IF(AV97="""","""",AV97*F97)","=IF(AW97="""","""",MIN(AV97,MAX(AW97-AX97,0)))","=IF(AV97="""","""",MAX(AV97-AY97,0))","=IF(AZ97="""","""",AZ97)","=IF(OR(BA97="""",G97<=0),"""",IFERROR(-PMT(F97,G97,E97),0))","=IF(BA97="""","""",BA97*F97)","=IF(BB97="""","""",MIN(BA97,MAX(BB97-BC97,0)))","=IF(BA97="""","""",MAX(BA97-BD97,0))","=IF(BE97="""","""",BE97)","=IF(OR(BF97="""",G97<=0),"""",IFERROR(-PMT(F97,G97,E97),0))","=IF(BF97="""","""",BF97*F97)","=IF(BG97="""","""",MIN(BF97,MAX(BG97-BH97,0)))","=IF(BF97="""","""",MAX(BF97-BI97,0))","=IF(BJ97="""","""",BJ97)","=IF(OR(BK97="""",G97<=0),"""",IFERROR(-PMT(F97,G97,E97),0))","=IF(BK97="""","""",BK97*F97)","=IF(BL97="""","""",MIN(BK97,MAX(BL97-BM97,0)))","=IF(BK97="""","""",MAX(BK97-BN97,0))"
"=IF(B98="""","""",""LN""&TEXT(ROW()-1,""000""))","","=IFERROR(VLOOKUP(B98,Members!$B$2:$C$31,2,FALSE),"""")","","","=Settings!$B$10","","=IF(E98="""","""",E98)","=IF(OR(H98="""",G98<=0),"""",IFERROR(-PMT(F98,G98,E98),0))","=IF(H98="""","""",H98*F98)","=IF(I98="""","""",MIN(H98,MAX(I98-J98,0)))","=IF(H98="""","""",MAX(H98-K98,0))","=IF(L98="""","""",L98)","=IF(OR(M98="""",G98<=0),"""",IFERROR(-PMT(F98,G98,E98),0))","=IF(M98="""","""",M98*F98)","=IF(N98="""","""",MIN(M98,MAX(N98-O98,0)))","=IF(M98="""","""",MAX(M98-P98,0))","=IF(Q98="""","""",Q98)","=IF(OR(R98="""",G98<=0),"""",IFERROR(-PMT(F98,G98,E98),0))","=IF(R98="""","""",R98*F98)","=IF(S98="""","""",MIN(R98,MAX(S98-T98,0)))","=IF(R98="""","""",MAX(R98-U98,0))","=IF(V98="""","""",V98)","=IF(OR(W98="""",G98<=0),"""",IFERROR(-PMT(F98,G98,E98),0))","=IF(W98="""","""",W98*F98)","=IF(X98="""","""",MIN(W98,MAX(X98-Y98,0)))","=IF(W98="""","""",MAX(W98-Z98,0))","=IF(AA98="""","""",AA98)","=IF(OR(AB98="""",G98<=0),"""",IFERROR(-PMT(F98,G98,E98),0))","=IF(AB98="""","""",AB98*F98)","=IF(AC98="""","""",MIN(AB98,MAX(AC98-AD98,0)))","=IF(AB98="""","""",MAX(AB98-AE98,0))","=IF(AF98="""","""",AF98)","=IF(OR(AG98="""",G98<=0),"""",IFERROR(-PMT(F98,G98,E98),0))","=IF(AG98="""","""",AG98*F98)","=IF(AH98="""","""",MIN(AG98,MAX(AH98-AI98,0)))","=IF(AG98="""","""",MAX(AG98-AJ98,0))","=IF(AK98="""","""",AK98)","=IF(OR(AL98="""",G98<=0),"""",IFERROR(-PMT(F98,G98,E98),0))","=IF(AL98="""","""",AL98*F98)","=IF(AM98="""","""",MIN(AL98,MAX(AM98-AN98,0)))","=IF(AL98="""","""",MAX(AL98-AO98,0))","=IF(AP98="""","""",AP98)","=IF(OR(AQ98="""",G98<=0),"""",IFERROR(-PMT(F98,G98,E98),0))","=IF(AQ98="""","""",AQ98*F98)","=IF(AR98="""","""",MIN(AQ98,MAX(AR98-AS98,0)))","=IF(AQ98="""","""",MAX(AQ98-AT98,0))","=IF(AU98="""","""",AU98)","=IF(OR(AV98="""",G98<=0),"""",IFERROR(-PMT(F98,G98,E98),0))","=IF(AV98="""","""",AV98*F98)","=IF(AW98="""","""",MIN(AV98,MAX(AW98-AX98,0)))","=IF(AV98="""","""",MAX(AV98-AY98,0))","=IF(AZ98="""","""",AZ98)","=IF(OR(BA98="""",G98<=0),"""",IFERROR(-PMT(F98,G98,E98),0))","=IF(BA98="""","""",BA98*F98)","=IF(BB98="""","""",MIN(BA98,MAX(BB98-BC98,0)))","=IF(BA98="""","""",MAX(BA98-BD98,0))","=IF(BE98="""","""",BE98)","=IF(OR(BF98="""",G98<=0),"""",IFERROR(-PMT(F98,G98,E98),0))","=IF(BF98="""","""",BF98*F98)","=IF(BG98="""","""",MIN(BF98,MAX(BG98-BH98,0)))","=IF(BF98="""","""",MAX(BF98-BI98,0))","=IF(BJ98="""","""",BJ98)","=IF(OR(BK98="""",G98<=0),"""",IFERROR(-PMT(F98,G98,E98),0))","=IF(BK98="""","""",BK98*F98)","=IF(BL98="""","""",MIN(BK98,MAX(BL98-BM98,0)))","=IF(BK98="""","""",MAX(BK98-BN98,0))"
"=IF(B99="""","""",""LN""&TEXT(ROW()-1,""000""))","","=IFERROR(VLOOKUP(B99,Members!$B$2:$C$31,2,FALSE),"""")","","","=Settings!$B$10","","=IF(E99="""","""",E99)","=IF(OR(H99="""",G99<=0),"""",IFERROR(-PMT(F99,G99,E99),0))","=IF(H99="""","""",H99*F99)","=IF(I99="""","""",MIN(H99,MAX(I99-J99,0)))","=IF(H99="""","""",MAX(H99-K99,0))","=IF(L99="""","""",L99)","=IF(OR(M99="""",G99<=0),"""",IFERROR(-PMT(F99,G99,E99),0))","=IF(M99="""","""",M99*F99)","=IF(N99="""","""",MIN(M99,MAX(N99-O99,0)))","=IF(M99="""","""",MAX(M99-P99,0))","=IF(Q99="""","""",Q99)","=IF(OR(R99="""",G99<=0),"""",IFERROR(-PMT(F99,G99,E99),0))","=IF(R99="""","""",R99*F99)","=IF(S99="""","""",MIN(R99,MAX(S99-T99,0)))","=IF(R99="""","""",MAX(R99-U99,0))","=IF(V99="""","""",V99)","=IF(OR(W99="""",G99<=0),"""",IFERROR(-PMT(F99,G99,E99),0))","=IF(W99="""","""",W99*F99)","=IF(X99="""","""",MIN(W99,MAX(X99-Y99,0)))","=IF(W99="""","""",MAX(W99-Z99,0))","=IF(AA99="""","""",AA99)","=IF(OR(AB99="""",G99<=0),"""",IFERROR(-PMT(F99,G99,E99),0))","=IF(AB99="""","""",AB99*F99)","=IF(AC99="""","""",MIN(AB99,MAX(AC99-AD99,0)))","=IF(AB99="""","""",MAX(AB99-AE99,0))","=IF(AF99="""","""",AF99)","=IF(OR(AG99="""",G99<=0),"""",IFERROR(-PMT(F99,G99,E99),0))","=IF(AG99="""","""",AG99*F99)","=IF(AH99="""","""",MIN(AG99,MAX(AH99-AI99,0)))","=IF(AG99="""","""",MAX(AG99-AJ99,0))","=IF(AK99="""","""",AK99)","=IF(OR(AL99="""",G99<=0),"""",IFERROR(-PMT(F99,G99,E99),0))","=IF(AL99="""","""",AL99*F99)","=IF(AM99="""","""",MIN(AL99,MAX(AM99-AN99,0)))","=IF(AL99="""","""",MAX(AL99-AO99,0))","=IF(AP99="""","""",AP99)","=IF(OR(AQ99="""",G99<=0),"""",IFERROR(-PMT(F99,G99,E99),0))","=IF(AQ99="""","""",AQ99*F99)","=IF(AR99="""","""",MIN(AQ99,MAX(AR99-AS99,0)))","=IF(AQ99="""","""",MAX(AQ99-AT99,0))","=IF(AU99="""","""",AU99)","=IF(OR(AV99="""",G99<=0),"""",IFERROR(-PMT(F99,G99,E99),0))","=IF(AV99="""","""",AV99*F99)","=IF(AW99="""","""",MIN(AV99,MAX(AW99-AX99,0)))","=IF(AV99="""","""",MAX(AV99-AY99,0))","=IF(AZ99="""","""",AZ99)","=IF(OR(BA99="""",G99<=0),"""",IFERROR(-PMT(F99,G99,E99),0))","=IF(BA99="""","""",BA99*F99)","=IF(BB99="""","""",MIN(BA99,MAX(BB99-BC99,0)))","=IF(BA99="""","""",MAX(BA99-BD99,0))","=IF(BE99="""","""",BE99)","=IF(OR(BF99="""",G99<=0),"""",IFERROR(-PMT(F99,G99,E99),0))","=IF(BF99="""","""",BF99*F99)","=IF(BG99="""","""",MIN(BF99,MAX(BG99-BH99,0)))","=IF(BF99="""","""",MAX(BF99-BI99,0))","=IF(BJ99="""","""",BJ99)","=IF(OR(BK99="""",G99<=0),"""",IFERROR(-PMT(F99,G99,E99),0))","=IF(BK99="""","""",BK99*F99)","=IF(BL99="""","""",MIN(BK99,MAX(BL99-BM99,0)))","=IF(BK99="""","""",MAX(BK99-BN99,0))"
"=IF(B100="""","""",""LN""&TEXT(ROW()-1,""000""))","","=IFERROR(VLOOKUP(B100,Members!$B$2:$C$31,2,FALSE),"""")","","","=Settings!$B$10","","=IF(E100="""","""",E100)","=IF(OR(H100="""",G100<=0),"""",IFERROR(-PMT(F100,G100,E100),0))","=IF(H100="""","""",H100*F100)","=IF(I100="""","""",MIN(H100,MAX(I100-J100,0)))","=IF(H100="""","""",MAX(H100-K100,0))","=IF(L100="""","""",L100)","=IF(OR(M100="""",G100<=0),"""",IFERROR(-PMT(F100,G100,E100),0))","=IF(M100="""","""",M100*F100)","=IF(N100="""","""",MIN(M100,MAX(N100-O100,0)))","=IF(M100="""","""",MAX(M100-P100,0))","=IF(Q100="""","""",Q100)","=IF(OR(R100="""",G100<=0),"""",IFERROR(-PMT(F100,G100,E100),0))","=IF(R100="""","""",R100*F100)","=IF(S100="""","""",MIN(R100,MAX(S100-T100,0)))","=IF(R100="""","""",MAX(R100-U100,0))","=IF(V100="""","""",V100)","=IF(OR(W100="""",G100<=0),"""",IFERROR(-PMT(F100,G100,E100),0))","=IF(W100="""","""",W100*F100)","=IF(X100="""","""",MIN(W100,MAX(X100-Y100,0)))","=IF(W100="""","""",MAX(W100-Z100,0))","=IF(AA100="""","""",AA100)","=IF(OR(AB100="""",G100<=0),"""",IFERROR(-PMT(F100,G100,E100),0))","=IF(AB100="""","""",AB100*F100)","=IF(AC100="""","""",MIN(AB100,MAX(AC100-AD100,0)))","=IF(AB100="""","""",MAX(AB100-AE100,0))","=IF(AF100="""","""",AF100)","=IF(OR(AG100="""",G100<=0),"""",IFERROR(-PMT(F100,G100,E100),0))","=IF(AG100="""","""",AG100*F100)","=IF(AH100="""","""",MIN(AG100,MAX(AH100-AI100,0)))","=IF(AG100="""","""",MAX(AG100-AJ100,0))","=IF(AK100="""","""",AK100)","=IF(OR(AL100="""",G100<=0),"""",IFERROR(-PMT(F100,G100,E100),0))","=IF(AL100="""","""",AL100*F100)","=IF(AM100="""","""",MIN(AL100,MAX(AM100-AN100,0)))","=IF(AL100="""","""",MAX(AL100-AO100,0))","=IF(AP100="""","""",AP100)","=IF(OR(AQ100="""",G100<=0),"""",IFERROR(-PMT(F100,G100,E100),0))","=IF(AQ100="""","""",AQ100*F100)","=IF(AR100="""","""",MIN(AQ100,MAX(AR100-AS100,0)))","=IF(AQ100="""","""",MAX(AQ100-AT100,0))","=IF(AU100="""","""",AU100)","=IF(OR(AV100="""",G100<=0),"""",IFERROR(-PMT(F100,G100,E100),0))","=IF(AV100="""","""",AV100*F100)","=IF(AW100="""","""",MIN(AV100,MAX(AW100-AX100,0)))","=IF(AV100="""","""",MAX(AV100-AY100,0))","=IF(AZ100="""","""",AZ100)","=IF(OR(BA100="""",G100<=0),"""",IFERROR(-PMT(F100,G100,E100),0))","=IF(BA100="""","""",BA100*F100)","=IF(BB100="""","""",MIN(BA100,MAX(BB100-BC100,0)))","=IF(BA100="""","""",MAX(BA100-BD100,0))","=IF(BE100="""","""",BE100)","=IF(OR(BF100="""",G100<=0),"""",IFERROR(-PMT(F100,G100,E100),0))","=IF(BF100="""","""",BF100*F100)","=IF(BG100="""","""",MIN(BF100,MAX(BG100-BH100,0)))","=IF(BF100="""","""",MAX(BF100-BI100,0))","=IF(BJ100="""","""",BJ100)","=IF(OR(BK100="""",G100<=0),"""",IFERROR(-PMT(F100,G100,E100),0))","=IF(BK100="""","""",BK100*F100)","=IF(BL100="""","""",MIN(BK100,MAX(BL100-BM100,0)))","=IF(BK100="""","""",MAX(BK100-BN100,0))"
"=IF(B101="""","""",""LN""&TEXT(ROW()-1,""000""))","","=IFERROR(VLOOKUP(B101,Members!$B$2:$C$31,2,FALSE),"""")","","","=Settings!$B$10","","=IF(E101="""","""",E101)","=IF(OR(H101="""",G101<=0),"""",IFERROR(-PMT(F101,G101,E101),0))","=IF(H101="""","""",H101*F101)","=IF(I101="""","""",MIN(H101,MAX(I101-J101,0)))","=IF(H101="""","""",MAX(H101-K101,0))","=IF(L101="""","""",L101)","=IF(OR(M101="""",G101<=0),"""",IFERROR(-PMT(F101,G101,E101),0))","=IF(M101="""","""",M101*F101)","=IF(N101="""","""",MIN(M101,MAX(N101-O101,0)))","=IF(M101="""","""",MAX(M101-P101,0))","=IF(Q101="""","""",Q101)","=IF(OR(R101="""",G101<=0),"""",IFERROR(-PMT(F101,G101,E101),0))","=IF(R101="""","""",R101*F101)","=IF(S101="""","""",MIN(R101,MAX(S101-T101,0)))","=IF(R101="""","""",MAX(R101-U101,0))","=IF(V101="""","""",V101)","=IF(OR(W101="""",G101<=0),"""",IFERROR(-PMT(F101,G101,E101),0))","=IF(W101="""","""",W101*F101)","=IF(X101="""","""",MIN(W101,MAX(X101-Y101,0)))","=IF(W101="""","""",MAX(W101-Z101,0))","=IF(AA101="""","""",AA101)","=IF(OR(AB101="""",G101<=0),"""",IFERROR(-PMT(F101,G101,E101),0))","=IF(AB101="""","""",AB101*F101)","=IF(AC101="""","""",MIN(AB101,MAX(AC101-AD101,0)))","=IF(AB101="""","""",MAX(AB101-AE101,0))","=IF(AF101="""","""",AF101)","=IF(OR(AG101="""",G101<=0),"""",IFERROR(-PMT(F101,G101,E101),0))","=IF(AG101="""","""",AG101*F101)","=IF(AH101="""","""",MIN(AG101,MAX(AH101-AI101,0)))","=IF(AG101="""","""",MAX(AG101-AJ101,0))","=IF(AK101="""","""",AK101)","=IF(OR(AL101="""",G101<=0),"""",IFERROR(-PMT(F101,G101,E101),0))","=IF(AL101="""","""",AL101*F101)","=IF(AM101="""","""",MIN(AL101,MAX(AM101-AN101,0)))","=IF(AL101="""","""",MAX(AL101-AO101,0))","=IF(AP101="""","""",AP101)","=IF(OR(AQ101="""",G101<=0),"""",IFERROR(-PMT(F101,G101,E101),0))","=IF(AQ101="""","""",AQ101*F101)","=IF(AR101="""","""",MIN(AQ101,MAX(AR101-AS101,0)))","=IF(AQ101="""","""",MAX(AQ101-AT101,0))","=IF(AU101="""","""",AU101)","=IF(OR(AV101="""",G101<=0),"""",IFERROR(-PMT(F101,G101,E101),0))","=IF(AV101="""","""",AV101*F101)","=IF(AW101="""","""",MIN(AV101,MAX(AW101-AX101,0)))","=IF(AV101="""","""",MAX(AV101-AY101,0))","=IF(AZ101="""","""",AZ101)","=IF(OR(BA101="""",G101<=0),"""",IFERROR(-PMT(F101,G101,E101),0))","=IF(BA101="""","""",BA101*F101)","=IF(BB101="""","""",MIN(BA101,MAX(BB101-BC101,0)))","=IF(BA101="""","""",MAX(BA101-BD101,0))","=IF(BE101="""","""",BE101)","=IF(OR(BF101="""",G101<=0),"""",IFERROR(-PMT(F101,G101,E101),0))","=IF(BF101="""","""",BF101*F101)","=IF(BG101="""","""",MIN(BF101,MAX(BG101-BH101,0)))","=IF(BF101="""","""",MAX(BF101-BI101,0))","=IF(BJ101="""","""",BJ101)","=IF(OR(BK101="""",G101<=0),"""",IFERROR(-PMT(F101,G101,E101),0))","=IF(BK101="""","""",BK101*F101)","=IF(BL101="""","""",MIN(BK101,MAX(BL101-BM101,0)))","=IF(BK101="""","""",MAX(BK101-BN101,0))"
"","","","","","","","","","","","","","","","","","","","","","","","","","","","","","","","","","","","","","","","","","","","","","","","","","","","","","","","","","","","","","","","","","",""
"","","","","","","","","","","","","","","","","","","","","","","","","","","","","","","","","","","","","","","","","","","","","","","","","","","","","","","","","","","","","","","","","","",""
"Reducing Balance Formula:","","","","","","","","","","","","","","","","","","","","","","","","","","","","","","","","","","","","","","","","","","","","","","","","","","","","","","","","","","","","","","","","","",""
"हर महीने ब्याज = उस महीने की Opening Outstanding × 0.90%. EMI में पहले ब्याज जाता है और बाकी Principal घटाता है। इसलिए अगले महीने Opening Balance कम होगी और ब्याज भी कम होगा।","","","","","","","","","","","","","","","","","","","","","","","","","","","","","","","","","","","","","","","","","","","","","","","","","","","","","","","","","","","","","","","","","",""
"","","","","","","","","","","","","","","","","","","","","","","","","","","","","","","","","","","","","","","","","","","","","","","","","","","","","","","","","","","","","","","","","","",""
